// File: 'Poppins-SemiBold.ttf' (157312 bytes)
// Exported using binary_to_compressed_c.cpp
static const unsigned int pandoraPoppinsSemiBold_compressed_size = 93986;
static const unsigned int pandoraPoppinsSemiBold_compressed_data[93988/4] =
{
    0x0000bc57, 0x00000000, 0x80660200, 0x00000400, 0x0001002f, 0x000e0000, 0x00030080, 0x49534460, 0x240d8247, 0x66020001, 0x2c078278, 0x45444708, 
    0x09160946, 0x29020019, 0x280f8270, 0x4f504740, 0x36f31253, 0x080f827d, 0x0000b04c, 0x53470415, 0xcce94255, 0x02006a0e, 0x0000b43e, 0x534fc227, 
    0xbada322f, 0x0000027a, 0x00006801, 0x6d636000, 0xe8927061, 0x0000ba9c, 0x00005812, 0x6c67f804, 0x49726679, 0x00005557, 0x01009c1f, 0x656870e1, 
    0x841a6461, 0x2b826e24, 0x0382ec20, 0x82683621, 0x300c2210, 0x212f8205, 0x0f822401, 0x6d682428, 0x0ba17874, 0x4f8246f0, 0x0000c83c, 0x6f6c8e10, 
    0xe5a46163, 0x00002628, 0x00005017, 0x616d4a08, 0xa6047078, 0x1f822501, 0x2f824820, 0x6e202008, 0xfe656d61, 0x005cdf81, 0x000c0102, 0x70b60500, 
    0xbd74736f, 0x009ac22e, 0x00c40602, 0x84aa2200, 0x01042eeb, 0x80ce6506, 0x3c0f5fd7, 0x030300f5, 0x243782e8, 0xa9a4d800, 0x2b0783c5, 0xcd3616db, 
    0xaffde1fd, 0x4304ce09, 0x07230f82, 0x85000200, 0x00013000, 0xfe1a0400, 0x096400a2, 0xf9e1fdbc, 0x84ce0938, 0x841b8549, 0x23042105, 0x042b1183, 
    0x00900024, 0x0074000c, 0x82010006, 0x821e203b, 0x00002207, 0x20208264, 0x2a0d8203, 0x02620304, 0x00050058, 0x828a0200, 0x00002207, 0x2507854b, 
    0x32005e01, 0x23824c01, 0x83070021, 0x20038404, 0x820a8980, 0x5449290f, 0xc0004f46, 0x02fb0000, 0x04278385, 0x2073026f, 0x82930000, 0x0200241a, 
    0x82bd022a, 0x00202407, 0x82f40104, 0x20028307, 0x820482ee, 0x43032b03, 0x73044100, 0x43024100, 0x0384e5ff, 0xebff3928, 0xebff5903, 0x07821004, 
    0x0382f620, 0x03828820, 0xebff9124, 0x03858c02, 0x82780421, 0x8303822f, 0x4603210f, 0x01230b85, 0x86ebff35, 0x00252403, 0x8239fe00, 0x82922003, 
    0x82a62003, 0x218f8203, 0x078241fe, 0x2b200383, 0x21240782, 0x61ff3601, 0x53202b82, 0x7d260b82, 0xbaff3701, 0x5f82d003, 0x0382b620, 0x5f821520, 
    0x0382bf20, 0x0382ae20, 0x0f82ea20, 0x03215382, 0x20078254, 0x8203825e, 0x82022093, 0xa1022187, 0x0b831b82, 0x13828a20, 0x2f857020, 0x000f0325, 
    0x82630240, 0x00d4240b, 0x822a0346, 0x829c2007, 0x82d9201b, 0x82b12007, 0x003f2407, 0x8236033f, 0x82ed200b, 0x215f8203, 0x07828e03, 0x17829e20, 
    0x4b004824, 0x5786a802, 0x07824a20, 0x0382cf20, 0x2b824620, 0x07823d20, 0x14208f87, 0x7f820b82, 0x6f870220, 0x43825383, 0x82cb0221, 0x82a02043, 
    0x82092003, 0x824f83f3, 0x820120af, 0x820320b7, 0x240221af, 0x34201782, 0x19200382, 0xaf8e0382, 0x82410221, 0x8283202f, 0x82da2003, 0x826220af, 
    0x00ac2407, 0x82000246, 0x82662007, 0x82ca202b, 0x828d2007, 0x00112407, 0x820a023f, 0x85b4200b, 0x21f383af, 0x0b827401, 0x4b002324, 0x07828101, 
    0x03820420, 0x0221af86, 0x202b8224, 0x8a0f821d, 0x827f848f, 0x00002f4b, 0x000016ff, 0x06017dfe, 0x4d023400, 0x0f824000, 0x0f822820, 0x86027a3c, 
    0x6a013500, 0x3e022400, 0x57022c00, 0x95022d00, 0x84022f00, 0x80024f00, 0x4f824500, 0x8302232e, 0x72023a00, 0x2a044100, 0xe2014800, 0x40280382, 
    0x3a029700, 0x8f049700, 0x63221f82, 0x47822a00, 0x0382e920, 0x8b028024, 0x07823200, 0x4b012e28, 0x0000ebff, 0xc341f4fd, 0x41142008, 0x6b4116c3, 
    0x82882007, 0x41a3201f, 0x6e200ac3, 0xc0240b82, 0x0f03ebff, 0x25051341, 0x4600d402, 0xc3415203, 0x41b0200a, 0xbf410dc3, 0x021d210a, 0x85205383, 
    0x21090f41, 0x47421204, 0x06b74106, 0x41230421, 0x01200d1b, 0x8a1fab41, 0x41022597, 0xa101ebff, 0x8329ab41, 0x74012197, 0x01226f82, 0xa7411d00, 
    0x0d03210f, 0x21092f42, 0xe7422402, 0x9f062305, 0x0384ebff, 0xebff7724, 0x0b824505, 0x07821f20, 0x07855420, 0x82420421, 0xff7b240b, 0x822907eb, 
    0x82922007, 0x82df2013, 0x82d42007, 0x82302003, 0x82fc2003, 0x209b8203, 0x21038205, 0x1b828b06, 0x8c200383, 0x7e201382, 0x67820b82, 0x82040621, 
    0x82b3200b, 0x825c200b, 0x826c2007, 0x20278343, 0x2c0b8206, 0x073f005c, 0x053f0021, 0x043f0004, 0x820782b8, 0x56072147, 0x14201f82, 0x8d200382, 
    0x63240382, 0xbc09ebff, 0x53203782, 0x17822b82, 0x03830520, 0x0b82d920, 0x0386ea20, 0x07828f20, 0x3d200383, 0x03830782, 0x0782d520, 0xda240383, 
    0xf504ebff, 0x95200382, 0x49209f86, 0x40200b82, 0xab200382, 0x7f204b82, 0x38200382, 0x0b201782, 0xd2200782, 0x67821382, 0x82180521, 0x82cb200b, 
    0x821d2013, 0x85ca200f, 0x6b052103, 0x7a200782, 0x11201382, 0xc1200782, 0x57820382, 0x82940421, 0x21938207, 0x0782f104, 0xaf820383, 0x82030521, 
    0x82c0200b, 0x86482027, 0x82fb2003, 0x868b2007, 0x82572003, 0x825220c3, 0x82fe205b, 0x8281200f, 0x82252003, 0x82af202b, 0x824a2003, 0x82e92003, 
    0x828c2003, 0x82592013, 0x82d42007, 0x82662007, 0x851c2003, 0xc7042103, 0x4c200782, 0x67200382, 0x0c200382, 0x05216b85, 0x200b824d, 0x24038274, 
    0x02ebff5f, 0x200382a2, 0x200b82a4, 0x2007820a, 0x20038292, 0x200b829f, 0x20078214, 0x2003829d, 0x24038246, 0x04f2ff51, 0x820782ac, 0x212b837b, 
    0x23451605, 0x85ad2006, 0x8204206b, 0xbe042157, 0x9a203382, 0x5e200382, 0x21050b41, 0x0782cf04, 0xaf825020, 0x07853320, 0x82ec0621, 0x82d8202b, 
    0x8547200b, 0x83022003, 0xff9424ef, 0x825104e1, 0x82972017, 0x82a12003, 0x826920d7, 0x82ff8307, 0x5b062103, 0x3f202782, 0xb8200f82, 0x21056341, 
    0x0b826b04, 0xa3859020, 0x82200421, 0x82d1200b, 0x82cc2017, 0x82882003, 0x82362003, 0x001f2417, 0x82e30440, 0x008f2403, 0x82960240, 0x2103829f, 
    0x07829103, 0xe5ff3222, 0x05210783, 0x820b8275, 0x8202205f, 0x89052403, 0x8203ebff, 0xc402259b, 0x6002f8ff, 0xee2c4b82, 0xb9064600, 0x06054600, 
    0xae044600, 0x4f200382, 0xcf200b82, 0xfb20bb82, 0x2105e341, 0x07824205, 0x03827f20, 0x03822920, 0x6f82bd20, 0x9b208b83, 0xd0200782, 0x21054f41, 
    0x0b82df06, 0x1b828b20, 0x0421b382, 0x8307825a, 0x82d320d3, 0x82a72013, 0x2007830b, 0x2027822b, 0x200f822f, 0x200f82f7, 0x2103858e, 0x1382ca05, 
    0x30200383, 0xf6201782, 0xb0200382, 0x4c240f82, 0x1307ebff, 0xf2201f82, 0x98200382, 0x3d200f82, 0x07821782, 0x82100921, 0x82f52007, 0x82392013, 
    0x209383b7, 0x200b8216, 0x201f821f, 0x200782cc, 0x8203829e, 0x82052033, 0x820420cf, 0x610421ef, 0x2b830f82, 0x53410920, 0x82232006, 0x2103823b, 
    0x2f826805, 0x03859d20, 0x42060621, 0x06210527, 0x821b8295, 0xbe052103, 0x5e200782, 0x67830382, 0x04211b82, 0x203b82de, 0x200f82e3, 0x202782a5, 
    0x20d78637, 0x20078204, 0x200f825c, 0x200782f4, 0x20e386cf, 0x200782d9, 0x200382ee, 0x8217827b, 0x0a07218f, 0x3f200b82, 0x17830382, 0x05252382, 
    0x043f0041, 0x210385f3, 0x0782a005, 0x0382ad20, 0x1f82bd20, 0x2f826d20, 0x07823320, 0x0386a820, 0x06211382, 0x200b8297, 0x201782bc, 0x050f4144, 
    0x825a0521, 0x43b22007, 0x04200503, 0x0520f382, 0xab201f83, 0x4f200f82, 0x43200382, 0x41202b82, 0xe7200382, 0xb5240382, 0xc903ebff, 0x1c200382, 
    0x65242f82, 0x4808ebff, 0x3c200782, 0x2b832382, 0x0782dc20, 0x1b820383, 0x822c0521, 0x82ae202b, 0x8209200f, 0x824e2003, 0xff962403, 0x826907eb, 
    0x20cf8313, 0x200f82f3, 0x2037820e, 0x205b854c, 0x82bb8305, 0x790521c3, 0x0c201382, 0x1b825382, 0x82310521, 0x8210202f, 0x82c3201f, 0x82a22033, 
    0x82b92003, 0x82732003, 0x8219200f, 0x82282007, 0x8299207f, 0x00ea230b, 0x0382054b, 0x00390329, 0x0071051d, 0x82ac044b, 0x82de2003, 0x82232013, 
    0x8258200f, 0x820a2007, 0x00a72203, 0x201f844b, 0x200b825c, 0x82338250, 0x03042103, 0x86206782, 0x2006fb42, 0x20078204, 0x200f821e, 0x21078591, 
    0x0b82d504, 0x0b827020, 0x0420b782, 0x05210382, 0x200b8245, 0x201382b2, 0x20078275, 0x20038267, 0x20038216, 0x83478214, 0x210382af, 0x0b827407, 
    0x05211f82, 0x2017825f, 0x20038292, 0x202b82c9, 0x21fb8576, 0xaf422b06, 0x6b042109, 0x34200b82, 0x9f201782, 0x05210385, 0x200782ed, 0x821382b7, 
    0x0e07215f, 0x83062344, 0x251f8283, 0xebff3705, 0x3b41b302, 0x82172006, 0x827d20eb, 0x82c1200f, 0x828e2003, 0x2b078213, 0xe1fd3501, 0x2aff0000, 
    0x33000000, 0xa6200782, 0x02270383, 0x01e5ff43, 0x8925ff35, 0xe1fd2103, 0x2b852783, 0x002bfe23, 0x20038800, 0x840b8221, 0x202b8203, 0x20038a61, 
    0x840b8253, 0x201f8203, 0x220b8284, 0x823a03ba, 0x47fa2073, 0x0221050b, 0x2007824a, 0x248b8253, 0x021d0048, 0x089749a1, 0xd1079f49, 0x00623007, 
    0x006c015b, 0x00770325, 0x008e021a, 0x823d0335, 0x000a2a0b, 0x00c30023, 0x00e50125, 0x3803826b, 0x00060212, 0x00a20244, 0x00fe0052, 0x0047020f, 
    0x00040147, 0x00e6012c, 0x278f4825, 0x82070121, 0x0044382f, 0x00480229, 0x00e2024f, 0x00370260, 0x001a0259, 0x001b0422, 0x82cc0247, 0x00832c77, 
    0x00000345, 0x00cd0223, 0x82140245, 0x89122003, 0x1601210f, 0x3a280f82, 0x97022400, 0xcb014500, 0x2b821782, 0x82df0221, 0x82112007, 0x8260202f, 
    0x82132007, 0x82812007, 0x61300823, 0x41023300, 0xb9022000, 0xc7024300, 0x00040e00, 0xae021600, 0x7c022600, 0x40020b00, 0xf1013200, 0xf4028700, 
    0xf001ad00, 0xa8026e00, 0x16032100, 0x0f26db82, 0xa6020a00, 0x03822100, 0x5a024522, 0x21280784, 0x21006902, 0x15005901, 0x95201784, 0x16267382, 
    0x16013600, 0xbb82e3ff, 0x16014526, 0x18044500, 0x17826b82, 0x007e0223, 0x20378422, 0x202f82a6, 0x08138294, 0x27002126, 0x19008401, 0x40009502, 
    0x0a005702, 0x07004c03, 0x08001c02, 0x05005d02, 0x2600e301, 0x6e00fc01, 0x54003501, 0x512c0782, 0x20005002, 0x0000ee00, 0x5b006201, 0x3729d782, 
    0x27008e02, 0x3c003102, 0x29ab8202, 0x69005e01, 0x24004602, 0x43825201, 0x00112c08, 0x00ce012a, 0x0009021c, 0x00a9022d, 0x00470229, 0x00040247, 
    0x0092012d, 0x00bc010a, 0x00a4021b, 0x00680153, 0x0065011e, 0x84fa0011, 0x024b32cb, 0x0120009a, 0x0133000e, 0x000a0027, 0x011400e4, 0x2a3f84c2, 
    0x00da0232, 0x00f50225, 0x822b0325, 0x001a2647, 0x00cc022b, 0x2903931a, 0x0900a903, 0x23000003, 0x8b411402, 0x23078606, 0x12001601, 0xff270385, 
    0xff1601f7, 0x82d602ec, 0x068741df, 0x00110323, 0x23038b23, 0x62009e02, 0x18240f82, 0x4300b902, 0xdf82038c, 0x82600221, 0x00d72457, 0x41a60234, 
    0x078e066f, 0x82350421, 0x825a2017, 0x8d692003, 0x22012303, 0x03851800, 0x01fdff27, 0x02f2ff22, 0x411f827e, 0x7e220787, 0x0f822200, 0x882a0389, 
    0x7a024900, 0x95021500, 0x038c4000, 0x05005d22, 0x45217782, 0x83078302, 0x8e7b83ff, 0x82fb8407, 0x25078f7f, 0x4500cd02, 0x73822603, 0xac20f783, 
    0x14200782, 0xa383c782, 0x4784079e, 0x2100a622, 0x01230788, 0x82022300, 0x1601230f, 0xc782d7ff, 0x0782de20, 0x0782cd20, 0x0782d320, 0x0782ec20, 
    0x0782f220, 0x0385f820, 0x82450021, 0x024b22ef, 0x206782a1, 0x05fb4248, 0x00160125, 0x82cc0112, 0x8216200b, 0x82eb2003, 0x86c12003, 0x82592017, 
    0x00cf2207, 0x222f8209, 0x42df0209, 0x1f82069f, 0x4520fb82, 0x03210f87, 0x22778211, 0x8f22007e, 0x30042507, 0x1c042300, 0x8120cf82, 0x94204382, 
    0x89203b82, 0x0f870786, 0x33006127, 0x27002102, 0x27078f02, 0x01200041, 0x02190084, 0x87200783, 0xb9220782, 0x6f824300, 0xa6024021, 0x00042f07, 
    0x4c031600, 0x7c020700, 0x5d020b00, 0xa7430500, 0x00e32708, 0x00400226, 0x078a0132, 0x000d032d, 0xff4e0136, 0x00a903c5, 0x82380409, 0x867020ab, 
    0x2a838793, 0x01210069, 0x01280013, 0x840a003d, 0x82922003, 0x00532407, 0x8299000a, 0x00f93203, 0x00fb0008, 0x007d010c, 0x00910108, 0x00c2020a, 
    0x8f7b871a, 0x41022007, 0x938b07cb, 0xbe269b83, 0x9f034f00, 0x63824f00, 0x03821f20, 0x4f822820, 0xdd010e24, 0x03821f00, 0xc6012828, 0x69020f00, 
    0x03823100, 0xe0013230, 0xb7026400, 0x5c042c00, 0x3c012400, 0x03822d00, 0x4302322a, 0x1f032000, 0x4a031700, 0x8d26e782, 0x16011600, 0xf7824500, 
    0x03193c08, 0x02250012, 0x022700f1, 0x02240057, 0x021400ca, 0x011a00e8, 0x022800fa, 0x01470036, 0x012500e6, 0x0333000e, 0x0215006c, 0x011c00e1, 
    0x02d2ff18, 0x02200050, 0x026000d1, 0x84450017, 0x00312403, 0x8270021a, 0x006f3a1f, 0x00470115, 0x00e10058, 0x00f5001e, 0x0024012f, 0x000a0144, 
    0x001a0234, 0x21178322, 0x0b840001, 0x88022b28, 0xc9004900, 0x03872200, 0x82720121, 0x2703821f, 0x3200b402, 0x21006702, 0xab2003a4, 0x53202782, 
    0x63202f82, 0x5225ef82, 0x24003100, 0x20008300, 0x82048203, 0x14022303, 0x09820100, 0x1c000024, 0x09830300, 0x06220f82, 0x1182f801, 0xf7000922, 
    0x08821182, 0x03200282, 0x02a10382, 0x0203cc09, 0x02950294, 0x02970296, 0x02990298, 0x029b029a, 0x029d029c, 0x029f029e, 0x02a102a0, 0x02a302a2, 
    0x02a502a4, 0x02a702a6, 0x02a902a8, 0x02ab02aa, 0x02ad02ac, 0x02af02ae, 0x02b102b0, 0x02b302b2, 0x02b502b4, 0x02b702b6, 0x02b902b8, 0x02bb02ba, 
    0x02bd02bc, 0x02bf02be, 0x02c102c0, 0x02c302c2, 0x02c502c4, 0x02c702c6, 0x02c902c8, 0x02cb02ca, 0x02cd02cc, 0x02cf02ce, 0x02d102d0, 0x02d302d2, 
    0x02d502d4, 0x02d702d6, 0x02d902d8, 0x02db02da, 0x02dd02dc, 0x02df02de, 0x02e102e0, 0x02e302e2, 0x02e502e4, 0x02e702e6, 0x02e902e8, 0x02eb02ea, 
    0x02ed02ec, 0x02ef02ee, 0x00f102f0, 0x03160300, 0x03190317, 0x0323031b, 0x032e0328, 0x03320333, 0x03360334, 0x03370335, 0x033b0339, 0x033c033a, 
    0x033f033d, 0x0340033e, 0x03430341, 0x03440345, 0x03480346, 0x034c0347, 0x034d034b, 0x03e5034e, 0x02f40202, 0x03f902f5, 0x030803e7, 0x02000331, 
    0x03f103fb, 0x03fa0206, 0x031803ff, 0x03fc032a, 0x04000403, 0x03f70201, 0x03f40307, 0x03f603f7, 0x02fd03d0, 0x000c03fc, 0x03380300, 0x0211034a, 
    0x03fe02f3, 0x03be03fb, 0x02f503fe, 0x030d03fd, 0x03f202e8, 0x03150312, 0x03940327, 0x03dd0395, 0x03e203de, 0x03df03e3, 0x044903e0, 0x03510302, 
    0x03ec03b6, 0x03ea03ed, 0x040304eb, 0x03e60304, 0x03e10309, 0x03e903e4, 0x031c0314, 0x031d0313, 0x031f031a, 0x03210320, 0x0325031e, 0x03000026, 
    0x032c0324, 0x032b032d, 0x03c7037b, 0x030103ce, 0x03cb03ca, 0x030a03cc, 0x03cd03cf, 0x020400c8, 0x000000e4, 0x00800096, 0x82160006, 0x0d920809, 
    0x7e002000, 0x1b010701, 0x31012301, 0x48013701, 0x65015b01, 0x8f017e01, 0xfd019201, 0x59021b02, 0xc702bc02, 0xdd02c902, 0x0309c003, 0x11090d09, 
    0x28091409, 0x39093309, 0x45093d09, 0x4d094909, 0x5e095009, 0x70096509, 0x851e7209, 0xf31ebd1e, 0x0d20f91e, 0x1a201420, 0x22201e20, 0x30202620, 
    0x44203a20, 0xac20a820, 0xbd20ba20, 0x22211321, 0x2e212621, 0x06220222, 0x12220f22, 0x1a221522, 0x2b221e22, 0x60224822, 0xca256522, 0x02fbcc25, 
    0x9582ffff, 0x0d000022, 0x21329782, 0x0a01a000, 0x28011e01, 0x39013601, 0x5e014c01, 0x97846801, 0x1802fc22, 0xc6209784, 0xd8209782, 0x01349782, 
    0x0f090509, 0x15091309, 0x35092a09, 0x3e093c09, 0x4b094709, 0x58249782, 0x66096009, 0x80309782, 0xf21ebc1e, 0x0c20f81e, 0x18201320, 0x20201c20, 
    0x39209784, 0xb9209786, 0x11209790, 0x19209782, 0x64209788, 0x01209784, 0x22089782, 0xfff5ff01, 0x027302e3, 0x02500252, 0x024a024e, 0x02450246, 
    0x02400242, 0x022e023e, 0x01c3012c, 0x826c01a9, 0x010126af, 0x00f20000, 0x28c58410, 0xf7fdf600, 0xf700000f, 0x250d850b, 0x39f70000, 0x0b83f0f6, 
    0xa1f64508, 0x1be551e5, 0xe3e4e7e4, 0xcae383e0, 0xc6e3c7e3, 0xc2e3c5e3, 0xb1e3b9e3, 0xe5dfa8e3, 0x000041e3, 0xdde232e3, 0xcce2cfe2, 0xf2e1c5e2, 
    0xe7e1efe1, 0xe4e1e6e1, 0xdee1e1e1, 0xb6e1d2e1, 0x9ce19fe1, 0xc5da38de, 0x6c824982, 0x02a90582, 0x6c006824, 0x2e847c00, 0x8c260583, 0x9c008e00, 
    0x0f84a000, 0xaa00a022, 0x049b0784, 0x1c9b9e20, 0x59831b88, 0x007a3208, 0x007b0079, 0x00050004, 0x00070006, 0x00090008, 0x000c000a, 0x000e0012, 
    0x0014000f, 0x00390038, 0x003b003a, 0x003d003c, 0x004f003e, 0x0045003f, 0x0897827e, 0x16001544, 0x18001700, 0x1a001900, 0x22001b00, 0x1f001e00, 
    0x20002300, 0x7d002100, 0x0d000b00, 0x1d001c00, 0x8c008b00, 0x80007f00, 0x82008100, 0x84008300, 0x86008500, 0x88008700, 0x8e008a00, 0x0304ee03, 
    0x87820404, 0x85002621, 0x70da0d01, 0xfe00c000, 0x86015001, 0x1e02d201, 0xd6027a02, 0x76034403, 0x1404b603, 0x8c048004, 0xa4049804, 0xe004b604, 
    0x26050405, 0x6e054e05, 0xf205a005, 0x6e065606, 0xb4069406, 0xfa06e206, 0x5e070607, 0xd607b007, 0x5c081208, 0xda088e08, 0x4c090609, 0xb2098409, 
    0x200ae609, 0x8a0a600a, 0xf80ab20a, 0x6e0b280b, 0xca0ba60b, 0x4e0c0e0c, 0xca0c940c, 0x280dfc0c, 0xb00d780d, 0x1c0ef20d, 0x980e520e, 0x3e0fee0e, 
    0x7e0f720f, 0x960f8a0f, 0xae0fa20f, 0xc60fba0f, 0x1c10d20f, 0x8a106810, 0xca10be10, 0x3e11f810, 0xa4116611, 0xe411d811, 0xfc11f011, 0x2c120812, 
    0x8a124e12, 0xd6129612, 0x2a130a13, 0x9e136013, 0x0c14dc13, 0x48143c14, 0xbe148a14, 0x2015f814, 0x5c155015, 0xfa15b215, 0x36162a16, 0x4e164216, 
    0x66165a16, 0xa4167c16, 0xf816ca16, 0x1c170617, 0x2c172417, 0x3c173417, 0x4c174417, 0x5c175417, 0x6c176417, 0x1c18f417, 0x3e182a18, 0xd2189e18, 
    0xfe18e018, 0xe019c419, 0x121a001a, 0xc21a6c1a, 0x2a1bee1a, 0xb21b7e1b, 0x341c061c, 0xbe1c801c, 0x2e1df41c, 0xb61d701d, 0x101ee41d, 0x8c1e5a1e, 
    0x121fd41e, 0x841f3a1f, 0x1220c81f, 0x84204e20, 0xca209020, 0x40211021, 0xc6217c21, 0x8a222222, 0x2c23f022, 0xc4236c23, 0x60241024, 0xc2248a24, 
    0x0025ce24, 0x78254c25, 0xf825be25, 0x10260426, 0x28261c26, 0x7c265426, 0xca26be26, 0x4e271027, 0xac277227, 0x3228ee27, 0xa0286c28, 0xe628ac28, 
    0x4c292029, 0x90298429, 0x462aec29, 0xe02aa62a, 0x642b1c2b, 0xa82cf82b, 0x942d342d, 0x642efc2d, 0x122fc82e, 0x0830842f, 0xf8306e30, 0xdc317231, 
    0xae324e32, 0x92331233, 0x3e349e33, 0x3e35ca34, 0x2e36c235, 0x2e37ba36, 0x3838be37, 0x3a39ac38, 0x223aaa39, 0x223b943a, 0x443cba3b, 0x8c3dce3c, 
    0x7e3e1a3e, 0xfc3e8a3e, 0x7c3f703f, 0xf83fec3f, 0x76406a40, 0x0041f440, 0xc0418441, 0x50421042, 0xd4428e42, 0xb4433443, 0x86443844, 0x4445ee44, 
    0x1a469c45, 0xaa466446, 0x5c47f846, 0xf647aa47, 0xb4485448, 0x5a491249, 0x4c4ac449, 0xf24aa04a, 0xaa4b404b, 0x8c4c1e4c, 0xde4cce4c, 0x844d264d, 
    0x484eea4d, 0xe24e9e4e, 0x724f344f, 0x0650ba4f, 0xac506050, 0x0051f450, 0xb8515051, 0x8a522252, 0x4c53dc52, 0x06549a53, 0x98544a54, 0x3a55f054, 
    0xe8558c55, 0x92563856, 0x5657f456, 0x1858ae57, 0xdc587e58, 0x6c592259, 0x145abe59, 0xa45a565a, 0x3e5bee5a, 0x265ca85b, 0x185d925c, 0xf25d865d, 
    0x8c5e625e, 0x285fda5e, 0xc85f805f, 0x62602a60, 0x12619e60, 0xb2616a61, 0x5c621662, 0x0863a662, 0xa6635463, 0x8c641e64, 0x6c650465, 0x3466cc65, 
    0xc0667866, 0x68672667, 0x2868c667, 0xce687a68, 0x2469da68, 0xb0696869, 0xa06a1c6a, 0x726b0c6b, 0x586cdc6b, 0x3e6dee6c, 0x086eb66d, 0xb26e686e, 
    0x6a6f1c6f, 0x4470de6f, 0x5871ca70, 0x0272ac71, 0xe4726e72, 0xf4737a73, 0xe6748e74, 0xa2755875, 0x5a76f075, 0x3677c876, 0x5478be77, 0x2279ae78, 
    0xd2797679, 0xb07a347a, 0xce7b527b, 0x767c387c, 0xf67cbc7c, 0x9a7d527d, 0x2e7ed47d, 0xbe7e787e, 0x687f1e7f, 0x0c80b47f, 0x72801c80, 0xd480c880, 
    0x86813881, 0x0482f481, 0xd4825c82, 0xac833c83, 0x0e840284, 0xec847e84, 0x9a853e85, 0xae861286, 0x7e871287, 0x6088ee87, 0x3689bc88, 0x248ac089, 
    0xf08a908a, 0xc08b5e8b, 0xaa8c248c, 0x628d188d, 0x108eb68d, 0xa48e588e, 0x8a8f088f, 0x5690f28f, 0x4491de90, 0x3092d891, 0xf6928292, 0xbe935493, 
    0x80941894, 0x2a95d694, 0xb8956295, 0xd8963e96, 0xae975a97, 0x16980a98, 0xd8987498, 0xb4994299, 0x7e9a0e9a, 0x6a9b0a9b, 0x229ccc9b, 0x069d969c, 
    0xde9d769d, 0xbc9e3c9e, 0xb49f4a9f, 0xaca046a0, 0x7ca120a1, 0x46a2d2a1, 0x02a3a2a2, 0x98a38ca3, 0x00a4f4a3, 0xbaa460a4, 0x84a51ca5, 0x6aa6e8a5, 
    0xd2a6c6a6, 0xb2a740a7, 0x64a8f6a7, 0x12a9b0a8, 0xd0a95ca9, 0x64aa22aa, 0x02abc6aa, 0xa0ab42ab, 0x5aacf0ab, 0xf2aca4ac, 0xb0ad36ad, 0xc4ae2cae, 
    0x88af3aaf, 0x28b0daaf, 0xe2b096b0, 0xbab154b1, 0x92b23eb2, 0x3ab3f0b2, 0xf0b388b3, 0xaeb454b4, 0x76b524b5, 0x46b6eab5, 0xfcb6a0b6, 0xd4b768b7, 
    0xaeb834b8, 0x84b912b9, 0xdab9aab9, 0x00bae4b9, 0x90ba2eba, 0xd2ba9cba, 0x26bb1abb, 0xa4bb5cbb, 0xdcbbb0bb, 0x22bc16bc, 0xa8bc5ebc, 0x0ebdd8bc, 
    0x8ebd50bd, 0x24bed2bd, 0x38be2cbe, 0xb6be7cbe, 0x66bf0cbf, 0xf2bfa0bf, 0x74c04ac0, 0xc0c09ac0, 0x0ac1e6c0, 0x58c130c1, 0xaac180c1, 0x00c2d4c1, 
    0x58c22cc2, 0xb4c286c2, 0x10c3e2c2, 0x70c340c3, 0xcec3a0c3, 0x2ec4fec3, 0x7cc45ec4, 0xc0c490c4, 0x52c50cc5, 0xacc59ec5, 0xe8c5cac5, 0x20c60ac6, 
    0x36c62ec6, 0x5cc64cc6, 0x98c688c6, 0xfcc6c0c6, 0x4ac718c7, 0x9ac786c7, 0x1ec8e4c7, 0x36c82ac8, 0x5ac846c8, 0xa0c86ac8, 0x20c906c9, 0x86c958c9, 
    0xc0c9aac9, 0x08cad4c9, 0x30ca22ca, 0x66ca4cca, 0x92ca76ca, 0xdacaa8ca, 0x36cbfeca, 0xa2cb60cb, 0xd6cbb4cb, 0x0acceccb, 0x3acc24cc, 0x62cc50cc, 
    0x84cc72cc, 0xa4cc96cc, 0xe8ccb2cc, 0x48cd1ecd, 0xb0cd7ecd, 0x14cececd, 0x56ce38ce, 0x94ce7cce, 0xd6cea2ce, 0x24cff8ce, 0x90cf5acf, 0xe8cfa8cf, 
    0x2ad006d0, 0x5ad03cd0, 0x8ad074d0, 0xe2d09ed0, 0x32d1eed0, 0x01825cd1, 0xd17a640a, 0xd2e2d1aa, 0xd248d220, 0xd2b4d25c, 0xd330d3da, 0xd378d35e, 
    0xd390d388, 0xd4e8d3da, 0xd428d40e, 0xd486d450, 0xd4b8d494, 0xd4ded4d4, 0xd50cd5fc, 0xd552d538, 0xd6b8d57e, 0xd640d60a, 0xd658d64c, 0xd670d664, 
    0xd688d67c, 0xd6f0d6ac, 0xd708d7fc, 0xd720d714, 0xd738d72c, 0xd750d744, 0xd788d77c, 0xd7a0d794, 0xd7b8d7ac, 0xd8ded7c4, 0xd832d826, 0xd84ad83e, 
    0xd862d856, 0xd8d6d888, 0xd8eed8e2, 0xd906d9fa, 0xd91ed912, 0xd9bad97c, 0xd9d2d9c6, 0xd9ead9de, 0xda02daf6, 0xda1ada0e, 0xda6ada5e, 0xda82da76, 
    0xda9ada8e, 0xdbd4daa6, 0xdb22db16, 0xdb3adb2e, 0xdb52db46, 0xdb94db88, 0xdbacdba0, 0xdbc4dbb8, 0xdc40dcf4, 0xdc58dc4c, 0xdc70dc64, 0xdc88dc7c, 
    0xdcdadc94, 0xdd22dde2, 0xdd3add2e, 0xdd52dd46, 0xdd6add5e, 0xdddcdd96, 0xdef4dde8, 0xde0cde00, 0xde24de18, 0xdebade66, 0xded2dec6, 0xdeeadede, 
    0xdf02dff6, 0xdf5adf26, 0xdf74df66, 0xdfc2df9c, 0xdfdadfce, 0xe016e0fa, 0xe050e034, 0xe08ee070, 0xe0c2e0a8, 0xe1dae0ce, 0xe130e100, 0xe148e13c, 
    0xe160e154, 0xe178e16c, 0xe190e184, 0xe226e2d0, 0xe23ee232, 0xe29ae274, 0xe2b2e2a6, 0xe3cae2be, 0xe372e320, 0xe38ae37e, 0xe3e4e3b0, 0xe41ee4f0, 
    0xe436e42a, 0xe44ee442, 0xe466e45a, 0xe47ee472, 0xe496e48a, 0xe502e5cc, 0xe51ae50e, 0xe532e526, 0xe54ae53e, 0xe562e556, 0xe57ae56e, 0xe5bae586, 
    0xe5f2e5e6, 0xe64ee6fe, 0xe6bee69c, 0xe71ee7ea, 0xe736e726, 0xe750e748, 0xe782e76c, 0xe7c8e7a8, 0xe800e8ec, 0xe824e818, 0xe83ce830, 0xe854e848, 
    0xe86ce860, 0xe884e878, 0xe89ce890, 0xe8b6e8a8, 0xe8d2e8c4, 0xe9ece8e0, 0xe914e900, 0xe942e928, 0xe982e966, 0xeafee992, 0xea1eea0e, 0xea6eea2e, 
    0xeaccea9c, 0xebfaead4, 0xeb62eb30, 0xebb8eb9e, 0xebeaebd0, 0xec00ecf8, 0xec20ec08, 0xec90ec6c, 0xecbeec9c, 0xedececd6, 0xed32ed02, 0xed52ed3e, 
    0xed74ed68, 0xeda2ed86, 0xede2edce, 0xee18eeec, 0xee3aee32, 0xee66ee50, 0xeeaeee8a, 0xeffaeebe, 0xef12ef06, 0xef2aef1e, 0xef42ef36, 0xefa0ef94, 
    0xf0faefac, 0xf050f024, 0x00b8f084, 0x82050000, 0x00410803, 0xbc02f401, 0x06000300, 0x0c000900, 0x00000f00, 0x21112111, 0x03172101, 0x11012737, 
    0x07271307, 0x0cfef401, 0xacfea401, 0xaaaac8aa, 0x8caa9001, 0xbc02aaaa, 0x8a0244fd, 0xffd4feff, 0x0102feff, 0x080884fe, 0x00010029, 0x03000041, 
    0x00ed0257, 0x01000035, 0x23112315, 0x15162711, 0x22230614, 0x33352626, 0x32331614, 0x26343536, 0x86352323, 0x06222808, 0x36342315, 0x83323336, 
    0x07530824, 0x33171615, 0x6f570311, 0x70037581, 0x3a69445d, 0x2d2d3879, 0x2b373834, 0x3336302b, 0x77362926, 0x5c3f6136, 0x1a353a70, 0xe402ba18, 
    0x0188fd6c, 0x1213011f, 0x5f346a58, 0x35372a3d, 0x6839292a, 0x31282432, 0x593a2630, 0x37526230, 0x05021051, 0x825a0110, 0x219384db, 0x93828d04, 
    0x93823920, 0x96b39283, 0x8d042125, 0xa2b5816f, 0x02262499, 0x8388fd78, 0x339ea603, 0xe5ff0100, 0x5e02afff, 0x2c00e402, 0x06120000, 0x33161415, 
    0x28050f41, 0x27262223, 0x33112315, 0x08364116, 0x26264f08, 0x33363435, 0x35213533, 0x15231521, 0x2b33f923, 0x76582c24, 0x4736535d, 0x04747a12, 
    0x2f2c313b, 0x473b303c, 0x5b4f6862, 0x79028efe, 0xc101b58b, 0x1d1e211c, 0x5f4a5d53, 0x0184192a, 0x2b332c00, 0x03272b21, 0x4b4e4a4a, 0xb76c6c5a, 
    0x7b860000, 0xf803cc24, 0x0c823c00, 0x23263627, 0x15150622, 0x825b8333, 0x8388a508, 0x16322d91, 0x01570207, 0x22231f23, 0x25b58b8d, 0x012f959b, 
    0x59625874, 0x39030460, 0x31322d26, 0x99b76c45, 0x5a44249f, 0x82586776, 0x28a382a2, 0x020300eb, 0x00e4024e, 0x270e8225, 0x16150706, 0x06141516, 
    0x41155242, 0x37080619, 0x2c37e901, 0x65364539, 0x3f704846, 0x3233437b, 0x373a3a3b, 0xfe373225, 0x6563027e, 0x0950ef01, 0x44650f02, 0x39376240, 
    0x41324569, 0x442f313e, 0x46313771, 0x004d6c6c, 0x03216b85, 0x206b826d, 0x416b8537, 0x27210789, 0x08844135, 0x21217d9e, 0x317d8315, 0x677e6bbd, 
    0x0b201659, 0x3b312915, 0x36125430, 0x8a8f4565, 0xfe820323, 0x2f8b847c, 0x62576362, 0x2b016205, 0x272c2d2d, 0x36603c31, 0x97849591, 0x04bdff23, 
    0x20978225, 0x270c8236, 0x35323315, 0x23113335, 0x3705a341, 0x06153732, 0x35262223, 0x35373634, 0x11232306, 0x23073523, 0x26260135, 0x5c431e83, 
    0x17560805, 0x21352135, 0x9e5c0215, 0x2f176f47, 0x192e3731, 0x5b232820, 0x263d4774, 0xdc778b34, 0x0c7e01a3, 0x54463348, 0x4a6f3c81, 0x06fe3c72, 
    0x78023a04, 0xfe2d3eba, 0x2a252fa1, 0x08670828, 0x5640525b, 0xfe115910, 0x06d1d1a8, 0x362d4b01, 0x7a4f4857, 0x6ca75043, 0x0082006c, 0xebff0126, 
    0x260416ff, 0x45209782, 0x1527978b, 0x33331614, 0x83222315, 0x889e8307, 0xa626209f, 0x502535a6, 0x3135242f, 0x31283458, 0x20421633, 0x2a367152, 
    0x364c352b, 0x3b20af95, 0x9e38af85, 0x601c1d3b, 0x0f1b203d, 0x490b0960, 0x09402d4a, 0x2f370a04, 0x5c053c39, 0xb783ba93, 0x9c03bb22, 0x4320b782, 
    0x1624b783, 0x07141516, 0x23114e41, 0x26343536, 0x15211583, 0x82088623, 0x086c41d6, 0x32333628, 0x36331716, 0x5c413736, 0xbd5f0805, 0x07104f41, 
    0x2e393739, 0x22281822, 0x3848755e, 0x35303502, 0x33346c35, 0x3c433834, 0x78150d1b, 0x3e653a83, 0x03135544, 0xfd2e3c0f, 0x02b103ab, 0x76146a78, 
    0x2f303459, 0x07272926, 0x565b0767, 0x0b0e563a, 0x4f443617, 0x3f191940, 0x41384550, 0x01710247, 0x6b4c7288, 0x2a374836, 0x41680d40, 0x03210a6f, 
    0x20b782a3, 0x41b78a53, 0x36200c6e, 0x6f41a182, 0x36c7af0e, 0x242f5021, 0x34593136, 0x11381b28, 0x531f4216, 0x2b2a3671, 0x9d344635, 0x87b820d1, 
    0x068741d1, 0x60050a27, 0x4b490b09, 0x0588412c, 0x083a3724, 0xdd9d0c14, 0xebff0126, 0xa1021300, 0x2120db82, 0x2322db82, 0xc5821415, 0x22067643, 
    0x46112335, 0x3320053b, 0x35081483, 0x23033526, 0xa1022135, 0x175e5261, 0x290e071a, 0x383ee826, 0x7f7e3c35, 0x017f7b6d, 0x02b6026e, 0x6a685d78, 
    0x2f017403, 0x92fe5931, 0x373e4742, 0x7488786b, 0xaf426901, 0x23638307, 0x2d00e103, 0x2e2963a3, 0x35232302, 0x17021e33, 0x2c6d9633, 0x372cd401, 
    0x2e313138, 0x425b5d50, 0x27789767, 0x69133d44, 0x73692001, 0x82098b46, 0x8245207f, 0x4615207f, 0x9888388c, 0x21269546, 0xa7893601, 0x6ce40222, 
    0x9129a046, 0x240423bb, 0xbbc25000, 0x16163223, 0x83c58517, 0x34c6a709, 0x34353c3e, 0x382f323a, 0x26293736, 0x342e373e, 0x5c535032, 0x32d0ac50, 
    0x51081d29, 0x44201b07, 0x23520f3e, 0x00009c81, 0x42ffff00, 0x03250577, 0x002200ff, 0x3010820e, 0x01220007, 0xff0c00e9, 0x004100ff, 0x04910300, 
    0x20178203, 0x23178504, 0x10005103, 0x04211785, 0x202f848d, 0x24178605, 0x000c00e7, 0x3b478201, 0x024a0100, 0x000700e4, 0x23113300, 0x23152135, 
    0x016f5a11, 0x78026f5f, 0x88fd6c6c, 0x23852a82, 0x03840325, 0x821a00fa, 0x16162d0e, 0x35231515, 0x23262634, 0x33070622, 0x08050d42, 0x3e333524, 
    0x64023302, 0x4f8168b8, 0x9f71477e, 0x816f7005, 0x69036f6f, 0xfa0374b5, 0x11588446, 0x28533f0f, 0x4d825a52, 0x58215382, 0x20a0827d, 0x20538200, 
    0x20048225, 0x2053824a, 0x08974118, 0x44333521, 0x36260aba, 0x15153233, 0x48824a01, 0x35287328, 0x697d2936, 0x3241da73, 0x6c210806, 0x4b4b3628, 
    0x713e4536, 0x0021f584, 0xfe39fe01, 0x000600bc, 0x00150026, 0x23061600, 0x33372622, 0x08f54606, 0x33352308, 0x06151632, 0x8e6b6272, 0x48027202, 
    0x2c38313c, 0x5f1e1e29, 0x6e62e264, 0x2c3d3e71, 0x652c2128, 0x7e825261, 0xfe92fe27, 0x006300c8, 0x20df8322, 0x05954602, 0x14213883, 0x0a424507, 
    0x37322808, 0x4e19a015, 0x865c7367, 0x4f69027c, 0x323a2d49, 0xfe0b1324, 0x525158c8, 0x1181a45f, 0x625b361e, 0x2823262b, 0x83005d01, 0xfea62a4f, 
    0x00dbffba, 0x00140023, 0x214f8800, 0xab451517, 0x52240809, 0x6e7a5737, 0x27092861, 0x2e3b302c, 0xbafe2926, 0x63505d59, 0x25305801, 0x640c282c, 
    0xc0fe0100, 0xfbff2cfe, 0x23203f82, 0x16453f82, 0x08a1460d, 0x0808a946, 0x15373633, 0x5220421a, 0x2b2b3672, 0x4b3d5d35, 0x242e5019, 0x34593036, 
    0x0e391c28, 0x470a36fe, 0x093f2f4a, 0x2f370a04, 0x3b473b40, 0x3d601b1e, 0x050a1b20, 0x2ba38361, 0x0028fe41, 0x00ebff9e, 0x1200003d, 0x20081f46, 
    0x13754537, 0x4609ab47, 0x0682063d, 0x080a7b46, 0x1c0f8f5f, 0x3559481b, 0x2325012a, 0x25542626, 0x31292525, 0x0a060f2a, 0x5e625a0f, 0x0e3f3346, 
    0x34440e03, 0x0c2b482c, 0x2b292b06, 0x0579fe20, 0x40450551, 0x070b402c, 0x3931280e, 0x2e12122e, 0x2e293139, 0x01580233, 0x5d555465, 0x35282934, 
    0x22385129, 0x1c1b2227, 0xfe01001e, 0x00affd41, 0x20a382b8, 0x46a3824c, 0xac992622, 0x2e097046, 0x0c298333, 0x3e183110, 0x201f2854, 0x9e263227, 
    0x3a1a3cb8, 0x23261c21, 0xfcfd4241, 0x064b0407, 0x23383407, 0x0702072f, 0x2c29232b, 0x9b0d0606, 0x152a26c4, 0x2a2c4b14, 0x2bc78200, 0xffe0022b, 
    0x00e103a5, 0x0300000b, 0x35080545, 0x39382dd5, 0x502e3131, 0x02425c5e, 0x143e46e0, 0x6b200169, 0x00820075, 0x21fe012a, 0xa4ffe102, 0x16002404, 
    0x16230d82, 0x44231716, 0x09850973, 0x53a3fe27, 0x3f6e515d, 0x0d564436, 0x23240426, 0x1e2b9e82, 0x84082a44, 0x61ff254b, 0x4a010000, 0x13207b82, 
    0x880a6743, 0x05604383, 0x20106645, 0x0841456c, 0x53ff0122, 0x4a203782, 0x1e208b82, 0x0d453f90, 0x204a840d, 0x1aea4479, 0xc5446c20, 0xfe01300f, 
    0x002e037d, 0x00f30340, 0x1200000d, 0x4d222306, 0x3338086d, 0x70707140, 0x3a396f72, 0x036e3a39, 0x586d6d9b, 0x2b3a3a2b, 0xbaffffff, 0x7d208382, 
    0x22222f82, 0xdc821500, 0x22000324, 0x07823d01, 0xebff022b, 0xe4030000, 0x3000e402, 0x230f8200, 0x36361501, 0x2005a142, 0x098c4706, 0x22051349, 
    0x4b352311, 0xbf4d0683, 0x05634a05, 0x42360021, 0x610807f5, 0x02331614, 0x364f162d, 0x35325d3e, 0x1f233c5e, 0x3e31130c, 0x3b383240, 0x3a54177c, 
    0x35345e3f, 0x50384061, 0x033afe18, 0x377afdf9, 0x343a3f1c, 0x02354446, 0x2d26ad78, 0x4741683c, 0x66073667, 0x35384004, 0xfe364c44, 0x2d28a2d3, 
    0x45456a3a, 0x262b3a69, 0xfe6c6cab, 0x1f392441, 0x37444932, 0xae824438, 0xff030027, 0x03fbffeb, 0x24af82cb, 0x002c0017, 0x06574138, 0xac833520, 
    0x352d9d84, 0x36323335, 0x35213535, 0x26263700, 0x82a98435, 0x141524a8, 0x82150706, 0x8a2420a0, 0x035608ac, 0x2b806fcb, 0x22160b58, 0x917d4d73, 
    0xfe46431e, 0x29c101fc, 0x5932201e, 0xfe2d5637, 0x4d4d5c95, 0x364d0144, 0x3d2e3235, 0xe4022e3d, 0xb588fd6c, 0x463a023c, 0x40897f8e, 0xfd6c5d4a, 
    0x511c4086, 0x345d3b31, 0x646ea03c, 0x403d066a, 0x2b40724f, 0x30393f2b, 0xa4823933, 0xebff0126, 0x29030000, 0x1920a382, 0x8208f741, 0x22232181, 
    0x37219082, 0x20878333, 0x2fa18332, 0x816f2903, 0x5d605e91, 0x1f7d0165, 0xc5fe3f22, 0x02306584, 0x6f59f278, 0x0a155b66, 0x542f241f, 0x02006cf8, 
    0x02214b83, 0x224b82d4, 0x4e280015, 0x864105cd, 0x21db8205, 0xe2823537, 0x35233525, 0x43210721, 0x0620079f, 0x3e085d84, 0x02353636, 0x1f826ed4, 
    0x7b603e64, 0x382f3144, 0xf0e9026b, 0x3933f3fe, 0x3737342a, 0x4a2d3542, 0xfd78022b, 0x2f2cbd88, 0x4e3a5760, 0x450b030b, 0x6c6c3a3f, 0x68322f34, 
    0x2e2c262f, 0x822d4726, 0x237783c2, 0xc302eeff, 0x29207782, 0x4506d94f, 0xaa4e0782, 0x0aa74e09, 0xa74eda83, 0x4f002005, 0x9f8206fd, 0x02332608, 
    0x25b6ecc3, 0x2d222c32, 0x69727756, 0x81048a6f, 0x30364101, 0x25303b35, 0x4f67724d, 0x0291fe5b, 0x1e29298c, 0x8203821e, 0xb72008fa, 0x1d1f211b, 
    0x5e505a53, 0x332c5a67, 0x272a232a, 0x494a5645, 0xddfe6c5c, 0x291d1e29, 0x291e1d29, 0xff22fc82, 0x988200eb, 0x20209382, 0x200b0941, 0x236a8226, 
    0x21352337, 0xfd82a087, 0x3521113d, 0x6fff0221, 0x3a5e1d81, 0x20375e3b, 0x6f01961e, 0x47413527, 0xfd4e4135, 0x831403dc, 0x29b034fd, 0x3c582e2e, 
    0x66174529, 0x33313e66, 0x485c013a, 0x826c0f01, 0x820220f8, 0x03172263, 0x2263824a, 0x4b360017, 0x59420771, 0x36342105, 0x26087041, 0x15212115, 
    0x46333314, 0x56420895, 0x23172108, 0x4e088d84, 0x493e8202, 0x9874aa5b, 0x2e3841b6, 0x5f036939, 0xcafec1fe, 0x3a121464, 0x7b65673c, 0x21232f8c, 
    0x106b0f2e, 0x78023a46, 0x51691161, 0x714b8c5e, 0x10503e6c, 0x3f460a03, 0x4f6c6c54, 0x2b366860, 0x616b3f3c, 0x2d303c33, 0x362b2f24, 0x420e5346, 
    0x69200853, 0x1c209782, 0x1123fb85, 0x85141523, 0x42352097, 0x36220552, 0xf5823535, 0x03213536, 0x8f816f69, 0x67416134, 0x282d8371, 0x0d012e2a, 
    0x7e0372fd, 0x012ff283, 0x613f377e, 0xa5617637, 0x383930a2, 0x838ca231, 0x820020ee, 0xafff23ef, 0x57827203, 0x31002522, 0x35215985, 0x05c24123, 
    0x23152723, 0x0ae24135, 0x8a502620, 0x82032009, 0x0690477c, 0x72033333, 0x1b947e6f, 0x355b5058, 0x3a04747a, 0x372d2b31, 0x06905035, 0x87039424, 
    0x1c50b2ed, 0x78023105, 0x25e888fd, 0x3e554337, 0x3126fb83, 0x2b271f2a, 0x28069350, 0x2f0165fe, 0x1e211cb7, 0x49e2821d, 0x4e20062b, 0x24208b82, 
    0x11218985, 0x20e18423, 0x24858927, 0x23070622, 0x05884d36, 0xed821120, 0x4e032108, 0x0e5a816f, 0x7c615d79, 0x39097a08, 0x3d3c372a, 0x09392a36, 
    0x627b087a, 0x5c10775b, 0x63038dfd, 0x0032f884, 0x53686657, 0x384a2c22, 0x212d4a36, 0x52616854, 0xfc830b01, 0xebff0126, 0x9c021c00, 0x1e206f82, 
    0x3a437e82, 0x33352106, 0x44055641, 0x7951053c, 0x012c0808, 0x42535e1b, 0x437b5344, 0x8051527b, 0x58834748, 0x0289fe05, 0x017bbcb1, 0x3f484db0, 
    0x4e425450, 0x74404177, 0x3e74504b, 0xc86c6c5b, 0x02204d82, 0x24225b82, 0x5b82b502, 0x20001422, 0x830c4742, 0x06424e58, 0x44412620, 0x32360806, 
    0x8f013536, 0x7e49795e, 0x497e4e4f, 0xdcfe5d77, 0x53cfca02, 0x53534143, 0x02534341, 0x82115e78, 0x3e744c65, 0x654c743e, 0x6c5e1281, 0x51eafe6c, 
    0x52404051, 0x66824052, 0xc3820020, 0x02eeff23, 0x2067824d, 0x114b5229, 0x2514a043, 0x15231521, 0x9543fc23, 0xfe582817, 0x7a620294, 0x43c101b2, 
    0x4352158e, 0xffeb2406, 0x829e02fe, 0x412d2073, 0x25460a37, 0x43142005, 0x24440501, 0x0f464108, 0x742c3f08, 0x513e5a66, 0x261c1f29, 0x5c045d03, 
    0x875f5249, 0x528f5979, 0x1b54844c, 0xb30271fe, 0xca016caa, 0x65505a60, 0x2a20313a, 0x080a1c23, 0x49410c18, 0x6b5d4b5c, 0x57557e43, 0x6c553e7a, 
    0x7082ae6c, 0x21051345, 0x7f828503, 0x19001022, 0x4e08e153, 0x11240528, 0x05213523, 0x32073c4e, 0x816f8503, 0x64656d9d, 0x9a036a6d, 0x2da6f4fd, 
    0x532b2727, 0xfe2f05ab, 0x78765ffc, 0x6c04015d, 0x29f0fe6c, 0x822a3233, 0xebff2544, 0xd3020000, 0x2106b345, 0x01821123, 0x22056c51, 0x44231533, 
    0x213409dc, 0x826ed302, 0x4c564a85, 0x74281449, 0x8b7f9e90, 0xe80208fe, 0x012c5283, 0x4243487f, 0x797c654b, 0x6c8a7b7c, 0x012aa383, 0x00004000, 
    0xed022403, 0xa3463100, 0x05c15208, 0x55373421, 0x2d41090a, 0x07724706, 0x16232323, 0x081c8216, 0x1135364c, 0x816f2403, 0x54527417, 0x5b05457e, 
    0x242a6958, 0x75042c26, 0x385b3504, 0x8b325a3a, 0x5703157d, 0x365c3853, 0xfd6ce402, 0x4330cc88, 0x25567e44, 0x2444371b, 0x0e282f2f, 0x3d0f1a18, 
    0x5a312d58, 0x4070643a, 0x415e3050, 0x8c825101, 0xebff0126, 0x7802e5ff, 0x20053745, 0x08e74200, 0x080dd047, 0x21353341, 0x23072135, 0x11012315, 
    0x2d374252, 0x167e7741, 0x623c2e48, 0x4d79453a, 0x0273fe32, 0xa77d018d, 0x3d44ae01, 0x34384137, 0x1da5c4fe, 0x4966341f, 0x5b366b4b, 0x00ca6c6c, 
    0x00460001, 0x82ef0200, 0x463220eb, 0x342013a1, 0x2205ed55, 0x42372307, 0x2a520622, 0x08878705, 0x0233114a, 0x20816def, 0x7e60486d, 0x48352f46, 
    0x5d525065, 0x28016002, 0x4d292222, 0x36353b3b, 0x5138433b, 0x7802ee64, 0x30b988fd, 0x3c555e34, 0x0e04094b, 0x5f4d4354, 0x16104a5b, 0x2c292016, 
    0x68333022, 0x2c2a262c, 0x6b015366, 0x2008cf48, 0x21eb823f, 0x45440018, 0x09c05308, 0x36363423, 0x22e78233, 0x45002135, 0x162a08b2, 0x6f3f0333, 
    0x36239781, 0xee82395d, 0x40673c31, 0x9cfd3501, 0xfdfd5403, 0x2d2b3838, 0x832d3939, 0x8701387a, 0x563b4330, 0x3f5d322c, 0x852f5d42, 0x37e0fd6c, 
    0x37372a2b, 0x42362b2b, 0x0221058b, 0x226f82b1, 0x8716000d, 0x222329fd, 0x23353526, 0x23072135, 0x31058e47, 0x6fb10235, 0x6a673580, 0xc6025f72, 
    0x3e3df6ef, 0x5483413a, 0x8b43f12b, 0x6c6ccc73, 0x4b4d44cc, 0x21478538, 0x4782ee03, 0x30002722, 0x87494782, 0x2160871d, 0x61882115, 0x18314d08, 
    0x5c3d3852, 0x3c5f3533, 0x13122026, 0x32403d31, 0x31813d3c, 0x5f6e6661, 0xc2fd0304, 0x363939e4, 0xac78023c, 0x663b2c26, 0x37694840, 0x42056409, 
    0x52443537, 0xefe1fe3e, 0xd2708841, 0x41d26c6c, 0x0036474a, 0xebff0300, 0xc5020000, 0x16248782, 0x28001f00, 0x450fbb42, 0x5808057b, 0x00352135, 
    0x35361707, 0x23262634, 0x33161606, 0x06273732, 0x6ec50215, 0x3a58197d, 0x3f406f45, 0x5739456e, 0x0111fe1d, 0x11ed2a22, 0x9c304524, 0x3c2a482a, 
    0x0213ef2a, 0x88fd6ce4, 0x3d2b2597, 0x6c46476f, 0x9e242a3c, 0x22effe6c, 0x282524bf, 0x44c72a46, 0x23bf2324, 0x217a8229, 0x84823f00, 0xed025426, 
    0x32002700, 0x460e3d49, 0x68440680, 0x33152310, 0x49450111, 0x03210809, 0x8b817054, 0x5e3d6169, 0x4a5e7834, 0x261f2321, 0x65048204, 0x8b5c665d, 
    0x2c47fcfe, 0x28253035, 0x0887842b, 0x3b630121, 0x58307468, 0x53635c39, 0x242c332d, 0x11161012, 0x697c6653, 0xfe18013c, 0x27282d7f, 0x4130382e, 
    0x0329050b, 0x00e4024a, 0x00180014, 0x0a774723, 0x240b1244, 0x33152307, 0x397e8a05, 0x95826f4a, 0x715d6269, 0xfe4c5e77, 0xf15f039f, 0xf3fe9595, 
    0x2f352c48, 0x4a422825, 0x28778305, 0x635c576a, 0xac6c6cac, 0x82698669, 0xebff21f7, 0x0220f782, 0xdd486b84, 0x4435200c, 0x9d43052f, 0x06142206, 
    0x05175307, 0x02033008, 0x661f816f, 0x048d8044, 0xff4b540c, 0xf0170300, 0x595857a7, 0x02604e4f, 0xb388fd78, 0x82982e28, 0x4b482612, 0x4d6c6c36, 
    0x49076357, 0x444b6058, 0xf7220607, 0x63822902, 0x00001f23, 0x069a4213, 0x47333521, 0x262005ed, 0x0808394b, 0x23152131, 0xc6231415, 0x2b252829, 
    0x5f6c017c, 0x50676d66, 0x02a5fe49, 0x01eb623e, 0x372d713a, 0x09192a33, 0x78705f0c, 0x4749d460, 0x456c6c45, 0x820100f9, 0x032c22bb, 0x205782a2, 
    0x0be94639, 0x17352723, 0x13124f32, 0x4605304f, 0x51550518, 0x3dcd2c0c, 0x50713a49, 0x3b1b1a08, 0x55323744, 0x2f08064a, 0x1a1b3b44, 0x3a724f08, 
    0x453e653a, 0x11031355, 0x9dfd3441, 0x7802b703, 0x54731773, 0x02407249, 0x3e4a0271, 0x404f4637, 0x503f1515, 0x4a3e3845, 0x412d1082, 0x6a4c4971, 
    0x2e374636, 0x6c690b40, 0x20f7826c, 0x229f8202, 0x82b20200, 0x0016229f, 0x19d14224, 0x35363622, 0x0809f555, 0x6eb20248, 0x38571a7e, 0x38376744, 
    0x56394367, 0x0125fe1a, 0x471f3d7f, 0x4b4b3a40, 0x6ce4023a, 0x279e88fd, 0x466c3d2c, 0x2c3b6a43, 0xfd6ca927, 0x213c26ce, 0x484e3601, 0x00493c3b, 
    0x4b000200, 0x5d03f8ff, 0x2900ed02, 0x69412f00, 0x06044c0b, 0x470a0b5b, 0x2045052d, 0x06460805, 0x23150123, 0xce112311, 0x302a322e, 0x6c63727e, 
    0x664f8e7a, 0x302a2a31, 0x36038001, 0x79644264, 0x55027593, 0x2b01836f, 0x373c3255, 0x63100e2e, 0xb96a7d70, 0x362d433f, 0x15262d36, 0x345e3d15, 
    0x76716873, 0x9b82b901, 0xc743e982, 0x82bd2005, 0x000d2409, 0x44180010, 0x3a081099, 0x36060521, 0x14152737, 0xbd023316, 0x6d347f6f, 0x025f766e, 
    0xfafeeed2, 0x40580601, 0x4141fe0e, 0x88fd7802, 0x779046eb, 0xc06c6ccc, 0xb8252ca6, 0x00514573, 0xffebff02, 0x824e03f7, 0x001f2253, 0x21518525, 
    0x46422111, 0x07200819, 0x07141523, 0x704e0333, 0x2a68fe80, 0x7c2c272a, 0x66606e01, 0x4a505170, 0x6303bafe, 0xd023adf0, 0x01386383, 0x382e743f, 
    0x080d2934, 0x796a5b0b, 0x444dca61, 0x4c6c6c4c, 0x0100384c, 0x93226b82, 0x6b825e02, 0x00003124, 0x65820600, 0x33361727, 0x23171632, 0x09344926, 
    0x4e333721, 0x37200890, 0x080e285b, 0x2c050153, 0x1d151316, 0x7c0a7467, 0x342c3807, 0x2a343f3f, 0x097c0839, 0x6d4a617d, 0x232e333a, 0x644a5726, 
    0x73028dfe, 0xc401b185, 0x1e14201c, 0x4e640408, 0x35422d1e, 0x1e2b4135, 0x673a6450, 0x1d5d3b43, 0x3c273b13, 0x6c6c5744, 0xff0300b4, 0x034500eb, 
    0x248b82e3, 0x002e0022, 0x0ccd493a, 0xa24a2720, 0x0acd4205, 0x4605db49, 0x20200b5f, 0x080a6b46, 0x43ff0220, 0x40683c52, 0x04186946, 0x40466917, 
    0x683c3c68, 0x1f66433f, 0xfd683103, 0xfdf80369, 0x84824283, 0x34444325, 0x8243a101, 0x422f0808, 0x78023442, 0x51741673, 0x43396844, 0x39433a3a, 
    0x6a454468, 0x633c3f39, 0x6c6c6a14, 0x34433bfe, 0x37444436, 0x35414135, 0x36444437, 0x82004235, 0x00022c00, 0x03c4ff3f, 0x00ee025b, 0x8337002b, 
    0x112326a9, 0x0e211123, 0x06a64102, 0xf4473320, 0x34352207, 0x08204f36, 0x14151628, 0x04113307, 0xcb4f1716, 0x03270808, 0xfe7c6f5b, 0x20332bd2, 
    0x352d2934, 0x4411766b, 0x5265502f, 0x38483849, 0x71553c61, 0x5efeb237, 0x23203742, 0x48272a35, 0x29080583, 0x1f146401, 0x3426202d, 0xd5fe293c, 
    0x5e261a9b, 0x2556474c, 0x38415411, 0x525c2f56, 0x22013549, 0x140237e8, 0x32262030, 0x9082282f, 0x00ebff29, 0x02510300, 0x452200e4, 0x9e4708dd, 
    0x0efb5c07, 0x82213521, 0x03340801, 0xa47f6f51, 0x34533049, 0x7d185031, 0x2f420578, 0x36483831, 0xfd700121, 0x6ce40288, 0x980188fd, 0x51365f30, 
    0x8a1e242c, 0x38301a01, 0x3b362d3a, 0x006c7967, 0x2305e355, 0xe4036fff, 0x24206784, 0x072e1082, 0x31027e00, 0xffff4a00, 0x20ffebff, 0x1784cb03, 
    0x17862520, 0xfbff7922, 0xde221784, 0x17842903, 0x17862620, 0xb9002422, 0x93221784, 0x17846903, 0x17862b20, 0x6e004e22, 0x11221784, 0x17844d02, 
    0x17863020, 0xecff6c22, 0x22221784, 0x17849e02, 0x17863120, 0xfdff9822, 0xd5221784, 0x1784ee03, 0x17863920, 0xb0002722, 0x3f211784, 0x20778502, 
    0x2317853e, 0x1a00a701, 0x20060f48, 0x202f8295, 0x05074725, 0x244a3620, 0x51232005, 0x8320308c, 0x22138451, 0x51c9fdaa, 0x6a210d84, 0x217c5142, 
    0xebff0226, 0x5603fbff, 0x29229382, 0xab823500, 0x21055351, 0xfc423732, 0x05904e07, 0x87512720, 0x1521240d, 0x49161521, 0xbc8207eb, 0x5c710135, 
    0x55444d4d, 0x6639402a, 0x3a7b6341, 0x1c233f65, 0x514e7421, 0x20080681, 0x1bfe6b03, 0x323c3cd5, 0x323b3b32, 0x066aa601, 0x444f403d, 0x5c3f5f38, 
    0x405e6e31, 0x3b07315d, 0x067f5148, 0x596e6c26, 0x3b31313b, 0x87820383, 0xebff0126, 0x1e02be00, 0x15209782, 0x5108e359, 0x21230d6a, 0x51761e02, 
    0x33200b69, 0x200f6651, 0x22438300, 0x4e510262, 0x1320057b, 0x4e0e4e51, 0x73510713, 0xd715210b, 0x27074f51, 0x416d574b, 0x8575537b, 0x22056951, 
    0x51780266, 0x5626074a, 0x45774844, 0x6351595e, 0x05974209, 0x02d6fe23, 0x226782c3, 0x82280022, 0x000728bb, 0xffd5017d, 0x820200e5, 0x025822c3, 
    0x2217827f, 0x821c0003, 0x352123c5, 0x48411221, 0x36342105, 0x2c0edc50, 0xfd7e0233, 0x0193026d, 0x68537a3f, 0x0bdb5081, 0x78026f29, 0x7c35fe6c, 
    0x505e6545, 0x4c820bd7, 0x2308d350, 0x13000033, 0x4d1bb850, 0x355705b6, 0x2335250b, 0xd5152135, 0x230fbb50, 0x6c56506c, 0x210bdf50, 0xb6507802, 
    0x57572310, 0xda50646f, 0x84ee820e, 0x027022e7, 0x20e784bd, 0x239a8218, 0x01352115, 0x2613c950, 0x2efdbd02, 0x50d3d202, 0x51260ac7, 0x6c6ce402, 
    0xc3509afe, 0x23db840c, 0xb102afff, 0x61058b4e, 0x2121064b, 0x20c15015, 0x22084c61, 0x50c07001, 0x022315bc, 0x61b5dec6, 0x6120054d, 0x2213b850, 
    0x8400b76c, 0x024322cb, 0x20cb84a3, 0x24cb8520, 0x33171604, 0x17b55015, 0xfda30229, 0x77900148, 0x509fa110, 0xdf8314b2, 0x5261c423, 0x0dac506d, 
    0x23053342, 0x9c0205ff, 0x22226782, 0x33422e00, 0x00ef2a06, 0xffffff14, 0x020dffeb, 0x201784b5, 0x2217862f, 0x831c00ee, 0xd6fe2117, 0x240c9b44, 
    0xffca017d, 0x201784e5, 0x0c9b44e6, 0xf6017d24, 0xc784f5ff, 0x55029f22, 0x0c224782, 0xc7821500, 0x4f112321, 0x0720094b, 0x2a074b4f, 0x6d5d5502, 
    0x6a6d6465, 0x4fdc6a02, 0x444f0648, 0xff022610, 0x020200eb, 0x20478225, 0x23478303, 0x15213503, 0x4f083454, 0x15230845, 0x4fc73a02, 0xcd250940, 
    0x6c6c7802, 0x083b4ff9, 0x00297c82, 0x02580040, 0x00ed02a3, 0x200c822a, 0x06024314, 0x2720324f, 0x53a30235, 0xa18c558e, 0x28162d4f, 0x65017159, 
    0x95417a52, 0x15284f84, 0xff4b5629, 0xfeebffff, 0x82a102ce, 0x002222bb, 0x054b4135, 0xff76022b, 0x000100dd, 0x02540046, 0x208f8272, 0x5415822d, 
    0xd74e0c08, 0x0233271e, 0x5a884972, 0xd44e8a6f, 0x374b2a14, 0x01715b53, 0x5b3d6f00, 0x16d14e59, 0x4b2a2c23, 0x2471823e, 0x00ebff03, 0x06634257, 
    0x25064952, 0x36123521, 0xe4423336, 0x05535006, 0x14492420, 0x02352b09, 0x4c48fda3, 0x0140673c, 0xd34eeb89, 0x3d012106, 0x2a05c94e, 0xe402382b, 
    0x83fe6c6c, 0x4e6c2f5d, 0x2b2907ce, 0x2b2b3737, 0x002b3736, 0x22678201, 0x822d02ae, 0x4a1420ff, 0x0a5309b1, 0x35210806, 0x21352335, 0x3f3ecc15, 
    0x386b4039, 0x7f764b6b, 0x0242025f, 0x4d44cc78, 0x6d45384b, 0xcc738b3e, 0x06a7566c, 0x829f0321, 0x4b1b203f, 0xa2820563, 0x15163222, 0x4e0aae46, 
    0x612416b3, 0x373b836b, 0x2307aa4e, 0x11feb403, 0x2309aa4e, 0x42376880, 0x2211a14e, 0x82040000, 0x024622ab, 0x2d6b8244, 0x00130003, 0x0025001c, 
    0x21150100, 0x26640435, 0x8234200a, 0x4e06207e, 0x3e0811a2, 0x01a7fd44, 0x3b3975a8, 0x764f5274, 0x4e764040, 0x12ee2d36, 0x9c304524, 0x3b2a472b, 
    0x0212ef2a, 0xbb6c6ce4, 0x433e6d43, 0x6f3f4270, 0x3d6d4546, 0x23bf2359, 0x2b462826, 0x232445c7, 0x492922bf, 0x0029055f, 0x02a0024c, 0x002100ed, 
    0x096d462c, 0x4e199a4e, 0x02220a1a, 0x974ec8a0, 0xfec82312, 0x974e47bf, 0x17924e05, 0x2007254e, 0x22f78202, 0x829c024c, 0x001422f7, 0x237b821f, 
    0x23153315, 0x6606524c, 0x084f0824, 0xc401230a, 0x884ed8d8, 0xb1022308, 0x854eb0fe, 0x69ac2408, 0x4e74683b, 0xfe210683, 0x08834eeb, 0x5f820120, 
    0x89025c22, 0x5d825f82, 0x52060021, 0x35250bae, 0x15213521, 0x4e6c8221, 0x362a057e, 0x89023335, 0x5b598647, 0x7f4e4785, 0x9d023205, 0x5857e3fe, 
    0x4d324d5f, 0x1901762b, 0x7f444578, 0x0a7f4e58, 0x28554c2b, 0xff002c46, 0xfeebffff, 0x0ceb48de, 0xa7017d25, 0x8300edff, 0x032c22d7, 0x25778253, 
    0x002d0003, 0x6a820300, 0x48360521, 0x072005ee, 0x4b178f63, 0x152b0870, 0x75fe6803, 0x3d485714, 0x4e833962, 0x022a1635, 0xe26c6c78, 0x6a374637, 
    0x2a4e024b, 0x82748216, 0x424b20fb, 0x20200853, 0x85821082, 0x5f4c1020, 0x208d8508, 0x059d5304, 0x02389386, 0x54773b59, 0x3f3f754f, 0x76564e76, 
    0x4c74fe3a, 0x1f3d2b3d, 0x4e3b4047, 0xfe236f83, 0x4e426b80, 0x433c051f, 0x493b3e6c, 0x37223d26, 0x003b494e, 0x4b000100, 0x1002f8ff, 0x2900ed02, 
    0x33250000, 0x511f114e, 0x012107de, 0x15104e88, 0x322e3a25, 0x4edb302a, 0x5525150a, 0x2e373c32, 0x20008200, 0x28db8202, 0x023a02a5, 0x000d00e4, 
    0x21828215, 0x57450121, 0x35330806, 0x02213523, 0x15253736, 0x02331614, 0x018efe3a, 0x4d6f3872, 0x025f827a, 0x0b40be4f, 0x434100ff, 0xf7fe7802, 
    0x903b5d32, 0xfe6ccc77, 0xbb222d2e, 0x504e4874, 0x76200847, 0x2306b763, 0x15330714, 0x271a054e, 0xb1012315, 0x50fee823, 0x270e014e, 0x02c58b02, 
    0x69384c2c, 0x4211fd4d, 0x7c220527, 0x5f825e02, 0x44002222, 0x07286f82, 0xc7017d00, 0x04008bff, 0x2608874d, 0x00210003, 0x4139002d, 0x002005a5, 
    0x2106a842, 0x625f3636, 0x8306200c, 0x23272216, 0x07d06024, 0x15062223, 0x240b8a04, 0xfdf80315, 0x0b814deb, 0x43661e25, 0x4d3d683f, 0xfe2f069b, 
    0x353444d4, 0x35354242, 0x426e0143, 0x82433534, 0x02422609, 0xfe6c6c78, 0x08844d10, 0x393f3c2b, 0x6844456a, 0x323a4339, 0x05894d41, 0x4d423421, 
    0xb2820589, 0x0002002d, 0x02c4ff3f, 0x00ee02a0, 0x82310025, 0x55062010, 0x814d1076, 0x21152210, 0x0a824d26, 0x4d170121, 0xe223167d, 0x4d74a2fe, 
    0x0121077e, 0x1a784d50, 0x4d985e21, 0x02360a77, 0x0e00ebff, 0xe402c602, 0x1e000300, 0x15010000, 0x21053521, 0x7a4d2115, 0xc6022916, 0x080125fd, 
    0xf9fed301, 0x25107a4d, 0x6c6ce402, 0x754d67e5, 0xffff270f, 0x6fffebff, 0x5f829503, 0x50002222, 0x20106f4d, 0x20178456, 0x0f6f4d51, 0x841e0221, 
    0x4d522017, 0x02210f6f, 0x201784bd, 0x0e6f4d57, 0x9f03d522, 0x65201784, 0x27311786, 0x0100b000, 0x360316ff, 0xd103b2ff, 0x00000b00, 0x06b94a02, 
    0x16323328, 0x212d4e15, 0x03832d21, 0x2d630324, 0x0a83202d, 0x5f020021, 0x04210533, 0x202b8243, 0x202d8d19, 0x0c415f16, 0x171f6c38, 0x161f1f16, 
    0x75ac1f17, 0x67756d6c, 0x40393a41, 0x1ff70368, 0x15831620, 0x6b6b7527, 0x3e3e2b5a, 0x2740822b, 0x68003400, 0x2b02d100, 0x17214f82, 0x06855f00, 
    0x20051548, 0x28898a10, 0x21202ed1, 0x20212e2e, 0x2107872e, 0x9186bd01, 0x82b8fe21, 0x822020a1, 0x05f7480c, 0xf9013429, 0x1f00a002, 0x52370000, 
    0x27230621, 0x8235022e, 0x4933204f, 0x17340645, 0x1415021e, 0xeb402306, 0x2f2c221f, 0x592a3c2e, 0x1cbada49, 0x3b330a83, 0x344b592a, 0x1a161a6d, 
    0x39252530, 0x43432e4e, 0x851a136d, 0x3f2d220b, 0x385b824b, 0xf1fe28ff, 0xc7ff2b00, 0x00000300, 0x17332703, 0x82817e5a, 0xd6d6f1fe, 0x271b8200, 
    0x25ff7afe, 0xc1ff17ff, 0xf245c382, 0x05de6b05, 0x87e91521, 0x82ae20b1, 0x2abf839f, 0x00ffff00, 0x02020035, 0x82e70251, 0x00a32105, 0x24200f83, 
    0x15224082, 0x0f82d902, 0x0f84a420, 0x0a002c26, 0xe9021b02, 0xa5200f82, 0x2d260f84, 0x1d02fbff, 0x0f82ea02, 0x0f84a620, 0x00002f26, 0xd0027102, 
    0xa7200f82, 0x4f200f84, 0x4e220f82, 0x0f82db02, 0x0f84a820, 0xfeff4524, 0x2f844602, 0x0f84a920, 0x1f822320, 0xd7020522, 0xaa201f82, 0x3a240f84, 
    0x4902f0ff, 0xab207f84, 0x41240f84, 0x3a02ffff, 0xac202f84, 0x0328cb82, 0x0b004800, 0xf303dd03, 0x1922cb82, 0x11826700, 0xcc862620, 0x23061423, 
    0x09206106, 0x04220d82, 0x6e681516, 0x2634230c, 0x10822223, 0x58070621, 0xbc6e092a, 0x36322124, 0x92086183, 0x1f1e2002, 0x1e1e1716, 0x66746d17, 
    0x41393a41, 0x016d7568, 0x84846343, 0x202d3c28, 0x2e27485a, 0x48552652, 0x3e5f3509, 0x7a396844, 0x352d2d37, 0x2b2b3838, 0x27343730, 0x36783429, 
    0x715e3f61, 0x1009363a, 0x5e32373b, 0x1e88036c, 0x1f1f1717, 0xab1e1717, 0x3d2b5a6b, 0x6b5a2b3d, 0x7f7a7d31, 0x6c0a948f, 0x8b5c5d08, 0x49653e3b, 
    0x1c022958, 0x31593c20, 0x2a3e5e34, 0x2a2c3737, 0x27336d3b, 0x272f322a, 0x6430593a, 0x10523a54, 0x2d060204, 0x826c663b, 0x02002dfc, 0xb0004800, 
    0xfa019b01, 0x18000c00, 0xdb831082, 0x53222321, 0x8f440529, 0x08f98208, 0x5e3d012a, 0x4e314a5e, 0x284b602c, 0x26283434, 0x01263232, 0x48495dfa, 
    0x2f4c2a5c, 0x324d5c49, 0x31312726, 0x00332626, 0x97000100, 0x17240482, 0x0300e502, 0x11290782, 0x17011123, 0xfde50280, 0x8210821b, 0x211b826b, 
    0x1b840f02, 0x1d850720, 0x21852120, 0x86780121, 0x2e288424, 0xff450003, 0x024704f7, 0x000e00ba, 0x82410017, 0x07062595, 0x23032313, 0x21252b82, 
    0x15161632, 0x061c5b05, 0x16042322, 0x2005ee42, 0x5eb18206, 0x11430900, 0x0b095405, 0x47027908, 0xa5b05454, 0x018c36a3, 0x39725106, 0x39758afe, 
    0x75393838, 0x403e3002, 0x3739503f, 0x7f674164, 0x33038e08, 0x3f2d2a29, 0x384f3e41, 0x64456635, 0x048d0878, 0x2d282831, 0x136f9e01, 0x1301e4fe, 
    0xba02edfe, 0x6a3c6138, 0x36313136, 0x0e0d1ddf, 0x3037401d, 0x58602b4c, 0x1c222824, 0x0d0d1e20, 0x2e363e1c, 0x54632e4e, 0x1b222823, 0x2a000100, 
    0x4302f6ff, 0x2200bb02, 0x21068149, 0xa4470606, 0x058e5407, 0x32353527, 0x21373636, 0x08018435, 0xde011535, 0x7d106b65, 0x2d2f277e, 0x6e028228, 
    0x6b706a66, 0xfe083266, 0xfe3001d5, 0x021902d0, 0x5f5c4c59, 0x362f3556, 0x6b653133, 0x0b856d72, 0x4c5c2824, 0x82006262, 0xff013700, 0x001affe9, 
    0x002b0318, 0x07000003, 0x17113311, 0x1104e62f, 0x1b85effb, 0x1b828020, 0x03802a08, 0x000e0030, 0x11271300, 0x27071123, 0x17372737, 0x17071737, 
    0x452f485f, 0x215f5d21, 0x6020605f, 0x4b300260, 0x61039ffc, 0x08108449, 0x60205f26, 0x0c00005f, 0xf7ff3200, 0x1c025902, 0x17000b00, 0x2f002300, 
    0x47003b00, 0x5f005300, 0x77006b00, 0x8f008300, 0xbb446082, 0x0517450a, 0x8205d344, 0x05095de8, 0x15163223, 0xc7238a04, 0x8b5f8b0b, 0x58012577, 
    0x18131318, 0x79200383, 0xee200887, 0x01210887, 0x2109874a, 0x13886afe, 0x1388c220, 0x13882f20, 0x1388c720, 0x13886620, 0x09875120, 0x0887ef20, 
    0x1b887c20, 0x1717df24, 0x03821313, 0x07862220, 0x07862e20, 0x07864220, 0x07864720, 0x07865120, 0x07864e20, 0x1f8e5020, 0x0f863f20, 0x07863320, 
    0x07862120, 0x2b05c741, 0x00cf022e, 0x00f803a1, 0x0300000f, 0x0805aa44, 0x36230720, 0x06222326, 0x58d21515, 0x04605962, 0x1f230171, 0xcf022223, 
    0x67765a59, 0x322d2658, 0xcf495a31, 0x42012905, 0xe402a801, 0x10000300, 0x20050349, 0x0a286113, 0x0115373d, 0x501b0bb2, 0x038c652b, 0x3a4f027b, 
    0x78022a29, 0xf1fe6c6c, 0x6c661611, 0x8211383c, 0xfd013f3f, 0xff9ffff4, 0x005200d4, 0x07000006, 0x37230727, 0x6cb11733, 0xac99836c, 0x8282619b, 
    0x2282b3b3, 0xff020027, 0x03d2ffeb, 0x226382e4, 0x5c3e0031, 0x07251b8f, 0x06352311, 0x20438207, 0x08924b26, 0x35213524, 0x18661521, 0x02392a20, 
    0xaf0a087c, 0x5f4d828b, 0x281a6635, 0x0a0ea927, 0x770c89bf, 0x151c6658, 0xb3820320, 0xcb037622, 0x1a24b382, 0x3b002f00, 0x820c1b66, 0x373521a1, 
    0x1e66a282, 0x1111282e, 0x8ac51208, 0x66897679, 0x03282420, 0x07e1180d, 0x798a0583, 0x20212466, 0x22ab8201, 0x822903ec, 0x871d20ab, 0x230723a7, 
    0xcf4d1101, 0x0d276608, 0x95e47e24, 0x2b667601, 0xe5d12610, 0x24016801, 0x072f66b3, 0xb9532e25, 0x8202006c, 0x02cd2257, 0x225782d4, 0x82290017, 
    0x11232559, 0x33073523, 0x66079e41, 0xbf640c31, 0x0530660b, 0xcc010b26, 0x745c968c, 0x20093266, 0x0c31666c, 0xe50ec026, 0x525b039c, 0x2109cf54, 
    0x32666431, 0x22778308, 0x82c30268, 0x07794177, 0x230d2f66, 0x27231707, 0xcb458584, 0x5d232009, 0x35660a45, 0x373a2a16, 0x6c6c8582, 0x483f8183, 
    0x223b6603, 0x14523829, 0x97828296, 0x663f5b16, 0x00281741, 0xebff0100, 0xff02d2ff, 0x2006bb4c, 0x0cbc4223, 0x2e0e6755, 0x21352111, 0x816fff02, 
    0x8caa130e, 0x66655087, 0xb4271345, 0x8ebf0e15, 0x66516208, 0xff231447, 0x824a0390, 0x421c2067, 0x16240589, 0x06141516, 0x56080541, 0x4c660c49, 
    0x76812922, 0x6c6c8581, 0x7d6d7983, 0x29225166, 0x951c9972, 0x118e8282, 0x5666586d, 0x01002720, 0xd5ffebff, 0xa7826903, 0x2d421e20, 0x01232207, 
    0x05c15435, 0x59663520, 0xd6783311, 0x9b61018e, 0x67606e02, 0x282d8371, 0x13012f29, 0x5d666cfd, 0xebc03005, 0x5e456e01, 0x63617775, 0x38383160, 
    0x42886031, 0x9122058b, 0x4368bc03, 0x11232408, 0x83073523, 0x1f5f665d, 0x11210123, 0x073e4223, 0x6ebc0328, 0x01828c7b, 0xa655e20e, 0xd1033415, 
    0x8e0185fd, 0x3325b5fc, 0x7802242b, 0xad3e88fd, 0x551d3a01, 0x696613b0, 0x22f3830a, 0x847b03ab, 0x01002197, 0x06259588, 0x26222306, 0x156c6626, 
    0x3521353b, 0x6f7b0321, 0x0183a57e, 0x7a0b8928, 0x3b654160, 0x3b077a04, 0x3c3c372a, 0x06716637, 0x13755728, 0x0360fd8c, 0x85820290, 0xb9642008, 
    0x572d3c01, 0x36553067, 0x34452d21, 0x212d4432, 0x49566854, 0x00006cf7, 0xffebff01, 0x589c029e, 0x8b630567, 0x051a4209, 0x45232321, 0x79660947, 
    0x4b542b10, 0x0268857e, 0x7c836806, 0x7f66584c, 0x80572911, 0x7e7e911c, 0x547c1b92, 0x230c8366, 0xb5029bff, 0x20080b63, 0x12834215, 0x1521d782, 
    0x0e876602, 0x864d5b29, 0x836c6c85, 0x665d4f83, 0x5629148b, 0x829b1b7b, 0x7d1a9982, 0x168f6657, 0x4d026822, 0x2f217382, 0x0cdb7800, 0x661e0044, 
    0x3c220b95, 0x7f848139, 0x43463e21, 0x9b660df5, 0x5339230e, 0x87829513, 0x43591621, 0x6c290cee, 0xff0100b7, 0x0277ffeb, 0x2083829e, 0x1d9f6632, 
    0x35229388, 0x65793634, 0x6601200a, 0x552210a4, 0x91837d4e, 0x64558522, 0x291da966, 0x91126349, 0x1d9c8282, 0xae665e86, 0x82022007, 0x03d7228b, 
    0x228b8282, 0x431d0014, 0xe8450961, 0x23352408, 0x4a052135, 0x03270740, 0xe7796f82, 0x66750193, 0x972506b3, 0x2ea6f7fd, 0x05b36626, 0x01fcd332, 
    0xb41b0186, 0x5d78765f, 0xbf6c6cb4, 0x2a333429, 0x0023e783, 0x82d50200, 0x881a205b, 0x08077859, 0xaa632620, 0x212e0808, 0x7c6fd502, 0x7901a8da, 
    0x422d4a15, 0x3c018155, 0x5a3b4b71, 0x0204fe1e, 0xfd7802ea, 0x06d7d788, 0x29215501, 0x714b464e, 0xbc232c3e, 0x4a82006c, 0xff400029, 0x022403ba, 
    0x473400ed, 0x07270843, 0x35230733, 0x62262637, 0x8363068e, 0x051c530c, 0x66061421, 0x11270dbe, 0x9ffd031d, 0x577f6ec0, 0xc0661692, 0x17212708, 
    0x0d9d07da, 0x9a577492, 0x0bc36615, 0x7702bd22, 0x6605b745, 0xdd460cc3, 0x0bc24109, 0x2607c466, 0x8caf010f, 0x66604e93, 0x8c2006c5, 0x260bc466, 
    0x99bf10a7, 0x665c720d, 0xea8207c5, 0xff460025, 0x86ef02bc, 0x081b46f7, 0xf4822220, 0x5705fa6b, 0xc9661ef1, 0x0b0a2605, 0x60978dcb, 0x14f6577d, 
    0x2608cb66, 0xe40b0fba, 0x57545c9c, 0xcd6616fb, 0xff022606, 0x03adffeb, 0x20f38266, 0x08fb6d1c, 0x52083f45, 0xcf6609f4, 0x6e662b11, 0x018dc975, 
    0x3523c44f, 0xd3663a5d, 0xfd622606, 0xfd7b036f, 0x0ad366d6, 0x01e59229, 0x43307862, 0x66305637, 0x002012d6, 0xeb227b83, 0x7b82b102, 0x3d620f20, 
    0x06e54908, 0x2510d966, 0xbc8cdc0b, 0xdb66635e, 0x0df6280c, 0x8509cafe, 0x666ccc69, 0x4f8506de, 0x82ee0321, 0x002a224f, 0x1b4f4a33, 0x92471520, 
    0x6669830a, 0x0a261fe2, 0xb68ccd06, 0xe5665c57, 0x0cf3271f, 0x0acbf705, 0xe9666581, 0x00002809, 0xffebff03, 0x82c402c5, 0x00182493, 0x422a0021, 
    0x072609eb, 0x022e3723, 0xec663435, 0x6dc42a1b, 0xaf010f7d, 0x65408889, 0x1cee663a, 0x01129828, 0x3c058ac0, 0xf1664367, 0x00002c18, 0xff3f0002, 
    0x026803ad, 0x432900ed, 0x07230971, 0x57350123, 0x34240cdd, 0x15062223, 0x660a5e6b, 0x21080ef5, 0xe6757068, 0xa86e018e, 0x725c5f69, 0x494c5e78, 
    0x7e03261f, 0x645d6504, 0xe4fea85b, 0x30362a4b, 0xf7662a26, 0x94230805, 0x625b01e7, 0x6577642e, 0x4e5f5953, 0x0d242b60, 0x510e1a14, 0x37697c65, 
    0x86fe1301, 0x2a23252c, 0x82003137, 0xff032200, 0x269382eb, 0x00e4024a, 0x421d0019, 0x15210d7d, 0x077b4214, 0x6705987e, 0x3b081100, 0x018ee775, 
    0x60699e6f, 0x77345d3d, 0x9efe4d5e, 0x9eea5f03, 0x4cedfe9e, 0x2530352a, 0x78022c2a, 0xe89588fd, 0x386e5c01, 0x552f7564, 0x9a625b37, 0x679a6c6c, 
    0x2d25272e, 0x02003138, 0xc2227782, 0x77820203, 0x71671720, 0x44352007, 0x0a670e7b, 0x02162613, 0x6cbb9dfd, 0x130c6777, 0xdb18b527, 0x930d9907, 
    0x100f6775, 0x82ffff21, 0x034a226b, 0x226b82a2, 0x823f0022, 0x000726f3, 0xffa80394, 0x228384ab, 0x84b202d4, 0x42252083, 0xe34c0c15, 0x6600200c, 
    0x0f261030, 0x808ba210, 0x31666659, 0x16a42716, 0x0b81ad0d, 0x33665e7c, 0xff1d2a16, 0x025d03f7, 0x002000ed, 0x2473872c, 0x35230727, 0x63048325, 
    0x454a09aa, 0x11332305, 0xad631700, 0x274f0805, 0x03150622, 0x417f6f5d, 0x040198cb, 0xcb939a85, 0x5f334542, 0x3460413f, 0x01cd372f, 0x11556bfe, 
    0x2a312a27, 0xe4023329, 0x9888fd6c, 0xe90bc221, 0x9d0f7845, 0x373f6129, 0x54303257, 0x2e573a35, 0xfeda016b, 0x1e092efa, 0x3525273b, 0x41263501, 
    0xeb2207fb, 0xff82bd02, 0x13001024, 0x5b461b00, 0x07e44d06, 0x23354808, 0x21072135, 0x33160405, 0x27373632, 0x6fbd0215, 0xdb0f0a7f, 0x6660c18c, 
    0xeed2025f, 0x0701f9fe, 0x4141f8fe, 0xfe0e402e, 0x88fd7802, 0xe90c0eee, 0x6d8b0abf, 0xc06c6ccc, 0x252b5155, 0x000072b8, 0xffebff02, 0x829a03c3, 
    0x4c23205f, 0x232209a3, 0x45583501, 0x2307391a, 0x21071415, 0x716f9a03, 0x1c017cab, 0x252711fe, 0x01702521, 0x685f5660, 0x25054f66, 0x23feebaf, 
    0x70832101, 0x01e6a931, 0x27881f63, 0x0d273231, 0x67590b09, 0x66d75b72, 0x76220c53, 0x77825e02, 0xe6823420, 0x22095366, 0x66372307, 0x0e250c55, 
    0x26222302, 0x089f5726, 0x097e4118, 0x05012208, 0x1414172c, 0x0d78551b, 0x0e5e735e, 0x44392332, 0x3a2c3945, 0x3c06710a, 0x6d4a4164, 0x242f353a, 
    0x0e586628, 0x53040939, 0x1467663f, 0x3d3d4f1b, 0x321e2b4b, 0x6e3d2d4f, 0x1f643f47, 0x66283d12, 0xff23095b, 0x82e303bf, 0x00262293, 0x05694f32, 
    0x660ca549, 0x4129335f, 0x6c858937, 0x4485836c, 0x2b63661d, 0x1c6b4628, 0x9c82829e, 0x67664720, 0xff032624, 0x04d2ffeb, 0x24b78227, 0x003d0031, 
    0x1bd14549, 0x69192150, 0x0420096e, 0x240b3574, 0x354f176f, 0x0745763e, 0x3e30142b, 0x3938333f, 0x0e067c02, 0x092c50ad, 0x04f8fd3a, 0x408cfd3c, 
    0x45353a3f, 0xf6fe3644, 0x1c1e2929, 0x021d2829, 0x2c26ac78, 0x23104f76, 0xbd1009a8, 0x27073450, 0x6c6caa25, 0x314b41fe, 0x2b055076, 0x1d1e2936, 
    0x1e1c2928, 0x04000029, 0x7320cf82, 0x200a3b50, 0x3d3d5047, 0x6876cf8b, 0x26495005, 0x8708fe21, 0x6ce425cb, 0x3cb588fd, 0x20285250, 0x21cb83dd, 
    0xcb831d28, 0x5b500220, 0x21da820a, 0xe24c1501, 0x145d5006, 0x79411220, 0x2903220a, 0x1069506f, 0x8f8b9920, 0x21127150, 0x4441c5fd, 0x4e778308, 
    0x2a20074b, 0x4f204d4e, 0x03220bf2, 0x594e6f69, 0x47fd2115, 0x2108da41, 0x624e88fd, 0x88fd2111, 0xb3467c88, 0x04eb2606, 0x00e40238, 0x074b4329, 
    0x481bcd78, 0x64480ace, 0x0c884209, 0x187c2608, 0x5d3d3851, 0x3c5e3532, 0x10162225, 0x323f3c31, 0x0d823d3c, 0x57b68ccf, 0x4d04aa5c, 0x39e4c2fd, 
    0xfe3b3739, 0x23a2887c, 0x3b2b26ab, 0x220f5e6f, 0x48f90ef2, 0xcf200b77, 0x6353b08a, 0x82952005, 0x492620af, 0x34610c13, 0x19364305, 0x200b4e6a, 
    0x0571792d, 0x32408323, 0x12505338, 0x5318e667, 0x97831c48, 0x56037622, 0x2c229782, 0xe7673800, 0x0f53531a, 0x2320ea67, 0x0f0c1c24, 0x67094d53, 
    0x15211eec, 0x0a4b5312, 0x830cf067, 0x02ec229f, 0x259f8254, 0x00190015, 0x05610100, 0x33373109, 0x33161415, 0x21353532, 0x15011335, 0xac540207, 
    0x260af567, 0xfc9101d8, 0x536ce402, 0xfd250c2f, 0x85820108, 0x26e382fd, 0xffebff01, 0x825102cd, 0x62272053, 0xdd7706ff, 0x1433220b, 0x20ec8206, 
    0x05b05237, 0x68084453, 0x2a250c02, 0x8f8bc027, 0x14056802, 0x23643924, 0x076895d9, 0x027b2212, 0x226f82c3, 0x82990022, 0x0007277f, 0xffcc017d, 
    0xdb83008a, 0x6802d221, 0x1e200507, 0x2123db82, 0x55122135, 0xa152095e, 0x0709680e, 0xab2b2c26, 0x80677f8b, 0x2c0ba152, 0x6c78026f, 0x246d42fe, 
    0x650186c3, 0x0d0e685d, 0xeb830020, 0x20059b52, 0x240f6838, 0x6815b552, 0xa7521414, 0x16196810, 0x8413a252, 0x02d521fb, 0x20051b68, 0x26fb8219, 
    0x01352115, 0x52012301, 0x022e118c, 0x022efdbd, 0x8eeffed2, 0x03d89e01, 0x8b525f6e, 0x02512c07, 0xfe6c6ce4, 0x01d4fe1d, 0x52715cad, 0x6f480888, 
    0x02912805, 0x00e402df, 0x5031002d, 0x25680895, 0x2b238223, 0x07150113, 0x242b33f9, 0xee9e012c, 0x28158252, 0xf4fef402, 0x1a01a7b5, 0x1c2e6898, 
    0x01d0fd25, 0x84c18142, 0x02ab22e3, 0x208b82b4, 0x05276503, 0x04352127, 0x15331716, 0x52e78707, 0x022d1280, 0x0137fdb4, 0xb513758c, 0x4d0183cb, 
    0x157d52ae, 0xc426fa83, 0xe4f24956, 0x77526901, 0x054f610e, 0x6802b121, 0x9f20053f, 0x2a066b42, 0xffc0ffef, 0xfeebffff, 0x82b502ad, 0x0022228b, 
    0x221786a0, 0x84bcffed, 0x027b2217, 0x2017844d, 0x221786a1, 0x848affc6, 0x028a2217, 0x2017849e, 0x2a1786a2, 0x0099fffd, 0xffebff03, 0x689f02d7, 
    0x9143063f, 0x2335220c, 0x09dd5035, 0x03150135, 0x6da79f02, 0x6a6d6465, 0x2ea68e01, 0x592b2726, 0x82ec7f01, 0x0cd650b9, 0x011efe26, 0xfffe9091, 
    0x02265f82, 0x0000ebff, 0x57826102, 0x15000322, 0x20085f69, 0xeb481801, 0x6102350d, 0xc7018afd, 0xaffe1996, 0x147901a8, 0x56422e49, 0x527c4381, 
    0x6c255482, 0xfe5a69d8, 0x06dc50b7, 0x40724922, 0x2205d750, 0x67a302b0, 0x072107cb, 0x27d15005, 0x0233352b, 0xfe2f34a3, 0x85c7a0f6, 0x16ce5098, 
    0x6f71592c, 0x24672401, 0x05a107e9, 0xca508094, 0x4b562215, 0x058b4100, 0x20076768, 0x0d6768a6, 0x02bcff23, 0x209b8272, 0x24158231, 0x23070706, 
    0xbc421837, 0x1632230e, 0x43771415, 0x02332917, 0xc5242672, 0x170c938c, 0x251c6f68, 0xe1215715, 0x72680199, 0x0400251f, 0xadffebff, 0x200a7368, 
    0x057b4124, 0x231c7568, 0x03150103, 0x231b7968, 0xe9760147, 0x26187d68, 0x8d0187fe, 0x82fafe87, 0x010021f8, 0xeb267b82, 0xe4022d02, 0x87681600, 
    0x0bac470c, 0x26058968, 0x8cd02729, 0x687b72b6, 0x3b2d098b, 0xc3f62161, 0xcc718a03, 0x00006c6c, 0x21478302, 0x47829f03, 0x27001e22, 0x20089d4a, 
    0x0a8f6815, 0x4677518b, 0x0792680d, 0x68075a50, 0x51501595, 0x82042011, 0x02c52273, 0x20738244, 0x22bd8203, 0x6828001f, 0x3f460b97, 0x35262106, 
    0x251d9a68, 0x83b02224, 0x9d68077f, 0x5c34241c, 0x6881c521, 0x032e179f, 0xadff3f00, 0xed02a102, 0x2a001f00, 0x1d472e00, 0x3336230c, 0x45503533, 
    0x054b1810, 0x35362808, 0x01150103, 0x50cca102, 0x74201041, 0x27063f50, 0xfe920152, 0x67d101fc, 0x20133d50, 0x053a5067, 0x0179fe2b, 0xfafe757b, 
    0xff030000, 0x268782eb, 0x00e4029c, 0x44200015, 0x332005e9, 0x2007a747, 0xd34e1826, 0x23012109, 0x2005657b, 0x237d8532, 0xd9d9c201, 0x23093650, 
    0xb1feb102, 0x28063350, 0xfea9015c, 0x9a7802e5, 0x0a335067, 0x50fffe21, 0xfe260533, 0x75910174, 0xea82e4fe, 0xc2227382, 0x23548902, 0x079e4807, 
    0x33373422, 0xc1685e82, 0x30342613, 0x7eb69ef4, 0x12c2688f, 0x246a2428, 0x079407d4, 0xc5687e95, 0x06c34310, 0x37505d20, 0x43af2006, 0x032305c3, 
    0x846cff22, 0x41c620f3, 0x232008ff, 0x2018fd41, 0x0b466802, 0xfd44022d, 0x76a901a7, 0xb422223a, 0x68088288, 0x8436054e, 0x3c2b3b4c, 0x3b40451e, 
    0x6ce4024c, 0x6c43c26c, 0x20562e3e, 0x4f6885cb, 0xd9fe2905, 0x213d2649, 0x3b484e36, 0x002b7a82, 0xff1d0002, 0x023002f7, 0x411800ed, 0x32500565, 
    0x50262016, 0x022a0a2f, 0x019bcd30, 0x939a8608, 0x2c5043cc, 0xc8362107, 0x2c072950, 0xc3722c01, 0x7845ec08, 0x61299e0f, 0x0525503e, 0x2e583927, 
    0x1f082e69, 0x07215039, 0xebff022c, 0x3a02ebff, 0x0f00e402, 0x4f681700, 0x03072406, 0x7a263723, 0x002005f5, 0x3722de83, 0x51681525, 0x1c2b0805, 
    0xbc8cf21a, 0x025f8078, 0x418dfe4f, 0x0b403143, 0x780200ff, 0x4423f7fe, 0xbafefe1b, 0xcc769001, 0x4e7cfe6c, 0x74bb222d, 0x82020000, 0x02c32257, 
    0x2257828d, 0x82250021, 0x07142257, 0x1d596821, 0x1513032a, 0x23b10107, 0x33feff00, 0x2a0e1050, 0x1edca202, 0x2c027efa, 0x5063384c, 0xfd25110b, 
    0x8c36014b, 0x058b45aa, 0x5e025e22, 0x22226f82, 0xe746b400, 0x006d2208, 0x4f878204, 0x03200593, 0x31228782, 0xc9413d00, 0x5b002005, 0x944f08be, 
    0x05025711, 0x994b0420, 0x6836200a, 0x03250a6b, 0x0308fce3, 0x17964fa9, 0x22057868, 0x7542d2fd, 0xf62005fa, 0x24086f68, 0xfe6c6ce4, 0x11954f00, 
    0x393f3c25, 0x6877456a, 0x35220572, 0x74684241, 0x82032009, 0x03d222b7, 0x0b4b50d7, 0x4c0c3574, 0x884f1951, 0x4f83201d, 0x03231480, 0x4fdcfdec, 
    0x4b741580, 0x23784f07, 0x7320b383, 0x20086b4c, 0x3a6d4c44, 0x740b4f4e, 0x794c1064, 0x05fe2119, 0x7406be4d, 0x824c126f, 0x4efe2117, 0x83086c4f, 
    0x098b4cbf, 0x18052d54, 0x2412eb45, 0x07150113, 0x0a694f26, 0x2011994c, 0x09674fd4, 0x2012a14c, 0x0fe74ebd, 0x8409274b, 0x17294b73, 0x4b0c575f, 
    0xfd211635, 0x4b7a89f3, 0xfe21113e, 0x837a887c, 0x03eb2aeb, 0x00e402e9, 0x0026001d, 0x13554732, 0x4f145447, 0x61241053, 0x373a836b, 0x23094a4f, 
    0x11fefe03, 0x20124a4f, 0x06fe6f80, 0x2618414f, 0x00ebff04, 0x82b20600, 0x0041268f, 0x005b004e, 0x1b85526b, 0x40181520, 0x352009ee, 0x1805ed53, 
    0x280dff40, 0x35171632, 0x15213521, 0x05677a04, 0x36220982, 0xc4623336, 0x7920200c, 0x0728071e, 0x14152315, 0xfb043316, 0x19ed4818, 0x2e3b0424, 
    0x48183738, 0x06300ef9, 0x3665fcc7, 0x50385939, 0x15aefd18, 0x9afe354d, 0x20088177, 0x230983f5, 0x01044530, 0x1d124918, 0x3a300f24, 0x4918374b, 
    0x5a2a0f1f, 0x262b3636, 0x2b26abab, 0x49189bfe, 0x08840828, 0x0e313b26, 0x00443801, 0x06240082, 0x6fffebff, 0x240a2741, 0x00740068, 0x662b4180, 
    0x16141523, 0x0bff4133, 0x04432020, 0x3240410a, 0x3a316423, 0x1740415e, 0x44463425, 0x6b15fd35, 0x02210669, 0x180887f0, 0x411a634a, 0x3c211550, 
    0x1550413c, 0x38374427, 0x212eae44, 0x060f6b20, 0x00200785, 0x05320082, 0xfbffebff, 0xe4028c06, 0x35002a00, 0x56004a00, 0x6f7d6300, 0x070e7909, 
    0x241ab779, 0x36171604, 0x06704235, 0x1fb54a18, 0xa37b0420, 0x16143108, 0x6f8c0633, 0x0c562d80, 0x4e722314, 0x323c917c, 0x08117142, 0x79fca125, 
    0xfe401457, 0x354d157d, 0x1e29aa01, 0x37593221, 0x94fe2c57, 0x444c4c5b, 0x35364d01, 0x3c3d2d32, 0x4228fc2e, 0x782c0887, 0x3cb588fd, 0x89463a02, 
    0x43363b77, 0x33106a42, 0x1e3940cd, 0x24af5d5f, 0x4053fe2a, 0x3b31511c, 0xa13d345d, 0x0ffd4a18, 0x83422320, 0x00003108, 0xebff0300, 0x5a050000, 
    0x2600e402, 0x44003700, 0x0f1b4418, 0x06222322, 0x5b0a9443, 0x2125096d, 0x36152107, 0xce491833, 0x2df48c0b, 0x816f5a05, 0x5b3a5e1d, 0x85252875, 
    0x63433f41, 0x6f05310e, 0x30c3fdf0, 0x28290177, 0x35464135, 0xf4fc4e42, 0xb02cdc8b, 0x59612e29, 0x48174c30, 0xa2d9fe37, 0x0c654c18, 0x664db92a, 
    0x3b35343e, 0xb0485c01, 0xbf84c189, 0x82340621, 0x002a24bf, 0x184a003d, 0x210e7749, 0x35473526, 0x14474406, 0x1448c383, 0x14152205, 0x057f4a16, 
    0x2a0c4c44, 0x816f3406, 0x4161348f, 0x41316044, 0x493113b8, 0x15e9fcf0, 0x5a3d354d, 0x29282d2f, 0xfc0e012e, 0x2bc78b1a, 0x3f377e01, 0x58343761, 
    0x40350836, 0x2e10a641, 0x2b26ab6c, 0x0c365c36, 0x30393930, 0x89cdfea2, 0x068f41ce, 0xcf826920, 0xcf853220, 0x2009475f, 0x05fc6214, 0x59343521, 
    0xd3940609, 0x15231526, 0x33332623, 0x2105a942, 0xcf8c1732, 0x18e80321, 0x230b1f49, 0x303c0202, 0x28108d42, 0x7bbc7e05, 0xfd05848c, 0x23d882fe, 
    0x07fe355e, 0x4918d187, 0x0b230d42, 0x913e3318, 0x6dc822d3, 0x22d6825b, 0x8ae0fe45, 0x450020ce, 0x332005ff, 0x2726cf82, 0x38002f00, 0x48184500, 
    0x27200d0b, 0x281ae645, 0x23351704, 0x33363615, 0x07de7825, 0x2c0c6242, 0x816f3306, 0x60656d9d, 0x360b056c, 0x31c79026, 0xb2fc4806, 0x4b15d61e, 
    0xa6660134, 0x2b27272d, 0x9b4137fd, 0x7802290b, 0x765ffcfe, 0x2821586f, 0xd22dc590, 0x23b1720c, 0xf0fe6628, 0x2a323329, 0x26c989af, 0x00ebff01, 
    0x82570400, 0x453520c7, 0x15201c95, 0x0d944818, 0x34352626, 0x21352337, 0x4e080183, 0x18910215, 0x603f3953, 0x3f633734, 0x13122026, 0x32424135, 
    0x767d403f, 0x494d564b, 0x754a2712, 0x018f3a43, 0x04d7fded, 0xdf78026c, 0x693c2d26, 0x386a4842, 0x44046607, 0x4b46363a, 0x7701fe35, 0x48404246, 
    0x47663565, 0x936c375e, 0x82006c6c, 0xff042600, 0x056fffeb, 0x2693828f, 0x0039002e, 0x41520046, 0x4918075b, 0x37200c15, 0x4205ac6a, 0x0729142d, 
    0x33361521, 0x36171632, 0x0d464733, 0x01460620, 0x8f05210a, 0x0a4e4918, 0x37010425, 0x4335362d, 0xa42d0fd0, 0x2c8efdf0, 0x16503564, 0xfc8b7349, 
    0x076941bf, 0xdd451d20, 0x88fd2108, 0x087b4918, 0x40171d24, 0x20474942, 0x4aad2610, 0xfe302a2d, 0x086e41cb, 0x4208c245, 0x0721053f, 0x22e3823e, 
    0x82450036, 0x445f20e1, 0x27200ba1, 0x20071465, 0x05ba7a33, 0x986b3720, 0x22eb9406, 0x45361704, 0xf08505c1, 0x15232523, 0x061c7f14, 0x42353621, 
    0x07380c59, 0x1e806f3e, 0x8c774567, 0x43591809, 0x14494c48, 0x01907428, 0x30360401, 0x073af890, 0x3f43fd53, 0x05fd3236, 0x4a315a2a, 0x027d4513, 
    0x535ca84e, 0x614e4f59, 0x6e420ffb, 0x29b4300b, 0x3d71812e, 0x4a424448, 0x0d7a7c66, 0x414c4a06, 0xea351000, 0x3d460b46, 0x2f46a936, 0x4d7e412d, 
    0x03086856, 0x4b605445, 0x11a745bb, 0xe402a628, 0x39002b00, 0x4b644600, 0x1b304911, 0x2107e844, 0xfb833617, 0x210c1344, 0x7764a605, 0x323e230c, 
    0xdd413937, 0xeebb300f, 0x4b1675fd, 0x194b2f34, 0x5a3b6c44, 0x8ba6fc1e, 0x089a64db, 0x4c490922, 0x11185218, 0x2c26ac29, 0x2c3f282a, 0x44fdfe23, 
    0xf3201113, 0x3726cb82, 0x57004900, 0xd3416400, 0x3526230b, 0x70503734, 0x05d54106, 0x42313521, 0x05201ac0, 0xed44d184, 0x17162106, 0x4d060e4a, 
    0x2420092a, 0x200c8a47, 0x2f4618f3, 0x67082107, 0x2207de7c, 0x41333304, 0x083e11d6, 0x5a3cd5fd, 0xfc1a5639, 0x30461426, 0x26124831, 0x9401426d, 
    0x40471f3d, 0x3a4b4b3a, 0xff8bdefb, 0x2c279e27, 0x22466c3d, 0x061e7d23, 0x54540e22, 0x2d10dc41, 0x272c34f6, 0x2622aba9, 0x22223437, 0x4618c4fe, 
    0x07200984, 0x2811df41, 0x00ed02e9, 0x00490038, 0x08d95c56, 0x22230623, 0x1b244526, 0x1811d765, 0x23092344, 0x15211507, 0x2c0f204b, 0x826ee905, 
    0x7b527318, 0x39090696, 0x10364527, 0x1daf033b, 0x325a3b21, 0x04157e8b, 0x5c385357, 0x5506fe36, 0x2a665615, 0xfe121024, 0x0d0e4b78, 0xfd6ee42a, 
    0x4330cc8a, 0x2b247a8d, 0x20104345, 0xdb4c1809, 0x36cd2e0b, 0x43370130, 0x01062f24, 0xfe2a24af, 0x2bf38ea2, 0x4505e5ff, 0x3400e402, 0x4d004000, 
    0x180a0768, 0x23080245, 0x31353526, 0x251a9549, 0x23152315, 0xee463626, 0x51df2d17, 0x412d3741, 0x48157f78, 0x39623d2e, 0x2912c247, 0xa77d5a05, 
    0x323963a9, 0xdc82e7fd, 0xfe385923, 0x08ee4609, 0x0e454d18, 0x6a490520, 0xca6c2a12, 0xab5b1f50, 0xfe3e2b26, 0x46d48ad9, 0x102005ef, 0x2c26d382, 
    0x44003700, 0xdb425000, 0x23112105, 0x4709b474, 0xaa431cbf, 0x36172306, 0xa7432133, 0x1555180c, 0x1006230b, 0x4d18816f, 0x0223070b, 0x412f3b04, 
    0x062410c6, 0x0dfdf025, 0x6927d282, 0x01553b2e, 0x423efc35, 0x5b6608b0, 0x1801200b, 0x23082f4d, 0x3c31120b, 0x2010c441, 0x23da826c, 0xc6fe2752, 
    0x0b21db88, 0x4f4d1837, 0x21e38407, 0xe3825605, 0x2c002426, 0x42003500, 0x3520e385, 0x471fab42, 0x6f4909d0, 0x0c764506, 0x6f56052b, 0x5a673580, 
    0x310b106c, 0x10924321, 0xfd6b0531, 0x15c21980, 0xa801334a, 0x3a3e3df6, 0x88f7fc41, 0xfd7828d3, 0x6443f188, 0x90262156, 0x05cd2cc2, 0x2823ac66, 
    0x4d44cc61, 0x41e5384b, 0xff210da3, 0x22bf84eb, 0x4a2e0026, 0x184f0af5, 0x1b6d4305, 0x0b28c1a1, 0x4ebc8cdc, 0x300b0e60, 0xf628c3af, 0x07cafe0d, 
    0x24204e61, 0x1b47c6a8, 0xa0062b05, 0x3e00e402, 0x4f004600, 0x99485c00, 0x2311211c, 0x2020a041, 0x21df9d15, 0x4e18e304, 0x582515bf, 0x350b0e6a, 
    0x11854224, 0x44fcb530, 0x4c15cf18, 0xe49e0136, 0x3c363939, 0xb341fcfc, 0x18ac2009, 0x2114e44e, 0xfe925766, 0x07616c2d, 0x2824ad68, 0x4a41d261, 
    0x41df3647, 0xff250ac6, 0xffebffff, 0x2dff846f, 0x00f20022, 0x00070000, 0x0031027e, 0x4b4f004a, 0x41a12005, 0x68220a17, 0x1b417400, 0x0a31495f, 
    0x210b4b4f, 0x3341e404, 0x6a562515, 0x25360b0f, 0x29113341, 0x1f3dfcb6, 0x364c15d0, 0x33419f01, 0x41fb2005, 0x8c200833, 0x21064e49, 0x574978fd, 
    0x15454108, 0x4a556321, 0x454112d7, 0x4f482016, 0x6620072b, 0x00210887, 0x053f4100, 0x0293052f, 0x002700e4, 0x003e0035, 0x0054004b, 0x0da34760, 
    0x221b6d48, 0x47361704, 0x00280a95, 0x26263435, 0x17072223, 0x280cec43, 0x33161624, 0x06273732, 0x0bfc5215, 0x6e93052b, 0x3a58197d, 0x05406f45, 
    0x119a513a, 0xfda80539, 0x5c213085, 0x1d573936, 0x4d1585fd, 0x24eb0135, 0x2a3b3045, 0x41c0fced, 0x43290822, 0x3c2a482a, 0xfd13ef2a, 0x082241a0, 
    0x9788fd29, 0x6f3d2b25, 0x512f0c47, 0xc6321197, 0x2a25233e, 0x26ab9e24, 0x25f8fe2b, 0x222a4628, 0x5e4239bf, 0x44532808, 0x23bf2324, 0x41d1fe29, 
    0x05320a17, 0x0000ebff, 0xe4022106, 0x35002900, 0x46003900, 0x6f4e5100, 0x2223220a, 0x1d9a4d26, 0x17160422, 0x2208aa46, 0x4b152325, 0x25200d71, 
    0x29096459, 0x826f2106, 0x5d626995, 0x06410771, 0x36063313, 0x1653ddfc, 0xfe4c3f31, 0x354d150a, 0x95956c02, 0x00412efc, 0x18ec2008, 0x2c083e42, 
    0x630188fd, 0x6a74683b, 0x301e1b57, 0x11524439, 0x172e342a, 0x2924aeac, 0xedfeac61, 0xaa20f288, 0x07644218, 0x8d053f43, 0xd35d20e7, 0x0bfc41e9, 
    0xfc21f5c2, 0x0af641f7, 0xfe21feb7, 0x08f141ea, 0x2505e746, 0x00e402c8, 0x8d4f0026, 0x23012106, 0x46085b4c, 0x16201c27, 0x2a076c4c, 0x23253336, 
    0x14071415, 0x4c323316, 0x052e0e66, 0x1f816fc8, 0x77514566, 0x32080341, 0x764b382a, 0xfddd3510, 0x27155138, 0x167bfe25, 0x1102364e, 0x4e5aafa7, 
    0x86fc604e, 0x2a08ea41, 0xb388fd78, 0x74412e28, 0x412e224d, 0x362e11de, 0x3442102e, 0x2a26b13f, 0x0eb25661, 0x4b4c5643, 0x6f062113, 0x4724d782, 
    0x66005900, 0x0b2b4f18, 0x200f5218, 0x221c7b50, 0x4b373604, 0x0244068a, 0x43332006, 0x05210cf4, 0x3c52189a, 0x5501201a, 0x8433148e, 0x344137fe, 
    0x4d1512fd, 0x1e315435, 0x55452e50, 0x18fc0313, 0x180a154d, 0x211d6152, 0x8c550915, 0x40b42c13, 0x24ae690b, 0x1e1d3f29, 0x18dd3746, 0x410cb75e, 
    0x802005ef, 0x2006f744, 0x07bb4943, 0x77513520, 0x2af34406, 0x4c0c756c, 0x05210c83, 0x07834c80, 0x3113dc43, 0x93fd9505, 0x33541f32, 0xfd1a5639, 
    0x354c1599, 0x754c7501, 0x51fd2107, 0x4411754c, 0xcd2613d3, 0x2c232038, 0xe082a927, 0x4c9bfe21, 0x0027166a, 0x00ebff05, 0x82550700, 0x002d28e7, 
    0x004a003e, 0x4f650058, 0xefaa0c55, 0x2120e883, 0x2405a451, 0x07061415, 0x06e64216, 0x43352721, 0x1422061d, 0xfe8c3316, 0x6e55072f, 0x44661f82, 
    0x1d226843, 0x754f4462, 0x1304413f, 0x6a072908, 0x2231c2fb, 0x6c4e3c61, 0xfc30331b, 0x354c15ee, 0x57a6a203, 0x4d590259, 0xe9fd604e, 0x07020145, 
    0x4c3b3644, 0x4ffd3b4c, 0x290b1241, 0x2a2d28b2, 0x3d352e27, 0x1641466c, 0x223b3f14, 0x0c384224, 0xae433c45, 0x5a612924, 0x3f0a6958, 0xc24c5f4b, 
    0x150a384e, 0x3b48392a, 0x8c4d493c, 0xff04330b, 0x06f8ffeb, 0x00ed021b, 0x003a0034, 0x0058004b, 0xb14a0100, 0x18352006, 0x4c080d46, 0x54181a95, 
    0x04240d2a, 0x32331716, 0x4b05745c, 0xd74b05dc, 0x8b032a0c, 0x302a3130, 0x6c63727e, 0x12a04c79, 0x1ec20338, 0x94786427, 0x6f550274, 0x59ddfd83, 
    0x664f2513, 0x0f132b32, 0x8c4d60fe, 0x2b01240c, 0x183d3155, 0x20076d54, 0x12aa4c57, 0x54180920, 0xcd270a75, 0x433f3b44, 0x4d05362d, 0x042e0e8d, 
    0xc4ff3f00, 0xee027105, 0x43003700, 0x4b524700, 0x08285b09, 0x22a05218, 0x82352121, 0x4fef8201, 0x25210874, 0x77571823, 0x71052b0c, 0x6996816f, 
    0x18715d62, 0x5218d8fe, 0x012717b8, 0x03e0feb4, 0x185dfb1f, 0x39073e45, 0x9696b303, 0x2c47f1fe, 0x29252f35, 0xfd78022b, 0x3b590187, 0x586a7468, 
    0x52182839, 0xb6221bd0, 0x4518e76b, 0x50260858, 0x282d6ab6, 0x33712d27, 0x83052005, 0x360721e7, 0x3e28e782, 0x50004a00, 0x67005c00, 0x710cfb42, 
    0x262306ce, 0xb3373435, 0x330526f0, 0x21353532, 0x45458321, 0x4a1806f3, 0x07320a5b, 0x1f816f36, 0x8b784566, 0x62688808, 0x1b345e3d, 0x0541d7fe, 
    0x013d2816, 0x04dffeb9, 0x4198f9e6, 0x27080805, 0xfe83b31b, 0xa85d02ca, 0x4f59525c, 0x2bfd604e, 0x2f352c47, 0x022c2825, 0xaa88fd78, 0x76882e28, 
    0x3073693a, 0x2c3b3958, 0x23191441, 0x6cbc364e, 0x09e55318, 0x43796c3a, 0x08655357, 0x4b605849, 0x28272d19, 0x0030382d, 0x3f000300, 0x1905c4ff, 
    0x20060342, 0x0b17414f, 0x41272621, 0x3327220d, 0x35353632, 0x42213523, 0x17440e01, 0x19052108, 0x6227ff82, 0x447b5342, 0x97effe01, 0x42bc27f9, 
    0xc802b14c, 0xf988b5fb, 0x57a75b28, 0x4e590158, 0xeb83604e, 0x2d28b225, 0x9b507641, 0x3e3b22e4, 0x29e68a43, 0x6b574350, 0x5f57470c, 0x0082004c, 
    0x0421df84, 0x22df82cd, 0x5148003c, 0xf0410e63, 0x74332026, 0xe48b086f, 0x2c0d6572, 0x7f6ecd04, 0x4438561a, 0xfe033866, 0x2be696e9, 0x611ebd37, 
    0x1a56383e, 0x80fe6efe, 0x0236e987, 0x451e3cb8, 0x4a4b3a40, 0x6ce4023b, 0x289e88fd, 0x466c3d2b, 0xec991515, 0x2d354926, 0xa7262b33, 0xfe21ee8a, 
    0x09f3458a, 0x04000030, 0xf7ffebff, 0xe4021106, 0x3e003200, 0xad4a4400, 0x12c37108, 0x201a8657, 0x05355500, 0x32333629, 0x23251716, 0x47071415, 
    0x06210dd4, 0x3b581811, 0x3b05220d, 0x11d54c2d, 0xa2fd2632, 0x1539fe41, 0x573f354d, 0xadb30114, 0x3dfcd023, 0x210bbb45, 0x4a183f01, 0x7e220b62, 
    0xd148362a, 0xbdfe2e10, 0xb34c404b, 0x36402924, 0x384c4cdc, 0x09b647ef, 0x0721e384, 0x20e3826a, 0x22df8245, 0x1868005b, 0x20142562, 0x24f2ad37, 
    0x23152315, 0x20f68a04, 0x05b74b24, 0x0521fa8f, 0x0c4f59e9, 0x187efe21, 0x41093f4b, 0x07251305, 0xfd7bbc7f, 0x09074180, 0x5782e429, 0x2344fe05, 
    0x592ffcde, 0x0c211565, 0x1f154118, 0x0fc86c22, 0x22071641, 0x415b3d44, 0x00200d18, 0x2c05ff41, 0x022907ee, 0x004e00e4, 0x0064005a, 0x071b4171, 
    0x08f96118, 0x200de87f, 0x09254127, 0x5b06f545, 0x24411b3d, 0x18d82027, 0x2f13c662, 0xfe176137, 0x28292a55, 0x616d7c2c, 0x313d6f66, 0x25103242, 
    0xb27a3e07, 0x2c41b6fd, 0x63c52909, 0x43fe5845, 0x36fcd624, 0x18082c41, 0x2e10fe62, 0x2e742c25, 0x0d2a3338, 0x796a5b13, 0x5b306e61, 0xb7221276, 
    0x46424c21, 0x3a462506, 0x374d4c5c, 0x410a4842, 0xf728062f, 0xe402a107, 0x4d004100, 0x18099756, 0x5607d273, 0x3420058e, 0x432e4b42, 0x21250c3e, 
    0x33071415, 0x0f6d5936, 0x59a10721, 0x08220a61, 0x464278fe, 0xfcb6221e, 0x08174112, 0xfd43032b, 0x26fd23c3, 0xfa8b436f, 0x0c5143ad, 0x07eb6218, 
    0x42232521, 0x5a431f44, 0x2323210d, 0x350a8659, 0x05000000, 0xebffebff, 0xe4027607, 0x45003900, 0x55004c00, 0x17466200, 0x062d5306, 0x51093342, 
    0x274b0701, 0x0c0d411b, 0x23353526, 0x25071415, 0x1d4d0482, 0x76072c11, 0xdc0b806f, 0x5843bc8c, 0x4169fe15, 0x8b221e10, 0x10413dfc, 0xa1012c08, 
    0x3602239b, 0x3a3e3df6, 0x41d7fa41, 0xf6260b11, 0x07cafe0d, 0x0d413b48, 0x040c2629, 0x384c4ccc, 0x103d54d0, 0x2e051341, 0x02ce09f7, 0x005b00e4, 
    0x006e0067, 0x4d8e0081, 0x27242943, 0x26222306, 0x442e6943, 0x25200b8b, 0x22053541, 0x77373624, 0x3720078b, 0x45059346, 0x08210d96, 0x176b4df9, 
    0x167b5e29, 0x6d524835, 0x436afe17, 0x09231b7f, 0x41e5f9e3, 0x99350a54, 0x41b30324, 0x3917fd34, 0x0d34263b, 0x4553760f, 0xf9031355, 0x095f416a, 
    0x241a884d, 0x4d234c59, 0x1f984344, 0x9743d820, 0x040c3007, 0x374d4ccc, 0x690b401c, 0x254d44cc, 0x4d5d5620, 0xc7610ea4, 0x02682a05, 0x002100e4, 
    0x004d0038, 0x09bb4c59, 0x61222321, 0x272005c7, 0x11686c18, 0x18002121, 0x6108005b, 0xfa5b05c6, 0x61202006, 0x76571fca, 0x6168200c, 0x5e2408c9, 
    0x4c331c82, 0x0b145b18, 0xfb7d0637, 0x39402a46, 0x6a4c4166, 0xe5fd4a14, 0x444d4d5c, 0x1e28f102, 0x07cc6120, 0xfe2b0f82, 0x323b3bb4, 0x323c3c32, 
    0x6136cb02, 0x022005d5, 0x2307cb61, 0x07214c51, 0x08375b18, 0x4486fd2c, 0x5c3f5f38, 0x193d4731, 0xbb616b67, 0x09cb6106, 0x0669652a, 0x6f4f403d, 
    0x3b31313b, 0x03210383, 0xd26c1840, 0x03002f09, 0xfbffebff, 0xe4026b05, 0x3c002400, 0x0d5e4800, 0x131a4112, 0x5d210721, 0x0d410808, 0x08105e05, 
    0x3606fd45, 0x05331614, 0x85816f6b, 0x494d564b, 0x7a592413, 0x1e463617, 0x1873221d, 0x24070f5c, 0xfcf08005, 0x2df083f6, 0x211e2955, 0x62406377, 
    0x887f451b, 0xec872ffe, 0x0134e382, 0x4244477f, 0x4a4a654b, 0x473b061f, 0x40897f8e, 0x6c6c5d4a, 0x432ad986, 0x5f304d1b, 0x3b2d316d, 0xd387ebfe, 
    0x82ffff21, 0x841b20c7, 0x00272ac7, 0xff8f027e, 0x010200f6, 0x069f4508, 0xed05fb22, 0x2224df82, 0x45003900, 0x5908cf48, 0x2721085b, 0x12fa4106, 
    0x3522df8c, 0xde853634, 0x6a002121, 0x136a0a07, 0xed052e0b, 0x2397816f, 0x39385b34, 0x4e1b1c5c, 0x0ce44130, 0xfcf00223, 0x2ce98474, 0x6377402a, 
    0x3a1b5e3e, 0xfd350165, 0x27e986ad, 0x38387201, 0x38382d2b, 0x0b8c6618, 0x1b2a2e23, 0x09d9411d, 0x4429f387, 0x6d5f5f38, 0xfe38292d, 0x2af287e6, 
    0x2a2b3715, 0x2b2c3637, 0x82050036, 0x05fb22fb, 0x24e382ff, 0x0036001f, 0x1163543a, 0x4213c241, 0xd88505dd, 0x41353321, 0x012308cf, 0x8b331523, 
    0x0a6354da, 0x70ff052b, 0x61659582, 0x3818593c, 0x22e28c55, 0x83affb14, 0x644427dc, 0x4b4d3419, 0xed8372fd, 0x95b40325, 0x879dfd95, 0x4d8720e5, 
    0x8828098a, 0x693b6301, 0x2d2a2e73, 0x250ebc42, 0x32366d5f, 0xe041ac23, 0x0e022306, 0xe687f3ac, 0x61548a20, 0xff002207, 0x20e782ff, 0x2ae78420, 
    0x027e0027, 0x00fbff79, 0x410b0102, 0xa32008e3, 0x1d26ff82, 0x41003500, 0x854c4d00, 0x14de410a, 0x210bd943, 0xfc8c3536, 0x4108784c, 0xa32a0cdf, 
    0x661f816e, 0x1c3f8a45, 0xf98b3657, 0xfcb80528, 0x39402a0b, 0xfa824166, 0xfd202b23, 0x2af984ed, 0x594ab15b, 0x4e4c5702, 0x42f6fd61, 0xb4250acf, 
    0x22612e29, 0x28f48e25, 0x39315c3f, 0x41470c33, 0x28f7883f, 0x09665a56, 0x4b604b45, 0x82fe879b, 0x21f784de, 0xdf83051b, 0x2009db42, 0x20f7880d, 
    0x21f78451, 0x375c0036, 0x057b5208, 0x571bf341, 0xd344096c, 0x52242006, 0xc5430e7c, 0x6e512a0a, 0x38561a7e, 0x371b5b3d, 0x30fa8c5b, 0x2a5dfc66, 
    0x6a637740, 0x38551c38, 0xfd1a5638, 0x2bfc830c, 0x1e3db102, 0x4b3a4046, 0xcbfe3b4a, 0x9e25fc8a, 0x2d312b28, 0x27fc8e32, 0x263d6d5f, 0xa8272b28, 
    0x4820fb86, 0x2009854c, 0x86fc8927, 0x05bf77fb, 0x2007d743, 0x2dfb860f, 0x02e905f8, 0x002b00ed, 0x004e0031, 0x6f51005a, 0x1417250a, 0x26222306, 
    0x51130141, 0x00200d66, 0x5109bc44, 0x13410a6e, 0x09054108, 0x2f5a032e, 0x7d302a32, 0x56637201, 0x3f301372, 0x080bca44, 0x1e920324, 0x94796425, 
    0x6e540274, 0x29b6fc83, 0x6377211e, 0x29166b4a, 0x2c31664e, 0xd6fd0f13, 0x444d4d5c, 0x0b415101, 0x0a745106, 0x18494e22, 0x5109d844, 0x6e26066b, 
    0xe4028afd, 0xde4486fd, 0x3a3f2605, 0x352e433f, 0x061d4105, 0x4208bc45, 0xfb83090f, 0x11012222, 0x07201082, 0x3106f144, 0xffebff05, 0x02ef051b, 
    0x002900e4, 0x00470041, 0xf9620053, 0xcd651806, 0x131b4111, 0x86056749, 0x413220fd, 0xc04d091a, 0x090e4107, 0x310c8059, 0xfe826eef, 0x272a296a, 
    0x6d017c2c, 0x106b5561, 0x1e414733, 0x0406260b, 0xfd499bfd, 0x09eb459e, 0x166a4929, 0x24abc401, 0x41abfdcf, 0xff210614, 0x0b815700, 0x220ad54d, 
    0x411e4856, 0xfe240922, 0x4c444db7, 0x260cff45, 0x4cdd383e, 0x42cf374d, 0xfe21072b, 0x088357de, 0xebff012a, 0x0b050000, 0x2b00e402, 0x7a108158, 
    0xcc6d0848, 0x05212212, 0xb973180b, 0x7aa0200c, 0x05250a64, 0xfd780220, 0x5e621888, 0x18f2200d, 0x220cd173, 0x83020000, 0xaa042177, 0x27227782, 
    0x15693a00, 0x2635240f, 0x18353526, 0x2013064e, 0xe5731821, 0xaa042112, 0x0ae57318, 0x868a8420, 0x18bf0421, 0x8c1ef073, 0xfc731893, 0x0517410e, 
    0x9f824520, 0xf3682e20, 0x114c180e, 0x141a410d, 0xd7684520, 0x18672005, 0x20087d72, 0x21968a53, 0x72185a05, 0x8b8c1388, 0x1f410020, 0x5e052106, 
    0x22207f82, 0x18099941, 0x94089360, 0x07c66775, 0x6f5e0529, 0x656d9d81, 0x8b866d64, 0x18732075, 0x8c14fc6f, 0x08701876, 0x23fb8207, 0x5504e5ff, 
    0x4a187b82, 0x33620b3b, 0x3634210a, 0x2006b04f, 0x05945b06, 0x27082842, 0x23072135, 0xee022315, 0x113d6f18, 0x210b0141, 0x6f186a04, 0x8d8d1648, 
    0x8200ca21, 0x258b8200, 0xc0040000, 0x6f49ed02, 0x05b14507, 0x073b4e18, 0x42373421, 0x6f181426, 0x04211f6d, 0x6d6f18c0, 0x7708210a, 0x230a2741, 
    0x221da202, 0x237c6f18, 0x8c1b1c21, 0x5b0921ac, 0x158a6f18, 0x2105e742, 0xbf829406, 0xd94d5720, 0x45062008, 0xdb780571, 0x21c7b20c, 0xd5753527, 
    0x35232306, 0x045b0721, 0x94062c09, 0x651f826f, 0x21714c45, 0x794d7522, 0xe19f050a, 0x53374b33, 0x0c030158, 0x029c4c54, 0xb0a6f1b3, 0x604d4f5a, 
    0x05ff5a02, 0x38343723, 0x082b793c, 0x2c33f39d, 0x0252632a, 0x4b481c1c, 0x4d6c6c36, 0x58490eb3, 0x42004b60, 0x062106c7, 0x22ff824c, 0x65640056, 
    0xffbf0d75, 0x023e3723, 0x05b17033, 0x310d1f54, 0x7f6e4c06, 0x4838561a, 0xa03f1a68, 0x2f46836c, 0xffa04835, 0x5c48392e, 0x633a040c, 0x19573840, 
    0x240182fe, 0x20057776, 0x0627544c, 0x412c2724, 0x0441723a, 0x48482728, 0x2b35603d, 0x6d18a827, 0xff2b0f0f, 0x050000eb, 0x00e40221, 0x6436002a, 
    0x362512b3, 0x35213336, 0x13d74321, 0x210b484b, 0x99642105, 0x673c2509, 0xfd350140, 0x210bbb42, 0x71183605, 0xae421ab0, 0xbc71180c, 0x0000220a, 
    0x05e36d00, 0x9b82e820, 0x3f003324, 0xaf574b00, 0x3772180d, 0x4a32200e, 0xf8430603, 0x140f4a13, 0x6fe80631, 0x44661f81, 0x8d0c8a73, 0x395d3624, 
    0x833a623c, 0x553624b8, 0x43d6fc4b, 0x06330a76, 0x5ba7f0fd, 0x49590856, 0x26fd604e, 0x2d2c3738, 0x422d3939, 0x8c2f0682, 0x3b41327a, 0x5d322d56, 
    0x2f5d423f, 0x8c363d37, 0x4d6c31c8, 0x4b0a634f, 0xd54c5f5b, 0x362b2b37, 0x372a2b37, 0x0421cf87, 0x22cf82a2, 0x46310028, 0x7a7a0d5d, 0x16322205, 
    0x166b4117, 0x102e6318, 0x61a20421, 0x3f270733, 0x5739456e, 0x8af1fd1d, 0xb70424b5, 0x182a48fe, 0x200dde71, 0x07106178, 0x3c6c4625, 0x8c9e242a, 
    0x18fe20ac, 0x4310e971, 0x0527061f, 0x00ed022d, 0x18400035, 0x2019eb71, 0x141a4207, 0x32333624, 0x4b181516, 0x05320d03, 0x8b81702d, 0x5e3d6268, 
    0x4b5e7834, 0x100e2323, 0xb08ad3fe, 0x1ec0022a, 0x8b5c6626, 0x2b48fdfe, 0x2205de58, 0x4cfd6ce4, 0x30280565, 0x635c3958, 0x07332d53, 0x0920b18c, 
    0x0d0c7218, 0x20082b42, 0x22af82e1, 0x6255004a, 0x27200db5, 0x3009db59, 0x35333336, 0x22232634, 0x15060607, 0x26231714, 0x1ba74535, 0xd7581520, 
    0x0ac44407, 0x2a0ad559, 0x8170e106, 0x7945661f, 0x1869068d, 0x28093964, 0x14120d12, 0x0a048204, 0x3adc8b8f, 0x662520bf, 0x4044955c, 0xf1c702b0, 
    0x5059afa7, 0x48fd604d, 0x30352c47, 0x422b2825, 0x3b20084b, 0x09f07218, 0x26090729, 0x1610121a, 0x901e2611, 0x433321f3, 0x2009c444, 0x08544d11, 
    0xebff032e, 0x32050000, 0x2600e402, 0x35002a00, 0x470f2f49, 0x33201b13, 0x0522d08a, 0x7f626f32, 0x5e772405, 0x8a74fe4c, 0x470521c0, 0x19287318, 
    0x7318a28c, 0x47490a34, 0x84df2005, 0x79761893, 0x06f27b0e, 0x20135344, 0x0a405b07, 0x18df0421, 0x210a4573, 0x8f8ae0fe, 0xf0f40422, 0x14507318, 
    0x4d218b8d, 0x5c731857, 0x228b8207, 0x8304ecff, 0x002b228b, 0x0c454437, 0x01230723, 0x07ad4626, 0x9214c942, 0x75502b90, 0x0195e821, 0x0c04055b, 
    0x969d4b54, 0xe8393e2b, 0x1e214c01, 0x4b482612, 0x0c377836, 0x9b896c20, 0xebff012a, 0x7f052c00, 0x4b00e402, 0x44294b54, 0x3321082d, 0x050e5436, 
    0x2211ef48, 0x54aa0415, 0x73181708, 0x7d200db1, 0x220a5841, 0x18029405, 0x4127bc73, 0x2f440d6b, 0x8f042106, 0x2820c782, 0x49074746, 0xd9440511, 
    0x0cb54e1f, 0x6e8f0423, 0xd973187e, 0x8a05200c, 0xa404239d, 0x1661b8fe, 0x78022107, 0x0de57318, 0x73188e8c, 0x9b840df1, 0x05f7ff23, 0x209b8226, 
    0x07ff4131, 0x18114d4d, 0x42076275, 0x07231796, 0x5a260533, 0x51240df1, 0x9ffe4a50, 0x05239f8a, 0x18adf03b, 0x8c173873, 0x4c6c249f, 0x4600384c, 
    0xd620080f, 0x6b06f351, 0x316c064d, 0x18272009, 0x180cd16a, 0x24144b80, 0x36363737, 0x0dd25233, 0x8947d620, 0x3e240806, 0x691d1b66, 0x44746243, 
    0x6b382f31, 0xfcf0eb04, 0x263933f1, 0x3e373730, 0x14473b30, 0x567a0f03, 0xedfe3501, 0x11467918, 0x2f313623, 0x0e47182d, 0x2f6f180b, 0x45372607, 
    0xfe524d0c, 0x0d0b6cd1, 0x82ea0421, 0x001d26bb, 0x00380034, 0x0d754443, 0x0021bb91, 0x20ac8436, 0x05bd5633, 0x08c04718, 0x29600120, 0xea042e0d, 
    0x6995826f, 0x19604062, 0x633e631e, 0x2fbc8576, 0x4988fcff, 0x70100412, 0xebfd4c4f, 0x382e3933, 0x0222c483, 0x771895c0, 0x342312bb, 0x8a26272f, 
    0xe8fd27bd, 0x440c3930, 0xc487ac47, 0x18ac0121, 0x2608d577, 0x00ebff03, 0x82a80400, 0x001b24bf, 0x44410035, 0x77410c15, 0x44bb8210, 0x16200b26, 
    0x099d5b18, 0x1420be82, 0x07f67718, 0x6fa8042e, 0x44661f81, 0x24226d49, 0x8575456c, 0xbd2bbb85, 0x0556e0fc, 0x540c0401, 0x1846fe4b, 0x21079470, 
    0xbe447602, 0x2f32230d, 0xb58c312b, 0x0a3e4c28, 0x48261217, 0xb889364b, 0x20093144, 0x05bb4b00, 0x82780421, 0x002422bb, 0x21b98d30, 0x81182223, 
    0xc2821671, 0x5f713620, 0x04320807, 0x1d816f78, 0x613e3a5e, 0x61774119, 0x961e2078, 0x3527e802, 0x41354741, 0x0463fc4e, 0x4638fd8d, 0xc7310b0f, 
    0x33444135, 0x88fd7802, 0x322e29b0, 0x7018622f, 0x012c0db6, 0xe0fd6c0f, 0x25423441, 0x3a33313e, 0x17228f85, 0x8f820605, 0x4d002e22, 0x0d817518, 
    0x078d5218, 0x0d1c4918, 0x3636372c, 0x26263537, 0x35213535, 0x5b181521, 0x042e1e61, 0x5b493e3e, 0xa47474aa, 0x3d694122, 0xad823c65, 0x846f0121, 
    0x472f2bad, 0x2d3d0a0d, 0xdbfd392e, 0x81181b05, 0x43251ec3, 0x592d4341, 0x6949183d, 0x28342409, 0x180c3a2b, 0x241dd381, 0xfeebff03, 0x22d38499, 
    0x4c580039, 0x16250521, 0x06141516, 0x08076807, 0x36343525, 0xc1272637, 0x060322e0, 0xf0631823, 0x2cec8308, 0x1874484d, 0x5c3d314a, 0x6f242732, 
    0x3ef3b028, 0x3934370b, 0x36333f41, 0x6178023d, 0x56516911, 0x4ffe2785, 0x3224217c, 0x51303758, 0x414e211a, 0xfe292d07, 0x3f010a09, 0x423e3333, 
    0x0573422d, 0x02030525, 0x4a2e00e4, 0xa94407b9, 0x1179420f, 0x3d4c3720, 0xd17d1805, 0x0305210d, 0x2706a144, 0x1e1d5f38, 0x6741395a, 0x2d08d341, 
    0x43343344, 0x5f7f0509, 0xd8fb3501, 0x334c1805, 0x292d2613, 0x572d2c28, 0x07c9413e, 0x3b013825, 0x18655c30, 0x260cf37d, 0x00ebff03, 0x82180500, 
    0x822a20a7, 0x443920a9, 0x1f430f95, 0x36322111, 0x3324a583, 0x21352135, 0x0e2c5518, 0x6f18052d, 0x62699582, 0x3e1a5c3c, 0x427b6171, 0x412c0778, 
    0x0b443732, 0x4c51720e, 0x2d05d1fc, 0x24141749, 0x674c2a2e, 0x086c425c, 0x47354024, 0x7c18ac4c, 0x4b410c4e, 0xd5042105, 0x470b734d, 0x3545052b, 
    0x32851809, 0x1837200c, 0x48082445, 0xd52d0c8e, 0x661f816f, 0x22714b44, 0x68446920, 0x2c9f877f, 0x4f423544, 0x540c0401, 0x042dfd4b, 0x0e2749ea, 
    0x37333723, 0x08c94338, 0x01393425, 0x4f286260, 0x2a490516, 0x05734d08, 0x825c0521, 0x001b249b, 0x444c0040, 0x194f0d5d, 0x8235200b, 0x09024ea2, 
    0x26231722, 0x4d076259, 0x22450588, 0x164c080f, 0x36363233, 0x6e5c0535, 0x3d5e1d82, 0x2a236a46, 0xb6987aad, 0x392e3841, 0xfc710569, 0x232f8cb0, 
    0x6b0f2e21, 0x32506c10, 0x31351950, 0x14648dfd, 0x673c3a12, 0xa7db0265, 0x96225a65, 0x022d4f32, 0xae88fd78, 0x2e302b26, 0x6c71554f, 0x083a5f18, 
    0x18a1fd21, 0x38098b85, 0x272a5757, 0x3a353605, 0x3668604f, 0x013f3c2b, 0x67564df3, 0x4e2ba104, 0x21d38332, 0xd38490ff, 0x2d792120, 0x08714109, 
    0x14414d18, 0x1d22d9ba, 0x6018486a, 0xdfae0c0f, 0x114c3824, 0x60188296, 0xe5a50d20, 0x28058745, 0x020f0600, 0x004400e4, 0x20f77051, 0x2106b944, 
    0x86182337, 0x362012ab, 0x1806c050, 0x210e2a64, 0x41185804, 0x08221955, 0x86183484, 0x422909d7, 0x5038543a, 0x060ffc18, 0x508a1824, 0x23252125, 
    0x0c3a7618, 0x8a183220, 0x0126115d, 0x0000ebff, 0xdb82a005, 0xf7542f20, 0x69c19310, 0x212107b7, 0x21018235, 0xf854a005, 0x8a892007, 0x2d8a2aa4, 
    0x012e2a28, 0x053bfb0d, 0x0bf954b5, 0x8a8c3720, 0x8718a220, 0xff25098f, 0xffebffff, 0x27838493, 0x027e0027, 0x006e004e, 0x04210782, 0x23078285, 
    0x00330102, 0x1f829682, 0x6b05f822, 0x0d82a382, 0x11230122, 0xa5500182, 0x3e7b1807, 0x4121200d, 0xa7841272, 0x7f6f6b35, 0x533049a4, 0x18503233, 
    0x4205797e, 0x4a383130, 0x89bcfe35, 0x110325b3, 0x80056efb, 0x8438ad84, 0x52356032, 0x891e242c, 0x37301801, 0x3b362e3c, 0x37613f3d, 0xa1a46176, 
    0xa122b083, 0x8f826c8d, 0xebff0226, 0x67070000, 0x3a208f82, 0x2008397a, 0x05e35306, 0x33412320, 0x1c3d4109, 0x35363222, 0x09d25918, 0x33161622, 
    0x072c0f82, 0x1f826e67, 0x8b734566, 0x4929100c, 0x70219a83, 0x33a0898a, 0x282e8901, 0x0f012e29, 0x9afa4c54, 0xa7f07c07, 0x5802545b, 0x2606c267, 
    0x882e28b3, 0x84140177, 0x121221a5, 0x80210684, 0x20ac837d, 0x2c05857d, 0x6c363f3c, 0x62504d6c, 0x605a4c0a, 0x0523454b, 0x82120721, 0x513d20bb, 
    0xb34f0df9, 0x57c78307, 0x0985058c, 0x8305eb55, 0x08fa41ae, 0x5308c542, 0x07210d87, 0x080e7a12, 0xb9848220, 0x29111442, 0x395b3e41, 0xc5f91a56, 
    0x724c2707, 0x22222113, 0x42052242, 0x36201329, 0x11728018, 0xff23cb83, 0x829605af, 0x7f3920cb, 0x89180707, 0x272018c7, 0x56138e41, 0x352105d6, 
    0xdb891821, 0x9605210b, 0x11db8918, 0x03614523, 0x0a8b417f, 0x4b192328, 0x70fc5b2d, 0x8918ab05, 0x47211aea, 0x0cee4246, 0x5a191923, 0xf789186c, 
    0xff02260c, 0x050000eb, 0x22bb823a, 0x463c0030, 0x26220c0d, 0x805f2326, 0x18152009, 0x240c199b, 0x17322135, 0x11394236, 0x6f3a052d, 0x45661f81, 
    0x0b0f8475, 0x18522735, 0x3010bd70, 0x367f2001, 0xc8fc2c2f, 0xa7f04f05, 0x53095558, 0x05fa694a, 0x2e28b326, 0x221f7684, 0x0fd57018, 0x0d48672f, 
    0x6c363a44, 0x6c554d6c, 0x604f450d, 0x057f434b, 0x041c0023, 0x0f1f58c3, 0x093f4118, 0x18145b41, 0x2109425a, 0xd7674203, 0x4211200b, 0x5f270b16, 
    0xfc056f4a, 0x18d80462, 0x210f548a, 0x3e412d36, 0x5b312c0c, 0x00c86c6c, 0xffebff01, 0x825d04ee, 0x673d2087, 0x91941f79, 0x0a2b6118, 0x670c0321, 
    0x4a231345, 0x416f0471, 0x13290ae7, 0x582c4b19, 0x720484fc, 0x1b8a187a, 0x50402112, 0x1826a18c, 0x6c6c5c18, 0xa38300b7, 0x04000023, 0x20a382fe, 
    0x05d5412c, 0x430ced66, 0x5a430d64, 0x21353309, 0xfe042135, 0x4986806f, 0x13494d57, 0x43754b27, 0x8889b032, 0xfba30227, 0x021305dc, 0x08f67f78, 
    0x4b693534, 0x3f38385c, 0x61763761, 0x3930a4a7, 0x8aa43138, 0x7b84006c, 0x04e5ff23, 0xeb5b18a1, 0x3233230a, 0xc7593536, 0x1694460b, 0x08078918, 
    0x593a0321, 0x0b210cc9, 0x28848985, 0x68485301, 0x044afc32, 0x12cb59b6, 0x85242a21, 0x45a5208c, 0x312405d5, 0xca6c6c5b, 0x2008d35a, 0x208f8266, 
    0x093d5329, 0x940a5f56, 0x2135218d, 0x2b0ed64a, 0x98816f66, 0x395d3624, 0x153a633b, 0x2c0a3a42, 0x75fb0a03, 0xfdfd7b05, 0x2c2b3838, 0x06246239, 
    0x39568120, 0x2c342107, 0x290c9c41, 0xd9fd6c8c, 0x372b2b37, 0x2f562c37, 0x82e9200a, 0x002b2497, 0x6d3d0034, 0x35200c97, 0x4405b954, 0x36200ffb, 
    0x5609f344, 0xe9201132, 0x21073256, 0x2f417e09, 0x213e2a0a, 0x57393155, 0x04edfb1d, 0x193556fe, 0x8c1f2521, 0x1f1d22a8, 0x2188182a, 0x4a002014, 
    0x7b20063f, 0x2722b382, 0x51582b00, 0x05555109, 0x4b1b5642, 0x7b2a0f7c, 0x6996826f, 0x335d3d61, 0xac898b18, 0x10023708, 0x90056ffc, 0xfe9696f1, 
    0x362b47f2, 0x2c29242f, 0x88fd7802, 0x65427501, 0x37542e6f, 0x3f312a36, 0x61763761, 0x39309598, 0x99953138, 0x6a996c6c, 0x2e26272e, 0x1b492c33, 
    0x30052106, 0x9d479784, 0x08636106, 0x46138443, 0x052c12f8, 0x1f836e30, 0x8a744465, 0x492a100c, 0x01309389, 0xfc4c540e, 0xf14505d1, 0x02555ba5, 
    0x5f4e4e58, 0xb1229283, 0xec462d27, 0x06e54608, 0x480cdf46, 0x8f83064b, 0x41012222, 0x2206ff5f, 0x466e004e, 0x042105f7, 0x22a782db, 0x4138002a, 
    0xaa4924f1, 0x0de44607, 0x46db0421, 0x83250ee4, 0x2e2a282d, 0x05d84601, 0x04fcfb23, 0x1bd846f0, 0x46061f43, 0x032613cb, 0xafffebff, 0x9f826105, 
    0x93592f20, 0x0a094e09, 0x20dd7f18, 0x48180720, 0x3321083c, 0x0fbc5221, 0x4e610521, 0x4b23061a, 0x18701372, 0x2f15d057, 0xfdf07605, 0x3325b562, 
    0x012c242b, 0x597b0c1b, 0x2315c552, 0x3725444d, 0x11d09018, 0x1cb76c27, 0x511d1e21, 0x0ac65259, 0x84040021, 0x827b20cf, 0x002d24cf, 0x4c41003d, 
    0x5d1807f1, 0x2720078e, 0x0024cfa0, 0x35333336, 0xd052d38a, 0x7b052a0e, 0x6995826f, 0x0c6d5262, 0x27d0966e, 0x6efbfc90, 0x56fe4c4d, 0x2322d486, 
    0xd9522602, 0x48542113, 0xfe23d193, 0x84ac43a5, 0x2f0121d4, 0x2108d952, 0xa3410000, 0x82212005, 0x412b20d3, 0xed4209a3, 0x57cfa006, 0x9b7a0b10, 
    0x82332006, 0x08e552d3, 0x6f21052a, 0x44661f81, 0x861f7b57, 0x3629d096, 0x04023cfd, 0xfe4b540c, 0x20d285c9, 0x0e854e02, 0x94424921, 0x1e6527ca, 
    0x48261210, 0xcf86364b, 0x4b0af052, 0x062005fb, 0x9161cf82, 0x2327210c, 0x1a819218, 0x0f988318, 0x35211131, 0x6f060521, 0x3a5e1d81, 0x9a126d4a, 
    0x18557415, 0x25119792, 0x8f067c65, 0x94182b0e, 0xfb24098f, 0x021b05d5, 0x23050253, 0x564a4149, 0x0ba69218, 0x38627724, 0x94186621, 0x02260b9d, 
    0x1700ebff, 0xa3826205, 0x52003322, 0x210c0353, 0xa79d3535, 0x28280853, 0x5b493e9a, 0xb69874aa, 0xa1821856, 0x775b2b14, 0x2a1d8a10, 0x7ffd392e, 
    0x0e537705, 0x6c71221e, 0xc782180c, 0x5261220d, 0x1e0e5319, 0x21052f48, 0xdf828805, 0x7f4d3820, 0x1c86410e, 0x0ea56e18, 0x4d880521, 0x53230588, 
    0x97601369, 0x445920c5, 0x0d3005a9, 0x9d0553fb, 0x88fd7802, 0x3f377e01, 0x434d3761, 0x7f20b28f, 0x2f05c447, 0x02006c8c, 0xf8ffebff, 0xed027305, 
    0x4f004900, 0x4113b377, 0x35201b80, 0x2a073566, 0x23171506, 0x37343526, 0x66213521, 0x02230d61, 0x77322ee4, 0x7a2405aa, 0x5e780e5d, 0x24113742, 
    0x5f11775a, 0x0e8c188e, 0xfd122608, 0x2116036c, 0x128c1827, 0x57222214, 0x0b454267, 0x2a52602e, 0x362d433f, 0x15262d36, 0x6c283215, 0x200bae77, 
    0x20008200, 0x26d78201, 0x02b70208, 0x723000e4, 0x07200ddd, 0x21083054, 0x80541433, 0x18262008, 0x2a0fce93, 0x444c5019, 0x897b4a49, 0x84524182, 
    0x8b390808, 0x447e5480, 0x36323038, 0x1a507841, 0xcc0282fe, 0xb80191cf, 0x4134383b, 0x7f6f3b46, 0x3c370202, 0x3b474134, 0x6638826f, 0x19583c44, 
    0x433b5c1c, 0x6c533563, 0x0000c06c, 0x22878202, 0x82b90209, 0x002a2287, 0x18898e36, 0x660cd781, 0xbe4a056f, 0x6b12200a, 0x01200a6c, 0x45328f82, 
    0x347b4c47, 0x46373132, 0x7c4f4f7c, 0x34313746, 0x8b834034, 0xce028129, 0x4d4591d0, 0x8244444d, 0x31938703, 0x1a1c5f3e, 0x65453d5a, 0x45653434, 
    0x1c1b593d, 0x90863a5c, 0x3fbefd29, 0x3f3f3837, 0x493f3738, 0x1f2008bb, 0x2d209b82, 0x24092149, 0x35262223, 0x06d74137, 0x58182120, 0x961808c4, 
    0x0028113c, 0x21113536, 0x16322115, 0x0806c37a, 0x6f1f055e, 0x6471357f, 0x2e2f017b, 0xfe2a3630, 0x4f5e4a8b, 0x7a4e4040, 0x504f7640, 0x8347477d, 
    0x89fe0558, 0xc6fe3405, 0x00affd4c, 0x4b7166ff, 0x3b400445, 0x88fd7802, 0x747b5386, 0x241e191a, 0x3f484d19, 0x4b3e4e50, 0x74403f72, 0x3e74504b, 
    0xb1fd6c5b, 0x39014f5b, 0x344b4b61, 0x3e330641, 0x0027ae82, 0xfeebff02, 0x82a702e9, 0x002822af, 0x0c4b4134, 0x410e5956, 0x12210ecd, 0x08c78823, 
    0x1801354e, 0x49474e52, 0x76427b50, 0x3d334d18, 0x2a30315a, 0x77403734, 0x7ffe1f50, 0x94bcbc02, 0x433e3531, 0x3d36333f, 0x383bb801, 0x3b464035, 
    0x41fe3f6a, 0x3426227f, 0x5836395c, 0x3d5f1c1a, 0x53366343, 0xfec06c6c, 0x31333da9, 0x792d423c, 0x22052f46, 0x82b30209, 0x00202493, 0x4438002c, 
    0x072008bd, 0x2612dc41, 0x35213537, 0x18061521, 0x2307804b, 0x02353632, 0x3f0be341, 0x31725d92, 0x45322c2d, 0x7a4e4e7a, 0x2d2c3246, 0xfe5c7131, 
    0xd2c802d8, 0x4c42424b, 0x4b42424c, 0x09840082, 0x5478022b, 0x3c5e710e, 0x571b1d5b, 0x05e2413a, 0x1b573a30, 0x5d3c5b1d, 0x6c540f71, 0x4040f96c, 
    0x03823838, 0x3f2efe22, 0x37210784, 0x06574a40, 0xa3822820, 0x34002424, 0x46184000, 0x35200a79, 0x22056d64, 0x8d232334, 0x06a04bae, 0x6c0ce041, 
    0x28300c10, 0x72357e6f, 0x2e017a64, 0xbc5d302e, 0x7c461c1b, 0x07e19718, 0x3d052b08, 0xfd4dc6fe, 0x665a0154, 0x04454b71, 0xe5fd3b3f, 0x41435353, 
    0x02415353, 0x9188fd78, 0x11717753, 0x3d1e1909, 0x482d4e1e, 0x97183f70, 0xfd3607f9, 0x014f5abb, 0x494a6030, 0x30064134, 0x40520f3b, 0x40515140, 
    0xb7835240, 0x02f2fe23, 0x20b782b1, 0x0661631e, 0xa6831520, 0x4112ec41, 0x35211459, 0x06f74106, 0x96014308, 0x783a715c, 0x3c324c17, 0x282d305a, 
    0x5e723530, 0xc602d5fe, 0x44424bcd, 0x42434d4d, 0x2e3d704c, 0x3c453d31, 0x4f780231, 0x5c5e710f, 0x7e3dfe3a, 0x5d342622, 0x1954373b, 0x5d3d5d1c, 
    0x6c4f0f6f, 0x5541f56c, 0x43402807, 0x3a0b792d, 0x443c3236, 0xfe230563, 0x825b02b4, 0x0044269f, 0x14151200, 0x07237616, 0x0b8a0620, 0x0cf76018, 
    0x34352626, 0x35262637, 0x09bf9818, 0x11822220, 0x080af343, 0x3333d35b, 0x6d76716b, 0x35343234, 0x6770726e, 0x7b04896c, 0x2f3a4102, 0x64383e30, 
    0x2e27466e, 0x3942027b, 0x3740302f, 0x4e636e63, 0x028dfe59, 0x01b38570, 0x131d35d4, 0x50485241, 0x121e1b19, 0x50485341, 0x2f265158, 0x1b292023, 
    0x1f464539, 0x25284013, 0x2720232e, 0x43483c1b, 0x29c58243, 0x010000a4, 0xbdfef2ff, 0xb3825102, 0xb38b4a20, 0x18091545, 0x760c0171, 0xa68308f4, 
    0x2008b99c, 0x6b3332d1, 0x4e686873, 0x3e545a63, 0x1d20234b, 0x04550322, 0x594e4653, 0x8152727c, 0x2c3b424b, 0x26bb8334, 0x373f312e, 0x82626d64, 
    0x029623bb, 0xbb877d5f, 0x4b452408, 0x4a500509, 0x292e5042, 0x191d241d, 0x0b160709, 0x4252403a, 0x6a365d51, 0x1964484b, 0x252b4213, 0x8b1f242e, 
    0xff0226c3, 0x04eeffeb, 0x20c382c0, 0x09416838, 0x5c222321, 0x35200566, 0xb744c082, 0x20bd8806, 0x309a1827, 0x05c24415, 0x07332585, 0x04331616, 
    0x357f6ec0, 0x017a6471, 0x293b6329, 0x5025a9fe, 0x4d35133e, 0x584f6772, 0xd50494fe, 0xfe4cc7fe, 0x6e69af00, 0x3f04454c, 0x06dc423c, 0x09107326, 
    0x1b1d263d, 0x14f09d18, 0x2805e442, 0x354a495e, 0x3c300641, 0x23c38200, 0x6702c7fe, 0x3222c382, 0xcb443e00, 0x17162106, 0x220cde42, 0x41363435, 
    0x5e180e72, 0x2325095f, 0x36122315, 0x08e14235, 0xff004d08, 0x312a1e2e, 0x6c236961, 0x522b4517, 0x2d2c3366, 0x43027b35, 0x41302f38, 0x4e62c83e, 
    0x028ffe59, 0x2cb3937c, 0x41272138, 0x012d3b48, 0x181f18d4, 0x04010515, 0x263a4e46, 0x1b7b55fe, 0x3550631d, 0x48151551, 0x242f232b, 0x8a1c2a21, 
    0x29052b42, 0x263991fd, 0x3638067a, 0x9e82372e, 0xff010027, 0x02befeeb, 0x20af82b7, 0x7b741851, 0x34312114, 0x4306f847, 0xbe7f0774, 0x052b6406, 
    0x6c181d88, 0xf8420c80, 0x2601360a, 0x42575e67, 0x1f222550, 0x03560324, 0x59514955, 0x52486e3c, 0x08138b6b, 0x5c4f4830, 0x87557983, 0x3b3b424d, 
    0x4c794442, 0x026ffe2a, 0x0174cccc, 0x464c52db, 0x1d292f55, 0x08181e23, 0x403a2108, 0x4f354351, 0x464d532a, 0x13842e53, 0x21070a38, 0x4252413a, 
    0x6c385d51, 0x1c65474b, 0x4a46681f, 0x6c4b366b, 0xc5829d6c, 0xebff0226, 0x2a05feff, 0x3c20d382, 0x42092755, 0x16240647, 0x23343536, 0x4309ff46, 
    0xc4861915, 0x47074b42, 0x2a21070d, 0x050d476d, 0x382f2627, 0x5ca6fe65, 0x1d9c1874, 0x3f053e19, 0xfd4dc7fe, 0x4ed3fcb6, 0x3b3f0442, 0x88fd7802, 
    0x747a518f, 0x1f020812, 0x5a604621, 0x339c1850, 0xbbfd2c18, 0x38014b56, 0x3e3a9458, 0x423e3205, 0xa020064f, 0x18072755, 0x89080155, 0x088341b8, 
    0x41123f45, 0x2c470a89, 0x262f080c, 0x3e575e67, 0x1e1e224b, 0x03560323, 0x564d4854, 0x166c2123, 0x5a3b3049, 0x382d3330, 0x4c794440, 0x0273fe26, 
    0x1b70b9b5, 0x3c4f4722, 0x413b352f, 0x3022058d, 0x8d411c29, 0x42503207, 0xfe174229, 0x2422944c, 0x37365630, 0x6a1e1753, 0x067f4148, 0x3772fe29, 
    0x44382f37, 0x8300692d, 0x1c0023bb, 0xbb82c104, 0xad492720, 0x07a1490f, 0x2a6da084, 0x21352508, 0x23152315, 0x08e35418, 0x54400321, 0x47350b7b, 
    0xfe055883, 0x64656d71, 0xd6046a6d, 0xeffd7bbc, 0x27272da6, 0x8c55182b, 0x7450230d, 0x8d185b3e, 0xc82809e6, 0x29f0fec8, 0x002a3233, 0x03260082, 
    0x2400ebff, 0x8b82e704, 0x26001d24, 0x8d4c3200, 0x3526260c, 0x35373634, 0x20868b21, 0x67551821, 0x0ad54708, 0x18c10321, 0x200af39e, 0x228985b7, 
    0x8492fcfc, 0x9f022187, 0x18050e47, 0x8911009f, 0x208d858f, 0x0d9f1806, 0x05ef4408, 0x93827b20, 0x3b003222, 0x441e1555, 0x2a410622, 0x442a2018, 
    0x732019d4, 0x9024a985, 0x2afeb27a, 0x9f18ab84, 0xa889162c, 0x41b7b721, 0xa3830838, 0xd204fe22, 0x3622a382, 0x21443f00, 0x05e35c14, 0x2008cc52, 
    0x1dd24136, 0x31436020, 0x854a2019, 0xaae724a7, 0x85bdfd6c, 0x43ca20a7, 0xad891a27, 0x86aeae21, 0x05e75ead, 0xab82ae20, 0x6f001921, 0x3c411389, 
    0x729f180a, 0x41012008, 0x052107e8, 0x07896fae, 0x05238684, 0x84cbfbc3, 0x29022184, 0x78240685, 0x780288fd, 0xd3417487, 0x1001210f, 0x00278286, 
    0x00ebff04, 0x42720500, 0x79680667, 0x18899517, 0x210d1f44, 0x79686f72, 0x85842009, 0xfc872293, 0x218c8407, 0x0e510803, 0x576a2413, 0x91ac635c, 
    0x09045199, 0x20051f41, 0x0a034320, 0x08c14918, 0x9608f067, 0x09ea5099, 0x81682020, 0x85ef200b, 0xfc352297, 0x21978459, 0xc463b702, 0x8298260d, 
    0x4b482612, 0x50939136, 0x938409c8, 0x82e30421, 0x001f2293, 0x18256728, 0x04209593, 0x200d2567, 0x07db53e3, 0x43673827, 0xfe1a5639, 0x239a8401, 
    0x96fcf804, 0x22209a85, 0x8f172667, 0x75b6209d, 0x4b4d09b0, 0x82642008, 0x0041229f, 0x293f5e4e, 0x0c755818, 0x33333622, 0x21163c5e, 0x3c5ead03, 
    0x1865201a, 0x20097692, 0x053b5eab, 0x7905ba22, 0x2a253b5e, 0x43462324, 0x7c654b42, 0x5e7b7a79, 0x04261237, 0x0000ebff, 0xd3824807, 0x43003722, 
    0x5b20d582, 0x180c5355, 0x1811cb4b, 0x200d8356, 0x20ce8b34, 0xdc4b1804, 0x48072122, 0x14dc4b18, 0xdf920820, 0x185d0721, 0x8f32e84b, 0x18cd20ec, 
    0x261bf14b, 0xffebff02, 0x826405d2, 0x514220fb, 0x36200517, 0x163faa18, 0x18110721, 0x410a2784, 0x84181a01, 0xd0410d38, 0x02392913, 0xaf0b077c, 
    0x5f4d828b, 0xd241f293, 0x0da92721, 0x0c89bf0b, 0xe78f5877, 0xaa186c20, 0xd3410b6a, 0x82002005, 0x003826d7, 0x00540046, 0x0cd34161, 0x40183520, 
    0xd29a1187, 0x0eb45018, 0x180c6743, 0x200dc14a, 0xc04b1800, 0x66092113, 0x2909b842, 0x385338ae, 0xbafc1850, 0x4b181507, 0x272238cc, 0xcb424822, 
    0x7b7c2605, 0xab262b30, 0xd54b186c, 0xff022c21, 0x04c4ffeb, 0x00ee02ee, 0x6f500044, 0x471807a7, 0x352013b3, 0x68064549, 0x956b05bc, 0x37362208, 
    0x0cf45226, 0x0e6c9c18, 0x18ee0421, 0x3a116c9c, 0x4a3f4447, 0x2814494c, 0x6e409074, 0x186e5646, 0x48384220, 0x02f1fd0d, 0x182a1f8e, 0x2223809c, 
    0x865b401b, 0x6f502fe4, 0x1f495a38, 0x41541121, 0x0a6c2225, 0x9c18525c, 0x03200f8f, 0xfb26db82, 0xe4025b05, 0x117c2c00, 0x07ef7f0b, 0x2007e841, 
    0x5ed28f14, 0x187a0579, 0x33362206, 0x05547132, 0x82150721, 0x0bd77f28, 0x6e5b0531, 0x0c562c81, 0x4e722314, 0x4009907d, 0x854f483c, 0x486108d5, 
    0x6f524f7c, 0xfd2a2a1d, 0xfd70056b, 0x201e29e3, 0x56375832, 0x5b96fe2c, 0x01444d4d, 0x3333354c, 0x2f3b3d2d, 0x88fd7802, 0x3a023ab3, 0x23808d46, 
    0x44473123, 0x7c654b42, 0x37715279, 0x3f0b2e34, 0xfd6c6639, 0x501c4186, 0x345d3b31, 0x65779f3b, 0x40340669, 0x2c3f724f, 0x30393f2b, 0x00003933, 
    0x20d78203, 0x20d78476, 0x0bf17b2f, 0x7318d783, 0x781808b6, 0x332308f4, 0x41222315, 0xdaac09ad, 0x0e111128, 0x788abd13, 0xdcb58876, 0x15180328, 
    0x058307d9, 0xe0af798a, 0xebff0122, 0x0524e482, 0x1b00e402, 0x21175b5e, 0x01832135, 0x05033108, 0x4a85816f, 0x12494d56, 0x43754a27, 0xfb01923d, 
    0x1a03d6fd, 0x88fd7802, 0x464a7f01, 0x35654840, 0x3a644766, 0x006c8a6c, 0xe1ff0200, 0xa9040000, 0x45115f6e, 0x044206c2, 0x35262407, 0x60233734, 
    0x1520107f, 0x32321e82, 0x04353636, 0x1f816fa9, 0x8b764566, 0x33320c0a, 0x78864b42, 0x01893434, 0x363d815c, 0x044ffd32, 0x5ca7f0c8, 0x334f5953, 
    0x85832c4f, 0x2e28b32a, 0x221c7081, 0x49404447, 0x62348a83, 0x0b466c37, 0x6c363d46, 0x67564d6c, 0x54450408, 0x00324d2c, 0x02200082, 0x0421ef83, 
    0x209b8265, 0x0d5f7029, 0x1e478c84, 0x560f840a, 0x1720055e, 0x18059e52, 0x210bd6a2, 0xb25b6504, 0x41662008, 0x022a0a14, 0x395a3c20, 0x72fc1a56, 
    0xb35b7a04, 0x41232014, 0x34200a29, 0x20107d62, 0x249b8401, 0x00ed02ab, 0x0de57641, 0x0c6b5d18, 0x33363422, 0x20090657, 0x0c075714, 0x14151622, 
    0x0a3c8218, 0xab043008, 0x7318816f, 0x0c947651, 0x494e4776, 0x732b1c44, 0xdf7c968e, 0x24296556, 0x74042d26, 0x0bfe0d04, 0x23206d02, 0x87325b3a, 
    0x57031a7d, 0x185b3854, 0x080809a9, 0x3a738426, 0x653f3838, 0x6b6d6f70, 0x2d224136, 0x180e282f, 0x25280f1a, 0x5830096c, 0x446d6239, 0x415e3055, 
    0x00005101, 0x20054b41, 0x0b3772b6, 0x41095d5c, 0x35200f4f, 0x2120b782, 0x210f885f, 0x885fb604, 0x3c382505, 0x64143a63, 0x25099e45, 0x25fc6e02, 
    0x885fcb04, 0x753a2005, 0x012105c5, 0x07885f83, 0x452a3521, 0x8a230878, 0x75dbfd6c, 0x032609b4, 0x0000ebff, 0x8f827d06, 0x3b002f24, 0xcf424700, 
    0x0b4b5b05, 0x49084667, 0x21200e06, 0x2012415e, 0x0a2a5504, 0x767d0621, 0x15340f7f, 0x4b534b67, 0x74281945, 0x027f9e90, 0xfb4b556f, 0xf0920684, 
    0x2e217d76, 0x3d3d2838, 0x7565443b, 0x37717274, 0x766c363d, 0x53411279, 0x82172005, 0x001e22c3, 0x0a395527, 0x03422720, 0x07eb6510, 0x82331621, 
    0x170429bd, 0x6735806f, 0x540b705f, 0x24094441, 0x043bfe58, 0x26a9182c, 0x6071210b, 0x180a3841, 0x22092fa9, 0x8304ebff, 0x0020226f, 0x35481829, 
    0x2771a10d, 0xbc8cdc0b, 0x550a6153, 0xf6267398, 0x08cafe0d, 0x7691576b, 0xe7830020, 0x6f060222, 0x4322e782, 0x4d735600, 0x06272429, 0x41262223, 
    0x1521150b, 0x6e471804, 0xcd541811, 0x7b5e2719, 0x64493416, 0xbb8d0b75, 0xfe840623, 0x42471837, 0x1c66730f, 0x234c5922, 0x200d5541, 0x154718b4, 
    0x08a74b0b, 0xe7825420, 0xd5433820, 0x17d74905, 0x23111523, 0x18dc9a35, 0x21085973, 0x5a189703, 0x5d2215ac, 0xfb41096c, 0x6905240d, 0x18e4c2fd, 
    0x8d1baeaa, 0x41d225b8, 0x0036474a, 0x2105bb57, 0xaf82cd04, 0x27002324, 0x936d3200, 0x1835200d, 0x430ef661, 0x0f6207d2, 0xcd042a0e, 0x6996816f, 
    0x0f715d62, 0x0519425f, 0x8f753708, 0x76017f9e, 0xe2041dfd, 0xfe9696f0, 0x362b47f1, 0x2b292430, 0x88fd7802, 0x683a6b01, 0x2e576a74, 0x3d3d3f22, 
    0x74766546, 0x6ca37475, 0x2e6aa36c, 0x372e2627, 0x00820031, 0xebff0426, 0x94060000, 0x29248f82, 0x3c003000, 0x240fd543, 0x23061415, 0x186a4422, 
    0x32330123, 0xea511836, 0x94062a19, 0x661f816f, 0x088b7844, 0x08ac8488, 0x51466922, 0x281b4549, 0x7c9b8f75, 0x1bfd7e01, 0xb4fca906, 0xfe4042b3, 
    0xa75c02cb, 0x4f59535c, 0x2cfd604e, 0x0aba5918, 0x2e28b33d, 0x693a7688, 0x2f586a74, 0x393b3c22, 0x71726540, 0x6cb27170, 0x403ce2fe, 0x18544d36, 
    0x2308b551, 0x30392e27, 0x0021c682, 0x21c78302, 0xc7827f04, 0x82002421, 0xa35818d8, 0x1f651809, 0x3336210f, 0x470e8f67, 0x3522050f, 0x64187f04, 
    0x902b11f1, 0x363f8077, 0x0482fd32, 0x84a8ef94, 0x026124a2, 0x1888fd78, 0x210cca64, 0x06477c7a, 0x08682708, 0x60544503, 0x8b86004b, 0x8b92a420, 
    0x35230723, 0x06924b01, 0x36342322, 0x464d8a82, 0x21352906, 0x14152307, 0x16070706, 0x08056d44, 0x816fa426, 0x5c45661f, 0xa8e31c7f, 0x48147601, 
    0x8156422c, 0x4b527c43, 0x272a267d, 0xb9045efd, 0x5755a7f0, 0x4f580103, 0x08051468, 0x2d299b2b, 0x06dd4850, 0x20075201, 0x49464e26, 0x373d4072, 
    0x5737440e, 0x556f6c6c, 0x44030863, 0x004c5f52, 0xff010000, 0x050200eb, 0x0527581e, 0x5a150121, 0x5818071e, 0xa54421eb, 0x77b58410, 0x3524056c, 
    0x49041521, 0x201a5a77, 0x0aea4d0c, 0x4c35bb2d, 0x03135545, 0xfc344111, 0x43330521, 0x41241cf4, 0x27314971, 0x2008d344, 0x21ab1825, 0x05e34108, 
    0xc3823420, 0x9b662720, 0x08577707, 0x641ad64c, 0x34200e0c, 0x11006518, 0xb17f9e22, 0x22055748, 0x484904a3, 0x8d881557, 0x28115548, 0xff020000, 
    0x04f7ffeb, 0x209782e6, 0x07176a36, 0x20135377, 0x15c74a34, 0x42054343, 0x07340501, 0x6fe60433, 0x2b69fe82, 0x7c2c2729, 0x66606e01, 0x303e1b70, 
    0x350a8b4b, 0x051f6e50, 0x22fd4a4f, 0xabf1fb04, 0x7802cf24, 0x360188fd, 0xaa182e6b, 0x46230997, 0x4b212f18, 0x322d097f, 0x54444d2c, 0x4d546c6c, 
    0x03000037, 0x21a382ff, 0xa382e206, 0x4d004324, 0xdd7e5900, 0xd34f1812, 0x18b29f13, 0x7707cb4f, 0x06210c76, 0x09007fe2, 0x83fe0122, 0x0629cb9f, 
    0x58fdf0f7, 0x631ed924, 0x15bf643d, 0x3f5d3224, 0xe4a3060b, 0x642a2921, 0xef850acc, 0xef829d20, 0x4b183c20, 0x2d420925, 0x784e1805, 0xae4f180a, 
    0x23e89e08, 0x07141505, 0x2105a741, 0x12531523, 0x9d062b08, 0x661f816f, 0x0a8b7644, 0xe4a085fe, 0xadfcb22b, 0x4b55c124, 0x5aa72601, 0x07b84354, 
    0x2d28a324, 0xd9a36d7b, 0x5246402b, 0x08655469, 0x4b605243, 0x85008200, 0x824b20db, 0x003d24db, 0x4f570049, 0xdcb30cf1, 0x8b44db82, 0x21352105, 
    0x210d2b43, 0x2b434b06, 0x38652405, 0xa08afe01, 0xfc602ee2, 0x19c224ff, 0x5639496c, 0x01ebfd1a, 0x0e7753b9, 0x456a3c22, 0xc029ea9f, 0x463c374d, 
    0xfea9272c, 0x0c8a533a, 0x00020029, 0x05000040, 0x67ed0233, 0x06201465, 0x4b06a146, 0x08480fb4, 0x23232308, 0x1c821616, 0x80753720, 0x42332014, 
    0x382805ab, 0x251d5f39, 0xa28c4874, 0x14367d18, 0x48585b2f, 0x7e060c65, 0xfd34015f, 0xfdfe02f2, 0xe44c18fe, 0x2a2d2511, 0x87982f2d, 0x134f7d18, 
    0x3f544225, 0x75635b38, 0x36230797, 0x85362b2c, 0xf70421cf, 0x6f47cf82, 0x7bcba70f, 0x441806a0, 0x042e0d54, 0x1f826ef7, 0x74504565, 0x4d7c2521, 
    0xc994a08b, 0x5b53562d, 0x4c540f6e, 0xf0c202ac, 0x4659afa7, 0xb3260640, 0x393d2e28, 0xa618403b, 0x6a221775, 0x1975245d, 0x0eb32605, 0x4c5f5849, 
    0x20bf8600, 0x70bf82a4, 0x1520058f, 0x75084e56, 0x372007b4, 0x18238c41, 0x2d131744, 0x7e6fa404, 0x4438561a, 0x71261c65, 0xa7188c46, 0x04331426, 
    0x5e47595c, 0x61790713, 0xfe1a5638, 0x3d2f0176, 0x1840461e, 0x2509edb0, 0x353b2b28, 0xca973330, 0x5e434823, 0xf7431875, 0xff012611, 0x0217ffeb, 
    0x0f5b64ab, 0x11231125, 0x7d070606, 0x36220e03, 0xaf183535, 0x45080fc2, 0x323c4944, 0x7770422c, 0x59233812, 0x015b5259, 0x23201e6e, 0x8a3d371c, 
    0x3bfe3773, 0xad79c002, 0x3537b101, 0x2f36392f, 0x9d01d5fd, 0x5b041e17, 0x4e5b6755, 0x1e1a0a14, 0x6e232f2a, 0x67426417, 0x6c6c5b70, 0x008200c7, 
    0xfe218782, 0x208784de, 0x0a715933, 0x23113327, 0x01230735, 0x988b9135, 0xba70248a, 0x8a31017e, 0x943f208e, 0xc38a248d, 0x82a63001, 0x54212490, 
    0x844f5a67, 0x34512190, 0x022c8f8c, 0x8effebff, 0xe402a603, 0x49003000, 0x5018918e, 0x34220a65, 0x13413736, 0x16322206, 0x05065a17, 0x2005d05b, 
    0x06505300, 0x0ba16e18, 0x15063e08, 0x02331614, 0x3742523b, 0x7f78402d, 0x1b2d4915, 0x61861014, 0x2f46795c, 0x66674533, 0x2425572b, 0xfd323860, 
    0x83bb034a, 0x4ae1fea7, 0x122a250d, 0x342e292e, 0x090a3037, 0x2d38342e, 0x936a1801, 0xa42b0808, 0x5b041f1c, 0x3e555d69, 0x0e04084d, 0x5c493f4a, 
    0x1e1d171a, 0xca6c6c5b, 0x3d454afe, 0x333e5c1d, 0x222c142f, 0x2d662a27, 0x412d2b25, 0xe524055b, 0x4702b4ff, 0x0021cb84, 0x7d858412, 0x32210877, 
    0x0a716f37, 0xce8a3520, 0x21351722, 0x4608c985, 0x2e313bf1, 0x2b2c4542, 0x1e433035, 0x157e6b13, 0x6a4d3649, 0x3e32323c, 0x15285a6f, 0x6202abfe, 
    0xd301968f, 0x251e2420, 0x2521255d, 0x29192a2a, 0x1d86eefe, 0x354b5123, 0x0a030946, 0x434a3342, 0x6c6c5001, 0x410100a5, 0x4620084f, 0x22244d41, 
    0x8e261517, 0x055041a8, 0x410b6341, 0x6825164a, 0x370b1667, 0x0736413a, 0x0d4a3427, 0x79452a25, 0x0658414c, 0x26184541, 0x6a015c48, 0x41252c03, 
    0x45240636, 0x3e5c1d3d, 0x07759218, 0xebff032c, 0x8905cefe, 0x3500e402, 0x72184100, 0x197009c1, 0x055e450a, 0x0a6abe18, 0x70183320, 0x33200d82, 
    0x250f9c50, 0x27231701, 0x7f458905, 0x73461805, 0xfd352407, 0x7042a761, 0x45270ccf, 0xfe324d79, 0x7b9e0573, 0xfe280802, 0x7e8582c4, 0x88fd7802, 
    0x09bc6b18, 0x2f5d4224, 0xb918ca85, 0x471812f3, 0xfe240942, 0x00d6d6e0, 0xff23c382, 0x827d0203, 0x002524c3, 0x4137002e, 0x26201283, 0x134d8d18, 
    0x06126b08, 0x17070607, 0x02353536, 0x06273736, 0x33161415, 0x3f481301, 0x70412d2e, 0x324e1771, 0x34325d3d, 0x8930282e, 0x6bfe3774, 0xae7b9202, 
    0x262b403f, 0x5c07b91d, 0x11c61030, 0xb1013643, 0x3a2e3537, 0xc1fd2f36, 0x352a278b, 0x5737395b, 0x38531918, 0x6c5b6a63, 0xecfec76c, 0x10030420, 
    0xa217147b, 0x1418defe, 0x34231a84, 0xa383003f, 0x84cdfe21, 0x002624a3, 0x8f38002f, 0x070723a3, 0xa49d3723, 0x33160623, 0x88a78432, 0x170f26a4, 
    0x4a708586, 0x23a59358, 0x1e3643f3, 0xa68aa883, 0x95121a26, 0x4c6d0d73, 0xe321a895, 0x2fa8843f, 0xffff0000, 0xcefeebff, 0xed029d05, 0x61002200, 
    0x0324a582, 0x49023b00, 0x17820783, 0x6403d527, 0x1d00e402, 0x16055d00, 0x0e94b818, 0x2107604c, 0x45183307, 0x4f080a7f, 0x81726403, 0x585f6294, 
    0x395e7669, 0x6f745a5b, 0x9ffe425c, 0xa7f37903, 0x323129b1, 0x9501c329, 0x2640f5fe, 0x24232b33, 0xfc780227, 0x2a2a015d, 0x55647267, 0x5c50575d, 
    0x5b575d54, 0x24c96c6c, 0xb7252125, 0x2126286a, 0x002e3429, 0xf8ff0200, 0xd9200482, 0x18209382, 0x85091b4e, 0x07b94485, 0x2335332c, 0x23072135, 
    0x07222315, 0x74433507, 0x3546080f, 0x7f6fd902, 0x78609d3b, 0x412f2e40, 0xef1c3b57, 0x89eee102, 0x04151c46, 0x3a2b362b, 0x3e332c3c, 0x02685336, 
    0x8a88fd78, 0x384c5567, 0x0804093f, 0x363d3238, 0x7b6c6c4b, 0x11060707, 0x62222029, 0x28262422, 0x8782605d, 0x0fffeb24, 0x87827502, 0x87832520, 
    0x0c1d9618, 0xbb6a0620, 0x0988750d, 0xca651220, 0x35240809, 0x3b480b01, 0x70412c33, 0x2e491777, 0x2c2e563a, 0x89302a27, 0x73fe3774, 0xae7b8a02, 
    0x352d4f24, 0x3a332f3c, 0x2c086d46, 0x21207fcd, 0x34365732, 0x54181852, 0x0671423a, 0x0408d02a, 0x382e2b37, 0x009b2a3f, 0x022c0082, 0x00004600, 
    0xed020a05, 0x4e004200, 0x180f114c, 0x180db542, 0x491d5196, 0x0a20155a, 0x2806da43, 0x201c653d, 0x87684d72, 0x35bd1846, 0x394b2e13, 0x090a594b, 
    0x35015c7d, 0xfa02f6fd, 0x0c1a74fd, 0x4330872d, 0x362c563b, 0x5c363330, 0x184b3c58, 0x25144fbd, 0x3e3f2a2c, 0xf57e5f57, 0x0000220c, 0x21d78303, 
    0xd782ce06, 0x55004922, 0x210d115b, 0xb1442327, 0x18272007, 0x640cda4c, 0x861805ec, 0xdd8415b6, 0x221fc154, 0x18826fce, 0x2509414b, 0x196b4338, 
    0xf1989142, 0x0b228935, 0x36015a7c, 0x4efd4b55, 0xa7f1c904, 0x5908565b, 0x185f4e4a, 0x2216534b, 0x9a53373e, 0x536122fd, 0x08e8545a, 0x605a4c23, 
    0x624b184b, 0x0507410b, 0x021b0527, 0x004100ed, 0x85711845, 0x05d14809, 0x202cdf41, 0x07724635, 0x2e0e8952, 0x836f1b05, 0x3a616995, 0x72241b59, 
    0x41836b4a, 0x373515e1, 0x09095749, 0xfe4b5775, 0xf20b03f4, 0xf3fe9595, 0x2e352b48, 0x06ae7425, 0x683b6329, 0x23262a74, 0x41595b25, 0x372418e1, 
    0x5650012e, 0x0b364018, 0x46000226, 0xc3040000, 0x4c20d784, 0x180c8556, 0x420cad44, 0x4f181db3, 0x04211699, 0x994f18c3, 0x50652110, 0x0e6c5018, 
    0x268a4f18, 0x0ffbbf18, 0x147c4f18, 0x7b20cb85, 0x4022cb82, 0x95584e00, 0x28a0420d, 0x4f183620, 0x04211765, 0x654f187b, 0x20cb910f, 0x564f1839, 
    0x18d09129, 0x2a15484f, 0x00ebff03, 0x02e30500, 0x504000e4, 0x1520066b, 0x82088c4d, 0x352722d4, 0x091e4c16, 0x200a2348, 0x089b4337, 0x2005e35b, 
    0x163c6121, 0x210bb75c, 0x48612c04, 0x8d0b2219, 0xcc4e1823, 0x36712909, 0x1850384f, 0xf8053bfc, 0x21094961, 0x471806fe, 0xad2108f3, 0xdfc91826, 
    0x272a2117, 0x0a52c118, 0x8c7f2b20, 0x1074180f, 0x82002009, 0xebff25f2, 0x1008f7ff, 0x4228f782, 0x54004e00, 0x6d006100, 0x52059d42, 0x0c52130d, 
    0x20fea405, 0x86631800, 0x7d64180a, 0x0b0f4112, 0x18100821, 0x180d9749, 0x410b8363, 0x0822140f, 0x6418fd25, 0x1f411896, 0x88fd210a, 0x1a9f6418, 
    0x18112241, 0x180d4f61, 0x41096162, 0x0229092e, 0x0000ebff, 0xe402bf04, 0x05656f00, 0x2208424e, 0x42363435, 0x544a1008, 0x7a11200a, 0x042c0e6a, 
    0x1d826ebf, 0x735d3a5e, 0x28d41d20, 0x2e08ee41, 0x36274802, 0x45344541, 0x041cfc4d, 0x187dfcd4, 0x080aac50, 0x2d29af28, 0x40275763, 0x3b463217, 
    0x5d322d56, 0x305d413f, 0x302d3a66, 0x01495c36, 0xe4fd6c0f, 0x362b2a38, 0x372a2c36, 0x9f820300, 0x57051722, 0x2b249f82, 0x57004b00, 0x240b4159, 
    0x26262726, 0x0df84a27, 0x16323323, 0xc6471817, 0x05885f0e, 0x5d560620, 0x0c6f6a06, 0x43183720, 0x162f0951, 0x3e8f0433, 0x74aa5b48, 0x160ab38f, 
    0x881e314c, 0x352408c1, 0x1e2a9663, 0xfd382e37, 0xfe6c058a, 0x2fcafec1, 0x3a131534, 0x7a65673b, 0x20232e8b, 0x0f6a0d2e, 0x24fd3a46, 0x2e08be42, 
    0x50691261, 0x654b8c5e, 0x0f583d60, 0x183b3d2f, 0x080701c4, 0x27494921, 0x440a0410, 0x6c6c513d, 0x6831304a, 0x3f3c2c39, 0x3b34616b, 0x2e252d30, 
    0x5346342d, 0x18acfe0e, 0x2008c34a, 0x22ef8202, 0x8294041c, 0x002e22ef, 0x0c8b713a, 0xd55b0620, 0x20f38d08, 0x0a646a21, 0x210bcc5b, 0xbd691303, 
    0x8f14210b, 0x2b0a8443, 0x0565498d, 0xa90491fc, 0xdffd7bbc, 0xc769bb86, 0x313b210d, 0x250a6c43, 0x6c6c5b2a, 0xa188ecc8, 0x69000021, 0x3e200537, 
    0x6e0d136b, 0xe8471614, 0x074c4409, 0x0221ae96, 0x134169ed, 0x01724c23, 0x2cb88a82, 0x2847194e, 0x04a3fc58, 0xfeb27a53, 0x18b9872a, 0x21107b65, 
    0xbd8a5544, 0x5c151426, 0xfdb76c6c, 0x1758be8a, 0x7bd22006, 0x697e0b77, 0x3435210c, 0x4d10f942, 0x04210f33, 0x266518d2, 0xa926210a, 0x09ad5318, 
    0xfcc80227, 0xfce70409, 0x0aea426a, 0x086f7e18, 0x5d395321, 0x412207da, 0xd25d305d, 0x0300270d, 0x0000ebff, 0x93827f06, 0x46183320, 0xb74f10e3, 
    0x9226200b, 0x1648599c, 0x590bd85d, 0x23221254, 0x197e23a6, 0x673c2b05, 0x7f290240, 0xfb32363f, 0x60590682, 0xadfb2408, 0x182b3837, 0x59075954, 
    0x542c0c69, 0x3b403337, 0x5d322c56, 0x2f5d423e, 0x290f7459, 0x2a2b37a8, 0x2b2b3636, 0x00820036, 0xd3830220, 0x82b00421, 0x002822d3, 0x257e1834, 
    0x4607200f, 0x66461065, 0x0c964308, 0x7d6eb034, 0x7901a8da, 0x2e2d4b14, 0x24f11248, 0x3b395f36, 0xb2823962, 0x213c012d, 0x5c3b3a5e, 0x0428fc1d, 
    0x418cfcc5, 0xd73b0a6e, 0x550106d7, 0x2b2b2921, 0x57384132, 0x3d5b312f, 0x28315f41, 0xbc222d2b, 0x5fa7fd6c, 0xff230c43, 0x82e506f7, 0x4445209b, 
    0x23220657, 0x1f462311, 0x10915613, 0x23101b42, 0x17163233, 0x410e3c58, 0xe5200b7a, 0x21184858, 0x3742aa27, 0x052e210a, 0x29055458, 0xfa0623fb, 
    0xcf24abf1, 0x804149fb, 0x185d580a, 0x323a552c, 0x2c553b42, 0x423f5c31, 0x6758305d, 0x37de2809, 0x37372a2b, 0x42362a2c, 0x052705eb, 0x00ed0220, 
    0x484a003e, 0x80410dd7, 0x6532200f, 0x6b61078e, 0x0c6a610c, 0x2a0b9941, 0x816e2005, 0x75527318, 0x83870c95, 0x3b2308c6, 0x673c3a63, 0xc1820140, 
    0x2c26242a, 0x0d047404, 0xe20295fd, 0x6e592320, 0x03157e8b, 0x5c385457, 0x430bfd36, 0x022906b1, 0x88fd6ce4, 0x834330cc, 0x060f4373, 0x5d423e35, 
    0x2c22782f, 0x180e282f, 0x25281811, 0x5769096c, 0x61446e62, 0xfd21057e, 0x7d4018a7, 0x05234308, 0xcb82f420, 0x57004c22, 0x09338718, 0x09215a18, 
    0x71106c44, 0x47790c2c, 0x0a3f6209, 0x4115c155, 0xf4200bbf, 0x230acd55, 0x870d9d7f, 0x220a8e44, 0x84695883, 0x847520ed, 0x1fe329ed, 0x325a3a24, 
    0x03157d8b, 0x2110dd55, 0xcc4139fb, 0x06e6550a, 0x31717d29, 0x2c563c41, 0x823f5d31, 0x443723fd, 0x7e622f24, 0x5a312609, 0x4070643a, 0x0ef05550, 
    0xc344f120, 0x050b410b, 0xed02a028, 0x5b004d00, 0xd9416700, 0x0606240d, 0x41262223, 0x3720320c, 0x08aa4118, 0x620d7f58, 0xa0200c23, 0x230a1956, 
    0x860d9e80, 0x200a0f41, 0x0a0f4182, 0xe2029624, 0x0f412320, 0x17295605, 0x4110fc21, 0xe4240715, 0x9e88fd6c, 0x41053256, 0x3c562116, 0x452f2013, 
    0xff290edf, 0x027104e5, 0x003000e4, 0x0fb9513c, 0x231e4547, 0x23152307, 0x200c4547, 0x0c05530a, 0x8a8a0e21, 0x44802cee, 0x7afc3261, 0x7d018604, 
    0x42f0fda7, 0xcc1806db, 0x2e210ff3, 0x0e494728, 0x88eaca21, 0xff0226aa, 0x04bdffeb, 0x21a78270, 0x45180031, 0x32200895, 0x18050355, 0x4408a5a6, 
    0x3f47106e, 0x87032016, 0x010f26a8, 0x4e938caf, 0x20a99360, 0x26a89485, 0x99bf10a7, 0x9b5c720d, 0x000022a9, 0x22ab8203, 0x8266040f, 0x503620ab, 
    0x355105a5, 0x20b2a71a, 0x0a525104, 0x51fc0221, 0x06211052, 0x0a6b4183, 0x67426f2b, 0x0482fc37, 0xfdae7b7b, 0x066a41ff, 0x51500221, 0x1e211c6a, 
    0x0e794119, 0x41edc721, 0x43200779, 0x46097e51, 0xe82605a3, 0x4a00ed02, 0xc34e5600, 0x1a5c4a0c, 0x907d3420, 0x15aa5009, 0x11353623, 0x0cc54633, 
    0x816de82b, 0x5f496d1f, 0x470f027e, 0x0a5c4a33, 0x93672308, 0x352c2127, 0xa3fd0848, 0x211eca02, 0x60025d52, 0x22222701, 0x3b3b4c29, 0x433c3634, 
    0xee645138, 0x5c4a54fc, 0x88fd2b08, 0x5b3430b9, 0x0c403053, 0x5a4a3e2d, 0x3f442a08, 0x0e040820, 0x1b1c4354, 0x575f186c, 0x32312a09, 0x2a272b68, 
    0x0153662c, 0x097a556b, 0x63480020, 0x82bc2006, 0x005924eb, 0x8c700064, 0x053244ed, 0xc94ff3bc, 0x0b4c4517, 0xd54fbc20, 0x886d250a, 0x34470f04, 
    0x2a0b0d41, 0x2b202695, 0xfd084835, 0x18ca02a4, 0x4f105960, 0xfb2112ec, 0x0a1b4171, 0x2e28b32b, 0x3c383437, 0x41325457, 0x1f1f410d, 0x68333024, 
    0x0650262c, 0x43b02012, 0x002d089a, 0xffebff02, 0x02e804bc, 0x004c00ed, 0x07294158, 0x23070724, 0x764c2237, 0x3419421c, 0xcb0b0a2a, 0x7c5d978d, 
    0x35470e04, 0x42270d41, 0xba28111b, 0x9ce40b0f, 0x42315057, 0x1d42fda5, 0x071f4211, 0xf3827420, 0x66005824, 0x53467200, 0xbf23200e, 0x171d51f9, 
    0x210b374f, 0x29517406, 0x82692109, 0x512c1f42, 0xfc211640, 0x0b75483a, 0x2c279e27, 0x56723a41, 0x29244255, 0x20145a51, 0x08284212, 0xebff0326, 
    0x44050000, 0x20064b56, 0x0fbd553d, 0x4c13ae4b, 0x20200f4b, 0x210a2043, 0x87594405, 0x9a162109, 0x2709ff44, 0x97fb3a03, 0xf8fb5905, 0x3020cb87, 
    0x11255918, 0x3f5d3224, 0xf2442c36, 0x0b8c550a, 0x2009d742, 0x21af8304, 0xaf820b07, 0x3a002e22, 0x10795218, 0x450b124a, 0x7a5510c5, 0x21c68b1e, 
    0x486a0b07, 0x9b16210f, 0x2709eb4a, 0x4b553b03, 0x2007f6fa, 0x2108486a, 0xbf4b21fb, 0x4b302007, 0xb3220ac8, 0x60182e28, 0x372109cf, 0xd960182c, 
    0x12536a0d, 0x2008dc4b, 0x21e38303, 0xe382a104, 0x20076b78, 0x08746823, 0x6a0e3b4f, 0x88410d5c, 0xa104290a, 0x6735806f, 0x84096f62, 0x25098441, 
    0xb1fd2001, 0x696ab604, 0x8afd2105, 0x230a8141, 0x637643f1, 0x6a0c7941, 0xda200574, 0x20097641, 0x21938200, 0x9384ebff, 0x4d001f21, 0x07230a0d, 
    0x49263723, 0x959c11a9, 0x8cdc0b25, 0xa46155bc, 0x0df62697, 0x7008cafe, 0x469a9e5a, 0x05250517, 0x00e402df, 0x067b4e37, 0x4a1d2754, 0xb283135c, 
    0xbc691520, 0x0b414908, 0x69220421, 0x5f2215c8, 0x5b41086c, 0xfd21240b, 0x69f405b0, 0xfd2106c9, 0x085c419b, 0x15568418, 0x250f6e41, 0x474a41d2, 
    0x1f4bd436, 0xebff210e, 0x3a22d384, 0x69744300, 0x7415201d, 0x334b0969, 0x27d6af10, 0x8ccd060a, 0x075b50b6, 0xf327d9b6, 0xcbf7050c, 0x41586f0a, 
    0xdd8f0db1, 0xebff032a, 0x57050000, 0x3900ed02, 0x180b6173, 0x43095262, 0xd94d10ba, 0x18152015, 0x410c07d5, 0x052b0bb3, 0x8b817057, 0x5e3d6169, 
    0x4d9c1134, 0x023d09dc, 0x1e232349, 0x04810426, 0x0289fd0a, 0x662520e9, 0xfdfe8b5c, 0x2f352c47, 0xfd2c2924, 0x0bcb4bda, 0x3b6b012b, 0x58307468, 
    0x32252f39, 0x082b5041, 0x332d4b3b, 0x1012242c, 0x1e261116, 0x697c096c, 0xfe100134, 0x26282e87, 0x8431372e, 0x05355038, 0x00003722, 0x20079f44, 
    0x24d982ed, 0x005a004f, 0x0ca54866, 0x3222e2b2, 0x535c3536, 0xf9821806, 0x0ade5c07, 0x0721f38b, 0x3b63180b, 0x9b11210d, 0x260a1f51, 0x1f232148, 
    0x82820426, 0x858a20f9, 0x3a6318f9, 0xdbfd2215, 0x8f651837, 0x0707410e, 0x3b403324, 0x33512d55, 0x41532005, 0x3c200d07, 0x12406318, 0xcb448320, 
    0x362b2105, 0x2b050f41, 0xed02c506, 0x58004a00, 0x6f006300, 0x230c9547, 0x37343526, 0x4d321341, 0x711816e6, 0xf14d0a93, 0x6ec52a0c, 0x38561a7f, 
    0x03376744, 0x05134276, 0x3b1c1941, 0x3b5d1e9f, 0xfe1a5638, 0x3d37016e, 0x3a40461e, 0xfe3b4b4c, 0x352c4710, 0x2b282530, 0x21091f41, 0x61186ce4, 
    0x1621072c, 0x22234113, 0x642d2921, 0x492a0b2e, 0xb1493c3a, 0x2e27282d, 0x29413038, 0x063b4209, 0x02600524, 0xd36d00e4, 0x6d3e2005, 0x8b470dd5, 
    0x0e4b5b17, 0x2a0c0743, 0x95826e60, 0x5e3d6269, 0x439b1134, 0x47270a07, 0x75058afc, 0x6d9595f0, 0x252405e2, 0xdcfd2a29, 0x420adf4f, 0xa42414fc, 
    0x69a46c6c, 0x2810ed42, 0xff050000, 0x070000eb, 0x24b38227, 0x002f0028, 0x1191473b, 0x5305255c, 0x352312f5, 0x6d213521, 0xdd421df8, 0x6e27200c, 
    0x12220c04, 0xe256259e, 0x49022508, 0x3c0788fc, 0x4318046e, 0x782209d9, 0x0d6e88fd, 0x24322509, 0x553b4531, 0x2005be50, 0x150f6e30, 0x2b368423, 
    0x0585522b, 0x21065b4a, 0xe7820605, 0x2d002124, 0xd5433900, 0x0e94470d, 0x211e6848, 0x5c480605, 0x673c2a0f, 0x55360140, 0x05fbfc4b, 0x0853481b, 
    0x1816c65d, 0x48081a69, 0x00201240, 0x03250082, 0x0000ebff, 0x05eb7304, 0x0ad34718, 0x67193550, 0xb069053d, 0x0c1a5b0e, 0xbc69b620, 0x37672305, 
    0x4b48920b, 0x3a77290a, 0x1a563956, 0xcb0421fc, 0x2109e96c, 0xf746f9fd, 0x071d4308, 0x46262721, 0x2f200a0b, 0x4a0f4a75, 0xff280c87, 0x025205f7, 
    0x003400e4, 0x08595918, 0x2015cf54, 0x0be54923, 0x33363623, 0x18c28233, 0x210a1957, 0x01433307, 0x5a52200c, 0x3a220dc8, 0xc4891b3d, 0x714dac2f, 
    0xfc474d1d, 0xf06705b6, 0xfcd023ad, 0x5abd8ada, 0x5f210da6, 0x0b505826, 0x012c2c2b, 0x6c4c434d, 0x384c4c6c, 0x0fb347e4, 0xab06f722, 0x4724c382, 
    0x5d005100, 0x200bb951, 0x08fd5814, 0xc9592120, 0x18352006, 0x210987da, 0xd29a2634, 0x18231521, 0x20089691, 0x20da8e14, 0x327f182a, 0x24e59418, 
    0x7bbcc006, 0x277f18e1, 0x59cc2007, 0x7f181437, 0xf5950d26, 0x3d30c823, 0x26f98d5b, 0xffebff06, 0x822409f7, 0x00442af7, 0x0054004d, 0x006c0060, 
    0x0d214377, 0xaf080544, 0x140522fe, 0x05205a07, 0x23720520, 0x8f771811, 0x24092116, 0x2c0c2a44, 0x2985fe07, 0x7b2c282a, 0x66616d01, 0x10184170, 
    0xfc484c32, 0xfa3909b6, 0x04012493, 0xfe4c4835, 0xb3210257, 0x210c4b72, 0x284108f9, 0x4f042106, 0x2d145472, 0x2e741821, 0x0d2a3338, 0x6a5b0b08, 
    0x31416179, 0x4db82514, 0xb2b21e37, 0x4f0a6e72, 0x972208a6, 0x7772272d, 0xff042907, 0x07f7ffeb, 0x00e4020a, 0x7f05ef49, 0x8c6d0c53, 0x1a344215, 
    0x4514676e, 0x0a2a0c4e, 0x661f826f, 0x0a8b7544, 0x7e1884fe, 0x1d410911, 0x474d3610, 0x1f07b6fc, 0xc123abfc, 0x26014c54, 0x59555ba6, 0xfb5f4e50, 
    0x0a274323, 0x2d28ab25, 0x70746c7d, 0x02410a3a, 0x4c6c2f14, 0x4541384c, 0x6454614a, 0x60524308, 0x3543a94b, 0x82022009, 0x049322f7, 0x22f7824e, 
    0x184b003f, 0x180ca5b4, 0x4a18f9da, 0x515410e4, 0x0bb4520a, 0x2cf50224, 0xdb181316, 0x3c221813, 0x0844930b, 0x4d012b09, 0xfc64582b, 0x8563049d, 
    0x0d5dfeb1, 0x29db1807, 0x3b202119, 0x260ad344, 0x6c6c572e, 0x5500ffb4, 0x00230ebf, 0x820f041c, 0x001d22d3, 0x1105442a, 0x21053164, 0x126a2335, 
    0x0f831805, 0x33162607, 0x02373632, 0x08d2438e, 0x16936737, 0x79704c38, 0xbc24045f, 0x94f4fe7b, 0xf7fd0570, 0x38283f3e, 0x0ae85c0d, 0x28566430, 
    0x6ccc738b, 0x630ac86c, 0x4d44cc5b, 0xff452026, 0x04242206, 0x247b8229, 0x00210015, 0x0d6f5e2d, 0x22230624, 0x78843526, 0x37360023, 0x07867736, 
    0x0b4cd318, 0x5e03032b, 0x4f7e4979, 0x36189162, 0x2d7c8350, 0x3847fd3e, 0x4e6f110d, 0x3f3e49fe, 0x46181102, 0x612210a2, 0x81842a53, 0x24a3fe27, 
    0x0f624c1e, 0x2785825e, 0x40515147, 0x40525240, 0x20083f5b, 0x208b8233, 0x0723791a, 0x410ca75c, 0x07200908, 0x82061644, 0x33332394, 0x9b5c3304, 
    0x8a693508, 0x6f412d0e, 0x48045f77, 0x3c89fdf0, 0x0c36243d, 0x8b628f1c, 0x0a0d5b18, 0x1b636422, 0x78828084, 0x4b1c2124, 0x0b4e004b, 0x82e12006, 
    0x00212273, 0xd34e1833, 0x75f98309, 0x7c890dc1, 0x07cc9a18, 0x33161429, 0x33373632, 0x18333636, 0x210ccf9a, 0xd075e105, 0x8965240f, 0x82432f11, 
    0xf6053295, 0x363f43fd, 0x3c01fd32, 0x0a362a3c, 0x59801c01, 0xb49a1802, 0x0edf7507, 0x1d5d6022, 0xea2da683, 0x3d460b46, 0x4a41d236, 0x4647252d, 
    0x9c9a187e, 0x47002008, 0xa72008b7, 0x1722b782, 0x68182400, 0x11200781, 0x180e6566, 0x8209af6a, 0xe85718a8, 0xa704210f, 0x34067a51, 0x37186c44, 
    0x5f766f49, 0xfdf0bc04, 0x283b3b15, 0x74160a36, 0x1513734e, 0x253a412e, 0x6ccc7689, 0x4d44cc6c, 0x4540262d, 0x230df772, 0x28040000, 0x12248f82, 
    0x25001c00, 0x420be17a, 0x01220845, 0xcc462335, 0x77821806, 0x6f283709, 0x41673580, 0x89321b5d, 0x045f736c, 0xf599fd3d, 0x3f3b3e3d, 0xe4187801, 
    0x35290a05, 0x738b6530, 0xc8fe6ccc, 0x227682cc, 0x82cd434d, 0x384b2105, 0x21080341, 0x73826505, 0x36002d24, 0x45183f00, 0x2322202d, 0x7d662622, 
    0x06d34206, 0x90853520, 0x96870120, 0x4fa80321, 0x3e2515ba, 0x5e181a5a, 0x24a08244, 0x1dfc7a05, 0x21a1823f, 0x8179e001, 0x2f34231c, 0xb2833330, 
    0xa3fe6c22, 0x0122af85, 0x8679d25d, 0x05df4c05, 0x82a60421, 0x001524b3, 0x6a260022, 0x11200717, 0x4206d54c, 0x00220965, 0xfc663736, 0x14152305, 
    0x58183316, 0x043e0ed0, 0x95826fa6, 0x694d6269, 0x64482d11, 0xbb045f6b, 0x0c31b3fc, 0x4c466917, 0x363524fe, 0x47187e02, 0x4a3213ac, 0x6f87273f, 
    0x37fe6cd4, 0x38361f24, 0x4940d4ac, 0x6b185d01, 0x76200e87, 0x13209382, 0x63060344, 0x8f8c0815, 0x08347018, 0x8f749084, 0x76043e08, 0x661f816f, 
    0x1e7c5844, 0x7770603a, 0xfc8b045f, 0x040639fb, 0xfe4b540c, 0x023b396d, 0xa2471846, 0x444a250d, 0xcc738b3d, 0x3b2a8782, 0x4b482a2f, 0x4d44cc36, 
    0x47185d01, 0x0028099d, 0xebff0200, 0x09052c00, 0x32228b82, 0x3f7c4500, 0x05aa442e, 0x21122e7c, 0x2c783404, 0x7b5e2417, 0x82483516, 0x1e0521b4, 
    0x8331207c, 0x7c6c20c7, 0x03200f17, 0x0022bf82, 0xbf821d04, 0x22001322, 0x75079743, 0x084306ff, 0x05db4108, 0x17163228, 0x14152135, 0x48183316, 
    0x1d2a0e59, 0x571a7e6e, 0x186d4d38, 0x99825035, 0xfd320431, 0x0e0c364b, 0x56395a76, 0x399bfd1a, 0x7495013b, 0x4b220ee0, 0x51412a42, 0x242a2a05, 
    0x272c6554, 0x4d44cca9, 0x0dc77469, 0xff239382, 0x82b604f7, 0x00202293, 0x0799602e, 0x8a132b4b, 0x853520a0, 0x3632249a, 0x65333537, 0xb62006fb, 
    0x330d194b, 0x78704933, 0xfdcb045f, 0x33fe4a99, 0x39303b39, 0xc7015105, 0x147b6f18, 0x84260321, 0x4db7239f, 0x9b824c44, 0x192d3a23, 0x7b6f18dd, 
    0x3806210b, 0x21239782, 0x56002a00, 0x1520084b, 0x5107fc4a, 0xcb5406c5, 0x35352606, 0x00213523, 0x2d068236, 0x33161415, 0x36152101, 0x16323336, 
    0x52441516, 0x352e0806, 0x6e380621, 0x61349081, 0x31604441, 0x3738323c, 0x66613181, 0x4d065f6e, 0xe43c3cfb, 0x0b043939, 0x4d15e8fc, 0x2f593c36, 
    0x2e29282e, 0x58180f01, 0x342009d5, 0x0826a418, 0x8841ef30, 0xfe6cd270, 0xe0364737, 0x014a41d2, 0xa418ab5d, 0x38230728, 0x6e00a231, 0xff21057b, 
    0x22af8493, 0x82c20122, 0x00272e10, 0x0027027e, 0x000700b0, 0x001d057e, 0x064b466e, 0xb9187c20, 0x335c095f, 0x18d28809, 0x470a519d, 0x825d085c, 
    0x058b4405, 0x8306de47, 0x031722db, 0x08dd47fb, 0x48805123, 0x05da183a, 0x91052508, 0x2ffd7bbc, 0x022bd583, 0x05446f4c, 0x4f17effd, 0x47356335, 
    0x40260ae8, 0x3f0b4b74, 0xe818524a, 0xc82109bc, 0x26d38595, 0xaa5b26dc, 0x184b2b25, 0x20087ba6, 0x24ab82b1, 0x002e0025, 0x2344183b, 0x34352112, 
    0x0abda218, 0x7f41ab87, 0x82172010, 0x053322a9, 0x088147b1, 0x02907427, 0x3c353d01, 0x057d413d, 0xfbc60523, 0x2ca783c3, 0x70fd8303, 0x37354e17, 
    0x65261955, 0x0b8f473b, 0x0c797c25, 0x894c4818, 0x0a7c41a9, 0x342a2425, 0x411c1b30, 0xd5210777, 0x22ab8305, 0x82c50122, 0x41072010, 0x04260677, 
    0x0000ebff, 0xc3821b06, 0x2d002423, 0xd7651800, 0x09054708, 0x35352624, 0xa0183531, 0xc49a09c1, 0x0dc07118, 0x581b0621, 0x01240995, 0x3a3b323c, 
    0x0623cd85, 0x8459fb30, 0xfded29cd, 0x344b1606, 0x3d185131, 0x16fb5e18, 0x3f5d322a, 0x413e0902, 0xe1fe3f51, 0x250f5442, 0x2d2924a7, 0x39472c2a, 
    0x4600200a, 0x05210513, 0x24c7826d, 0x0024001b, 0x09637c2c, 0x0d7fa018, 0x2423be90, 0x18233517, 0x3207ff93, 0x36323316, 0x6f6d0535, 0x5b673580, 
    0x330b0f6d, 0x853b3a27, 0x820523b4, 0xb48307fc, 0x1eaa0128, 0x324916d5, 0x5947bc01, 0x5866230a, 0x7b412320, 0x0cfa2611, 0x2723ad6f, 0x05664763, 
    0x20056341, 0x249b82aa, 0x003e0035, 0x22595646, 0x1520b495, 0x90083942, 0xed0421b5, 0x25157547, 0x0b0e6a57, 0xc7872634, 0xfabf0623, 0x20c78bca, 
    0x1c8147aa, 0x21566423, 0x22d98926, 0x42a3fe6c, 0xda8605ff, 0x26058c47, 0xebffffff, 0x8306d5ff, 0x012222db, 0x0dcf43c9, 0x00e30423, 0x069741b0, 
    0xfb82d220, 0x25001c24, 0x25433000, 0x06cd4507, 0x4109486b, 0x16211198, 0x073a6b17, 0x7d182520, 0x052e097c, 0x1f816fd2, 0x8d7a4566, 0x29340805, 
    0x9e413c3a, 0xfbe72206, 0x2ad684a2, 0x4c1752c9, 0x4f1775fe, 0x79150236, 0x8d230c21, 0x422d2276, 0xfc281147, 0x671f2f35, 0x2924ae3f, 0x07649818, 
    0x21080f49, 0xaf827206, 0x47003e24, 0x3d475900, 0x35262229, 0xe8a31835, 0x0897440a, 0x1809b241, 0x21105b98, 0x51479d05, 0x724f2717, 0x3537013a, 
    0xde853936, 0xfb870623, 0x31de8302, 0x34416b03, 0x4d1613fd, 0x1e2f5733, 0x55452e4f, 0x897f0313, 0x3e04221f, 0x12c04146, 0x0b40a93d, 0x2923ad69, 
    0x461d1d3e, 0xff040037, 0x06f8ffeb, 0x00ed0224, 0x0031002b, 0x184b0042, 0x210b775e, 0xcd461417, 0x2b961805, 0x71d78709, 0x06270573, 0x23150123, 
    0x18112311, 0x20102296, 0x07624604, 0x3095032c, 0x7e302a31, 0x6c637301, 0x04443b7a, 0xcb033d08, 0x7964271e, 0x54027593, 0xcdfd846d, 0x4e30175a, 
    0x112b3066, 0x1555fe0d, 0xb2fe3349, 0x8418eb83, 0x622a089d, 0x4c6a7d71, 0x3e514236, 0x0544ecfe, 0x5c5e1805, 0x3ed82b0b, 0x2e433f36, 0x23b60535, 
    0x9c42f127, 0x05002105, 0xd522cf82, 0x3f461b06, 0x593d2006, 0xa76706c7, 0x22232318, 0x1b471506, 0x35242214, 0x061d4735, 0x23251726, 0x33071415, 
    0x0ceb9b18, 0xc6471b20, 0x323c220d, 0x07ab413b, 0x3006de44, 0x33fec002, 0x3e364e17, 0xb001165b, 0xfbd023ad, 0x578418e5, 0x61792416, 0x4240306e, 
    0x8c2d119a, 0x23ad4c85, 0xdc384228, 0xfe384c4c, 0x4c8418c9, 0x08b34c08, 0xdf82f320, 0x30002722, 0x4a071355, 0x984b06f9, 0x35262c05, 0x33363634, 
    0x17161632, 0x51161615, 0x352405c0, 0x00213521, 0x11476718, 0x6ff32108, 0x616c9081, 0x6e22315f, 0x40764f46, 0x524e7640, 0x01033f75, 0x2e29282d, 
    0xe8fb0e01, 0x16fc0805, 0x0ebae018, 0x88fd783d, 0x61377e01, 0x342d3776, 0x45466f3f, 0x673f3d6d, 0x372e013c, 0x8ca23039, 0x18ecfe6c, 0x260fc7e0, 
    0xebffffff, 0x830493ff, 0x012222ab, 0x057346cf, 0x00d70323, 0x0513446e, 0x82b90621, 0x003026c3, 0x0045003c, 0x12b7524e, 0xe855cb98, 0x90242012, 
    0xb9062ada, 0x661f826e, 0x0c8b7443, 0x31e09683, 0xfb4b540f, 0xf0ce0648, 0x02545aa7, 0x604e4d58, 0xeb9140fb, 0x2d28b225, 0x92157788, 0x3c7d2eee, 
    0x6c6c363f, 0x0a62504d, 0x4c5f5a4c, 0x20f88f5c, 0x22f78203, 0x824b05af, 0x003b22df, 0x07bb7347, 0x07296d18, 0x15272623, 0xf2f61823, 0x24e98c0c, 
    0x23261517, 0x18ce8322, 0x18085e5a, 0x080b2b6d, 0x16160422, 0x27373233, 0x4b051506, 0x1b947f6e, 0x45385057, 0x056e7513, 0x2c2c303a, 0x3a703536, 
    0x627a1429, 0x0805c841, 0x27292a36, 0xf12c3e26, 0x7e4f681e, 0x6005ccfc, 0x25dbc3ed, 0x63242b32, 0x472b8cfd, 0xf0283d2a, 0xfd780211, 0x3725e888, 
    0x17275543, 0x3126fb83, 0x2c262029, 0x6b571802, 0x3b05d441, 0x240c580b, 0x224333c1, 0x6c5a4c4d, 0x2f0165fe, 0x1e221bb7, 0x2445401d, 0x2a22c023, 
    0x21059f49, 0xdb827004, 0x22068779, 0x18112301, 0x180d32ac, 0x24084a76, 0x16323336, 0x06275217, 0x20127d42, 0x08ef4870, 0x1e7b5324, 0xb8856c44, 
    0x1d75542b, 0xfc8b844c, 0xfc85046b, 0x11904199, 0x2206156d, 0x853a3f3f, 0x384223a9, 0x78428a3f, 0xff032612, 0x04e5ffeb, 0x22a38219, 0x1835002c, 
    0x1808d15b, 0x410c9b6b, 0xf97c0c74, 0x23072309, 0x4d422315, 0xb2022111, 0x2509cf67, 0x211e5834, 0xac854366, 0x206a492f, 0x32426e25, 0x2e04d2fc, 
    0xfea77d01, 0x67b08d15, 0x27230cd5, 0x852d2826, 0x2b3228b3, 0x6c5b2a27, 0x4222ca6c, 0xb74d0f35, 0x04002605, 0x00ed027d, 0x0e57664d, 0x2e086178, 
    0x17323336, 0x22232615, 0x36170706, 0x70363337, 0x406405b7, 0x073b4225, 0x7d042708, 0x6d20816d, 0x1e613b48, 0x463e6420, 0x73414676, 0x1e1f2949, 
    0x15381e1e, 0x01050ef0, 0x35284209, 0x0ffe0848, 0x4d655f02, 0x053f6410, 0x2b2a2208, 0x27392c49, 0x780212ee, 0x30b988fd, 0x2a242534, 0x4b6d392e, 
    0x093d6e48, 0x12140856, 0x302119c2, 0x115c663b, 0x68333024, 0x3e64262c, 0x22fe2705, 0xc0222443, 0x80182c21, 0x092008eb, 0x5b22ef82, 0x3b646900, 
    0x64f7bf14, 0x0c41183e, 0x09062307, 0x84187f6e, 0x442407cb, 0x63211e69, 0x202c1141, 0x173f644b, 0x24411020, 0x06b25c07, 0x723a4124, 0x28412525, 
    0x2a2c2128, 0x20144064, 0x07384154, 0xebff0426, 0xe4040000, 0x1808b34b, 0x4616717d, 0x17200708, 0x4605dd7d, 0xb1550a02, 0xc9a4180b, 0xe4042108, 
    0x2506b04b, 0x211e5832, 0xe2424467, 0x704e2d05, 0x31541e1f, 0xf7fb3501, 0x25fcf904, 0x2105e042, 0x8b569e01, 0xf1fd2106, 0x07d3e618, 0x2309d17d, 
    0x2e292224, 0x2405e842, 0x1b1b323a, 0x099d4385, 0x55f4fe21, 0x452907ae, 0xbf232445, 0x00002922, 0x20c78405, 0x26c78265, 0x002b0022, 0x183d0034, 
    0x230fdd73, 0x26222306, 0x3222c58b, 0xca461716, 0x4504200c, 0x184507f8, 0x2b088908, 0x197c6e65, 0x643c3a59, 0x45682220, 0x4736cb85, 0x64202068, 
    0x1c59383c, 0x7a0470fc, 0xed2a48fe, 0x30462412, 0xd48621fe, 0x482a0a29, 0xef283c2b, 0x8a5afe12, 0x259826d4, 0x2b2b2f2c, 0x31d08530, 0x2e2a2a2f, 
    0x6c9f242b, 0xbf22effe, 0x46282821, 0xc243032a, 0x44c42706, 0x22be2324, 0xd7873129, 0x29059f41, 0x00ed02ee, 0x003a0031, 0x1b780043, 0x09a05207, 
    0x3334d88d, 0x26343533, 0x27072223, 0x21352115, 0x16323336, 0x11331515, 0x5f113145, 0xee2b0b6a, 0x688b826f, 0x1b543662, 0x853f6222, 0x765635dd, 
    0x4b50361d, 0x100d2321, 0x0281fd2e, 0x66251d83, 0x0cfd8b5c, 0x290d9244, 0x2b475202, 0x28253036, 0x8418022b, 0x24230897, 0x85282422, 0x3a472fde, 
    0x332d5324, 0x6c010107, 0x3c697c09, 0xd0471801, 0x5f2c200f, 0x0029053c, 0xff040000, 0x05adffeb, 0x24df8203, 0x003c0033, 0xaf551845, 0x07352408, 
    0x53350123, 0xe3950884, 0x052ee1a7, 0xe8746f03, 0xa66d018d, 0x51325e6b, 0x7245221b, 0x74552b07, 0x4c54371d, 0x0d122423, 0xe48255fd, 0x5c652625, 
    0x8ef1fca6, 0x4c5526e4, 0x252f342a, 0x2ae4852b, 0x5b01e996, 0x77642e62, 0x45291d1e, 0x44230680, 0x824e2539, 0x22e583e7, 0x8f130137, 0x2b3326e5, 
    0x372a2326, 0x05a34831, 0x029f0425, 0x421f00e4, 0x0020069b, 0x0a974c18, 0x180b9744, 0x250e064c, 0x32331616, 0x44463536, 0x9f042c11, 0x661f826e, 
    0x22684244, 0x414c6e20, 0x523305b2, 0x32351e73, 0xb40462fd, 0x595aa6f0, 0x4e4d5509, 0x8e5afd60, 0x053e5fcb, 0x32282b23, 0x05a44138, 0x0b35402f, 
    0x6c363d46, 0x75544d6c, 0x604e4209, 0x137b484b, 0x052c0023, 0x22b78233, 0x764e0045, 0x4c180dfb, 0x11471d2f, 0x16322111, 0x09890c19, 0x20086943, 
    0x08464606, 0x483d5f3d, 0x0850713a, 0x443b1b1a, 0x35353237, 0x3433336c, 0x1b3b4439, 0x6443081a, 0x4263211d, 0x47320695, 0x4f1c206a, 0x1355452e, 
    0x34411004, 0x48050cfc, 0xe18fd6fb, 0x72177425, 0x18724954, 0x211465f7, 0x9c423135, 0x2b302307, 0x4c182322, 0xa820074b, 0x260f3947, 0x00ebff04, 
    0x841e0700, 0x005022f3, 0x078c1859, 0x05634e0e, 0x35231522, 0x2505c54c, 0x37331614, 0xc6560615, 0x0e5e4408, 0x48363321, 0x751805b5, 0x072009f4, 
    0xd0413082, 0x1e072e14, 0x651f816f, 0x058c7c45, 0x37262e09, 0x2cff9f36, 0x36485613, 0x2b2d1857, 0x3307e3fa, 0x059d4ef0, 0x41dbfa21, 0xfd2d0f0b, 
    0x2e28b388, 0x271c778b, 0x1515414e, 0x6cf8183f, 0x0f064107, 0x3546372e, 0x38450d2f, 0x566c6c3f, 0x54450eb2, 0x20120542, 0x06bf4200, 0x5b455320, 
    0x00392106, 0x18062346, 0x45082d7c, 0xcb711e59, 0x0923460d, 0x7e6e5327, 0x3938571a, 0x0921465b, 0x2168452e, 0x39385a1f, 0x84fc1a56, 0xb6fc6804, 
    0x0121d185, 0xf7a518c8, 0x45c72008, 0x9e240a4e, 0x272b2c27, 0x26071f46, 0x2a26292e, 0x46a9272c, 0xe2200a21, 0x20097255, 0x0a4b4557, 0x04f8ff28, 
    0x00ed02ed, 0xc5830033, 0x7f0c9f4e, 0xc8410b0d, 0x32332108, 0x20059269, 0x006d1807, 0x07a74e09, 0x2e115345, 0x322f5e02, 0x737f2f2a, 0x156b4e62, 
    0x43385b21, 0x5d3a0597, 0x4e3c1a79, 0x132a3166, 0x0247fd0d, 0x65261e95, 0x4c774679, 0x846e5402, 0xb0410efd, 0x0aa54e0d, 0x1d424a23, 0x05a24321, 
    0x3f415034, 0x05362d43, 0x6873096c, 0x0133684c, 0x88fd6cb9, 0x6644e402, 0x04002d0f, 0xf7ffebff, 0xe402e304, 0x30002a00, 0x0021d984, 0x14a54e01, 
    0x4c0d4e4b, 0x07210afd, 0x12644433, 0x816fe322, 0x096e9c18, 0x13624b23, 0x06574b46, 0x1a7a5b2d, 0x24fd4a4f, 0xabf0f804, 0x4dfdcf24, 0x921813d7, 
    0x4b220aec, 0xca853c40, 0x4d404e2a, 0x6c6c4c44, 0x28374d4c, 0x280f7343, 0x003f0003, 0x02550500, 0x18bb82ed, 0x630a9f40, 0x64660a95, 0x4636200a, 
    0x062706e1, 0x23171415, 0x46343526, 0xff1806e3, 0xe3461226, 0x55052d0a, 0x2397816f, 0x3c395c36, 0x7d083a63, 0x099a8a18, 0x04261f3c, 0x5d650482, 
    0x3bc95c66, 0xfd350154, 0xfd0803e8, 0x2b3838fe, 0x2e38392d, 0x8a1837fe, 0x46180a8e, 0x20210962, 0x052d661e, 0xfd185c20, 0x27200e86, 0x200bee6c, 
    0x08de469f, 0xdb850020, 0xdb820820, 0x3d003222, 0x09d56818, 0x22230623, 0x838b1826, 0x68d48e12, 0x05211c3b, 0x0d2f6808, 0x0d3dfe18, 0x18151f68, 
    0x69135a8b, 0x53230513, 0x68697c66, 0x00201309, 0xc3820082, 0x05adff22, 0x3424c383, 0x4a003f00, 0x230a614f, 0x01230727, 0x664ec788, 0x23342205, 
    0x28c5b222, 0x8ef54774, 0x03194e01, 0xccc7186c, 0x18982010, 0x270c238c, 0x362a4b4a, 0x2b2a2630, 0x422ec886, 0x363c01f2, 0x77642e4b, 0x5d565365, 
    0xd8186053, 0xca8c091d, 0x252c0a28, 0x31372a23, 0xbd820200, 0xb5052c28, 0x5a00ed02, 0x8d536500, 0x1dcc460a, 0x420de368, 0x5318177e, 0x01200d0d, 
    0x09996e18, 0x3ddf043d, 0x50713a49, 0x433b1c22, 0x35363236, 0x3433346b, 0x1c3b4338, 0x7250061c, 0x427b063a, 0xac30128a, 0x4532561e, 0x10041356, 
    0xdefd3441, 0xaafb7603, 0x18088742, 0x241a589e, 0x20497240, 0x1599421c, 0x4724232b, 0x0b402e36, 0xfe6c6c69, 0x0e9742eb, 0x02c20429, 0x003800ed, 
    0x69510046, 0xf19c1ad5, 0x35213522, 0x430dde45, 0x04220a74, 0xb7696ec2, 0x0da1420d, 0x201ba769, 0x119e6902, 0x690f7043, 0x00201891, 0x26065750, 
    0x00e402d2, 0x572a0023, 0xb96007bd, 0x3435210c, 0x42075144, 0x212605b4, 0x21072135, 0xea823315, 0x7d0b9c6b, 0x15350b63, 0x5d62698b, 0x4c5e7771, 
    0xe7049ffe, 0xf0e2fdf0, 0xfd8b5f44, 0x0a52646a, 0x2308657d, 0x683b2e3e, 0x07acf218, 0x8b22ac22, 0x50067241, 0x82200547, 0x29229382, 0x15783100, 
    0x0586461a, 0x3d669589, 0x16491809, 0x501b200c, 0x3c240945, 0x85043a62, 0x972c9c89, 0xbda77d01, 0xfe32436d, 0xd0feb842, 0x3e509f86, 0x6634240c, 
    0x89201249, 0x46ca23a2, 0x795e5b29, 0x06eb4708, 0x82470521, 0x002126a7, 0x00340028, 0x1451723f, 0x2122a58f, 0x8b183315, 0x07420e73, 0x4705210a, 
    0x2109bd59, 0xa9888308, 0xf05c0527, 0x3bcf6dfd, 0x0ad96054, 0x4133fe21, 0x87200b50, 0x2107a563, 0xae891e20, 0xfe27ac23, 0x07fc4dd1, 0x22076645, 
    0x82ebff04, 0x82bc20b8, 0x001922b3, 0x09c35f1d, 0x64453520, 0x0851410b, 0x35330123, 0x08277023, 0x280bed41, 0x35806fbc, 0x106d5867, 0x2ea18898, 
    0x08fdd104, 0x09029191, 0x3a3e3df6, 0x8a7ffd41, 0x43f1239b, 0x93885461, 0xace8fe28, 0x4b4d44cc, 0xea413b38, 0x82002006, 0xebff228f, 0x268f8304, 
    0x001f001b, 0x41330028, 0x35210543, 0x066d7107, 0x9b0e3d41, 0xdc0b2691, 0x5f4cbc8c, 0x2693a30f, 0xcafe0df6, 0x994b5c07, 0x06234f96, 0xe402d125, 
    0x55001d00, 0xc21805f1, 0xe8440ce3, 0x092d410a, 0x2b05c34a, 0x04152135, 0x26263435, 0x17072223, 0x4108c049, 0x042b0ae2, 0x197d6ed1, 0x6f453a58, 
    0x41860340, 0xe63d093e, 0x6720a4fd, 0x1d57393d, 0x2902defd, 0x3b304524, 0xdcfeed2a, 0x3c2a482a, 0xfe13ef2a, 0x0a4e4194, 0x2b259727, 0x16476f3d, 
    0x34bb8a13, 0x242a302c, 0x25b6ac9e, 0x222a4628, 0x24441abf, 0x2923bf23, 0x06604129, 0xebff0626, 0xab060000, 0x2321c782, 0x07f55500, 0xf7555920, 
    0x08ad690c, 0x8f06414e, 0x363622cf, 0x20d28235, 0x201d8325, 0x05644d07, 0x0621de9c, 0x0d6f4dab, 0x0626e48a, 0x22cbfbc0, 0x7e4d466d, 0x032f2205, 
    0x077d4df7, 0x822dfe21, 0x2d3a24f0, 0x4addfeee, 0xfe2106b3, 0x0d7f6899, 0x8d06874d, 0x4d3120f4, 0xac210593, 0x07934dac, 0x28266327, 0xbf232b46, 
    0x05c24a1b, 0x3109364f, 0xebff0500, 0xd004c5ff, 0x1f00e402, 0x32002900, 0xef503b00, 0x07072509, 0x022e3723, 0x2012e244, 0x08cc4101, 0x41360521, 
    0x824d06cd, 0x0bcc4108, 0xe018d020, 0xe98a092b, 0xfde50423, 0x08ce41a5, 0x82111821, 0x2a3b22de, 0x13cd4137, 0x0842e018, 0x302cdb8d, 0xac9e242a, 
    0x282524da, 0xa5222a46, 0x210dd041, 0x634c0000, 0x58052d05, 0x2800ed02, 0x3c003100, 0x00004700, 0x70050f5a, 0x38430b5e, 0x5295180e, 0x82212008, 
    0x222324cd, 0x47032107, 0xcf8a0976, 0x6f58052b, 0x62698a82, 0x15345d3d, 0x089c4295, 0x1ded0231, 0x8a5d6625, 0xa0015dfd, 0x0c0f2322, 0x4178c0fe, 
    0x1828079e, 0x30362b48, 0x022c2825, 0x2606d750, 0x58307468, 0x42243239, 0xd150089b, 0x53e82406, 0x4707332d, 0x42200751, 0x26085847, 0x00ebff05, 
    0x820d0700, 0x723320c7, 0xb2180641, 0xcea10d4f, 0x2006f449, 0x49d48501, 0x3722074b, 0xb95c2123, 0x21e7940a, 0x104a0d07, 0x9212210d, 0xeb21ed89, 
    0x6e951820, 0xb7fa2308, 0x4d72a001, 0x049f2a07, 0x59afa758, 0xfb604d50, 0x48fe8830, 0xfd26086e, 0x2e28b388, 0x55487a8c, 0x0e004105, 0x36433325, 
    0x72e8fe6c, 0x4d270a49, 0x58490eb3, 0x41114b60, 0x0f410508, 0x05df5109, 0xed026f2a, 0x33002b00, 0x49003e00, 0x5106d741, 0xaa420bdf, 0x0bda4112, 
    0x07222323, 0x0a504921, 0x2c0bd941, 0xe874706f, 0xa76d018c, 0x715d5f6a, 0x39ee8a10, 0x65241df1, 0x40fda75b, 0x1248a401, 0x01c3fe0d, 0x352b4ba4, 
    0x2c2a2530, 0xe687e4fd, 0xfd6ce42f, 0x01e89588, 0x642e5d5b, 0x2b546476, 0x11de4123, 0xfe07602a, 0x23252bed, 0x3331382b, 0x3f45d485, 0xc7062105, 
    0x3921cb82, 0x050d7300, 0x37496e20, 0x1061481a, 0xfc72d386, 0x10e14108, 0x8a184949, 0xc70621f2, 0x410e5449, 0x574910e5, 0x7cfd2108, 0x210ae841, 
    0x0c73bb03, 0xf8fb2107, 0x4910ea41, 0xee41116d, 0x056c490e, 0x210cf041, 0x614f3afe, 0x0a0b7305, 0x2a07f541, 0x00ebff05, 0x025c0500, 0x671e00e4, 
    0x3c200653, 0x410d0973, 0x012512f0, 0x21213521, 0x016f1823, 0x29f58a0c, 0x826f5c05, 0x5d626995, 0x86491271, 0x71052d09, 0x9a0168fc, 0xa70266fe, 
    0xe1fc9595, 0x1220d387, 0x260a6545, 0x683b6301, 0x8a576a74, 0xe8fe21cb, 0x08ed9218, 0x4409a242, 0x1020067b, 0x1a26af82, 0x2d002100, 0x4b463800, 
    0x1042460c, 0x4811c86e, 0x05210a46, 0x0cbc6e10, 0x4c5d7826, 0x25059ffe, 0x4c18dc72, 0x882806c7, 0x74693a76, 0x645c586a, 0x2915c872, 0x03000000, 
    0x2c00ebff, 0xa382ab05, 0x4a003c24, 0x4b605500, 0x11eb4a2b, 0x93671520, 0x42332005, 0x584a058a, 0xd604210b, 0x201a4760, 0x09664a05, 0xfec00531, 
    0xfd344137, 0x561eb66d, 0x13554533, 0x417bfd03, 0xa54c0877, 0x7141231a, 0x7a4a1c49, 0x40b4280a, 0x23ac690b, 0x43374624, 0xe7820760, 0x2005cb49, 
    0x06a348c0, 0x016c3520, 0x1da1480d, 0x2b183e43, 0x7e6ec004, 0x4438571a, 0x88033767, 0x2d081245, 0xb5fdd504, 0x393a5e1e, 0xf0fd1a56, 0x6252b401, 
    0x88ff2008, 0x0c1f76c7, 0x5c576a2f, 0xfe6cac63, 0x2c2d29e8, 0xfeaca927, 0x095d52e6, 0x82060776, 0x820020ba, 0xf8ff30bb, 0xed026305, 0x2f002900, 
    0x4c004100, 0x67010000, 0x3320070d, 0x4207ff60, 0xfd600f4e, 0x084d590d, 0x85231721, 0x422120ec, 0x022c0a5b, 0x293230d4, 0x74017e30, 0x8e796c63, 
    0x782ac883, 0x9ffe4c5d, 0x27210803, 0x00617864, 0xbdfe2f05, 0x2a2a3166, 0x03800130, 0x1c01ac12, 0xcc866cfe, 0x63390122, 0x0914b718, 0x683b5c30, 
    0x5c586a74, 0x096cd363, 0x736f636f, 0x5452ab01, 0x3dc13305, 0x36312941, 0x1515262d, 0x6ad32832, 0x2d27282d, 0xd4823038, 0xf728d383, 0xe4025705, 
    0x2e002700, 0x720a0f4c, 0xd98f1207, 0x3522cb82, 0xad681521, 0x21c68a06, 0x58525705, 0x675f230a, 0x93418c70, 0x6c052e08, 0xfe499bfd, 0xc501de89, 
    0xfccf24ab, 0x0a8a41e5, 0x7d480122, 0x200aa671, 0x052d436b, 0x6cd46130, 0x444dc0fe, 0x4cd4d443, 0x2d72344a, 0xb2852827, 0xff030027, 0x0493ffeb, 
    0x22b38255, 0x70400038, 0x5d482995, 0x0ab8730e, 0x210b2143, 0x9570fc02, 0x1323221b, 0x33cd889f, 0xb1856a04, 0x643e51bd, 0xfe916ffe, 0x362b48f7, 
    0x2d28252f, 0x33199470, 0x683b1e12, 0x5c576973, 0x6c6cb264, 0x57302db4, 0x272e6ab2, 0x82068341, 0x000023cf, 0xcf82fc04, 0x2e001e24, 0x914d3a00, 
    0x6c5d180f, 0x4e35200c, 0x0c6c05ca, 0x6e372007, 0xfc201065, 0x3a088c4d, 0x446a211c, 0x0c048b7c, 0x00ff4b54, 0xfdf01105, 0x5658575f, 0x0b523a4c, 
    0x4d5c7e08, 0x02200a93, 0x25098f5b, 0x2f2a2d32, 0xd8188298, 0x49250a61, 0x57344058, 0x0c3b675f, 0xca20ab85, 0x1b21ab82, 0x0f677700, 0x4508954b, 
    0x35250541, 0x37360021, 0x08c46c34, 0x6d070621, 0xc76c0558, 0x6fca2e09, 0x44661f81, 0x2121734e, 0x8154486e, 0x25a98547, 0xe5fcdf04, 0x0b830253, 
    0x57b8fe27, 0x024a5c58, 0x0dd06c78, 0x35363a26, 0x5780443c, 0xfd30a585, 0x114f62e5, 0x364b4824, 0x0763574d, 0xaf01554c, 0x2608da6c, 0x00ebff02, 
    0x82de0300, 0x001822a7, 0x0cef4524, 0x27262626, 0x17161433, 0x570c1b62, 0x032105b7, 0x2e9084de, 0x660b8b75, 0x527b038c, 0xfe4b5337, 0x18f30324, 
    0x270ec985, 0x69046f7f, 0x02383869, 0x10197482, 0x01260bcc, 0x93ffebff, 0x6f823003, 0x07694718, 0x19361721, 0x551b1f0e, 0x898305aa, 0x37323322, 
    0x0d4c7e18, 0x42d70121, 0x06341b81, 0x6237422e, 0x437b013f, 0x05120a31, 0xfd644a57, 0x854503bb, 0x1a360e19, 0x2f1a0330, 0x3634435e, 0x3c121202, 
    0x6c6c5744, 0x3b6000b4, 0x79062106, 0x5622ab82, 0xc56f6300, 0xe9c61820, 0x1118590a, 0x46094957, 0xfc48056b, 0x45931808, 0x18c2200f, 0x2c16bf53, 
    0x0104715c, 0x35353137, 0x3433346c, 0x5c111938, 0x57142f0e, 0x19462848, 0x3834541c, 0xa5fb1850, 0x75188e06, 0x7924221b, 0x4f423664, 0x137c1119, 
    0x20463725, 0x1826241f, 0x200fd653, 0x051b4800, 0x025d0829, 0x004c00e4, 0x18630058, 0x200db546, 0x2b751826, 0x410e860e, 0x75182b06, 0x08212340, 
    0x4075185d, 0x29174111, 0x18720821, 0x412f5375, 0x75182224, 0x032e1c63, 0xfbffebff, 0xe4025106, 0x52003d00, 0x7b725e00, 0x06a94409, 0x465b3520, 
    0x102d4217, 0x21353524, 0x72182135, 0x062f20b4, 0x2b806f51, 0x22160b58, 0x917d4d73, 0x422d3505, 0x3d2d182d, 0xfc47175f, 0xfd660676, 0x201e29e1, 
    0x381f1932, 0x85b21813, 0x7f8e2407, 0x42352a3b, 0x3e231628, 0x19651b3a, 0x291f521f, 0xebff0100, 0xbf050000, 0x476fe402, 0x098b6b0c, 0x23212342, 
    0x32331616, 0x052eff84, 0x92816fbf, 0x5a4c5e5d, 0x2a2c0d16, 0x09433234, 0x46542d14, 0x091c5c4d, 0xfc401c1d, 0x02d4052e, 0x0228c582, 0x6f59f278, 
    0x302b4247, 0x5826c496, 0x541f1b55, 0xa7866cf8, 0xa782f120, 0x88184320, 0xa5410fc3, 0x0af16f26, 0x35213525, 0x6ff10521, 0x622705f5, 0x3102056e, 
    0x9434342f, 0x46572eae, 0x2f385e38, 0x012f2926, 0x06e9fa0e, 0x09fc6f06, 0x38576423, 0x2ab1963f, 0x0c3d582e, 0x2e37352e, 0x6f6c8ca6, 0x052007fb, 
    0x2222b783, 0x0f680102, 0xd6042305, 0xcf846e00, 0x30051c22, 0x4720cf82, 0x2211b977, 0x6f353526, 0x7e4106ef, 0x05ec7321, 0x2105e377, 0xf86faf03, 
    0x3335210b, 0x2a186042, 0x261b4e2e, 0xfb054772, 0x184505f5, 0x220f1593, 0x96454002, 0x23232fd8, 0x6c5b2927, 0x0200c86c, 0x2400ebff, 0xeb674905, 
    0x01002306, 0x025b1615, 0x5e272008, 0xb6a20570, 0x21353722, 0x0220b482, 0x07b35318, 0x3536322f, 0x795e2304, 0x4d4f7e49, 0x36024a7c, 0x16904134, 
    0x2f45522b, 0x5d391b50, 0x5e0548fc, 0x102578cf, 0x496f3c24, 0xbc964842, 0x3f242527, 0x6c6c5e11, 0xe31d19fe, 0xc3042110, 0x4f20c782, 0x1ed57e18, 
    0x9f05d277, 0x4c6418d5, 0x7203210c, 0x13a75518, 0x0d6c4324, 0xdb964419, 0x4144512c, 0x2f4e182e, 0x041efc58, 0x94187ad8, 0x3522120d, 0xdc953d42, 
    0x1b2b4427, 0x6c6c5c1b, 0x27c482b7, 0xebff0100, 0x3205feff, 0x5720d382, 0x180a5742, 0x220cce57, 0x4a163233, 0x26230542, 0x43023d27, 0xda8d263c, 
    0x1874c021, 0x25114e82, 0x0101528e, 0xda963336, 0x2f45522c, 0x77271c4f, 0xddfb1b48, 0x1e194705, 0x4227178c, 0x0201547d, 0x95494203, 0x264629e4, 
    0x552f2c25, 0x00ae6c6c, 0x0023e383, 0x82620500, 0x06e15fe3, 0x420f3359, 0x33272884, 0x35213533, 0x69620521, 0x74240896, 0x2f370390, 0x2b163643, 
    0x58354554, 0x8b804b1a, 0x770579fb, 0x0c9b1e19, 0x3e151622, 0x2517ac47, 0x8a3c3031, 0x0082006c, 0xebff0122, 0xab24b382, 0x5200ed02, 0x470d8b51, 
    0xe35f288b, 0xdc75180f, 0xab052f0d, 0x7318816f, 0x477c5252, 0x242f0903, 0xce443736, 0x47553514, 0x06185739, 0x232b6959, 0x72fc0d14, 0x211e7003, 
    0x8b325b3a, 0x0ff71e19, 0x52774024, 0x8441221e, 0x30322716, 0x30234437, 0xd2186c07, 0xde820c2e, 0x83020021, 0x7e0721df, 0x5d22df82, 0xa74a6900, 
    0x4906200c, 0xe59a2c78, 0x824b3520, 0x35232405, 0x18230721, 0x2f09d56c, 0x826e7e07, 0x4f44661f, 0x7c262175, 0x059f874d, 0x0e22fda4, 0xfd8a73fc, 
    0x5b53562e, 0x540e026d, 0xc202ac4c, 0x5957a6f0, 0x0b666a18, 0x3f3b3824, 0x0d417e8c, 0x88541828, 0x18572008, 0x2707bea8, 0xebff0100, 0x0905e5ff, 
    0x180fe745, 0x4508475d, 0x36202930, 0x8205ac42, 0x032322fb, 0x0a565ba2, 0x013a6123, 0x17784a34, 0x2c45542d, 0x6c241a4b, 0xe2fb3241, 0x18011e05, 
    0x260ba4f9, 0x331f1da5, 0x42344764, 0x222717b7, 0x5b272621, 0x84ca6c6c, 0x05bd22bf, 0x20bf8208, 0x21541848, 0x3307210e, 0x4305265a, 0x3e7f286c, 
    0x26c0880a, 0x8caf010f, 0xa5614c93, 0x8b1d20c1, 0x10a726c0, 0x6f0d99bf, 0x20c1a15a, 0x059b4200, 0x82230521, 0x483420c3, 0x735b07e5, 0x25fc4405, 
    0x4c181720, 0x052b0c66, 0x35806f23, 0x116c5767, 0x4421300c, 0x12291528, 0x242c4250, 0x38052ffd, 0x0a3275ef, 0x20525e23, 0x14534324, 0x12463623, 
    0xcdf91878, 0x21ab8608, 0xab826106, 0x18050f6d, 0x2421614c, 0x06222326, 0x209a4615, 0x0ea04b18, 0x3a75a420, 0x6a552415, 0x9843190f, 0x242d25d5, 
    0x76062efd, 0x1e457618, 0x42535f21, 0xe7851553, 0x78054175, 0x57200847, 0x3d20e782, 0x7c061d76, 0x2620083b, 0x1829774b, 0x2b1a3199, 0x7d6e5705, 
    0x443a5819, 0x3306416f, 0x2f16694b, 0x29455313, 0x64211b48, 0x1d57393b, 0x6c057ffb, 0x17429918, 0x30476d23, 0x16bb413a, 0x291f2123, 0x4e99182d, 
    0xff022814, 0x050000eb, 0x55ed02e3, 0xde820705, 0x49070b6b, 0x33252bdd, 0x23343533, 0x08d76522, 0x0d8a4c18, 0x70e30528, 0x63688b81, 0xea49705d, 
    0x45543b18, 0x38165636, 0x0c454a55, 0x035efc10, 0x66251d77, 0xfcfe8b5d, 0x2f352c47, 0x116b2925, 0x576a240a, 0x944a4803, 0x463727e2, 0x53283837, 
    0x206b0760, 0x587f2007, 0x03200663, 0xed23df84, 0x1800e402, 0x22127997, 0x43373435, 0x2b71255a, 0x5b4a1808, 0xed05210e, 0x23064757, 0x30350301, 
    0x20158f42, 0x28da8214, 0x54381755, 0x06fcfb4c, 0xcba51802, 0x576a2414, 0x4241060c, 0xd582158c, 0x18273721, 0x440ba265, 0x8d200623, 0x3921cf82, 
    0x0c6d5e00, 0x20289f47, 0x103f6936, 0x6f8d052e, 0x45661f81, 0x08058c7b, 0x36372530, 0x2a149247, 0x55364958, 0xfc2b2d17, 0x69a20574, 0x6a570621, 
    0x788b2306, 0x1169261c, 0x71412e0c, 0x366a4c49, 0x46373746, 0x450e2f35, 0x09096937, 0xff010027, 0x062c00eb, 0x20bb8237, 0x2a6f5760, 0x6b2b7946, 
    0x05210b16, 0x187a5762, 0x013a7124, 0xae413237, 0x4b2d3018, 0x32561e1a, 0x03135545, 0xfb344111, 0x774c0608, 0x40241cca, 0x46374871, 0x23169242, 
    0x24222224, 0x0f872219, 0x84220821, 0x486b20ff, 0x85420c7b, 0x18fcb118, 0x530ffd49, 0x0821056a, 0x17e24122, 0x20270b41, 0x06014214, 0x08dff923, 
    0x1e014237, 0x42211241, 0x8744111b, 0x02462405, 0x183e00e4, 0x200d11a8, 0x82831826, 0x1f3a4607, 0x53171621, 0xba58090c, 0x4605210d, 0x08568518, 
    0x62453620, 0x53142f16, 0x1a492a45, 0x39385a1e, 0x91fb1a56, 0x78185b05, 0x012213ad, 0xe741392e, 0x1f212316, 0x4b182926, 0x3b460fca, 0xeeff2305, 
    0xd3822507, 0x61002924, 0xbb4d6e00, 0x0853611e, 0x15231524, 0xaa4e2423, 0x20ffac09, 0x1ecf1812, 0x16142408, 0x4dd40533, 0x4d3513da, 0x584f6772, 
    0x3a07bcf9, 0x2ffeb27a, 0x773b3a76, 0x3f754f54, 0x1a184105, 0x1a4b2b2e, 0x2e426a22, 0x40471f3d, 0x3d4c4e3b, 0x16ed8c18, 0xb76c6c2c, 0x3e6c4361, 
    0x3d426b3d, 0x2a41466c, 0x21233a19, 0x8ffe2b28, 0x37223d26, 0x3d3b494e, 0xff020049, 0x05f7ffeb, 0x00e402cd, 0x179d1846, 0x120b5908, 0x1829bc49, 
    0x23084ba6, 0xcd053307, 0x210d0a7a, 0xf64d2d33, 0x52132c15, 0x155c3c43, 0x3bfc474c, 0x18f0e205, 0x2114e241, 0x58472e69, 0x46372e15, 0x4d023b3d, 
    0x6c6c4c42, 0x00384c4c, 0x22cb8201, 0x82b70493, 0x415620cb, 0x935606eb, 0x4f26201d, 0x5e2033ae, 0x241bac56, 0x2e1b0d39, 0x14c04539, 0x3e4b122c, 
    0x47142a3d, 0x34fc642e, 0xbf56cc04, 0x391e241b, 0x6e435124, 0xce450ae0, 0x1a272209, 0x05d0561b, 0xebff0326, 0xcd040000, 0x2423e782, 0x18003200, 
    0x18089551, 0x7209016e, 0x4a6c0d5e, 0x47372008, 0x8718076e, 0x04210e24, 0x064359cd, 0x58332508, 0x3b5c1f1e, 0x3e3f754f, 0x66454d73, 0x32561e1e, 
    0x0efc3501, 0xaefce204, 0x02010644, 0x4c3b3e45, 0x89013b4c, 0x112a5918, 0x2722253b, 0x466c3d2c, 0x383b6a43, 0x851d1c30, 0x43cefd6c, 0x34070f30, 
    0x3c3b484b, 0x524f1849, 0x85002009, 0x828720b7, 0x001f22b7, 0x079f7b2b, 0x4216756f, 0x06200846, 0x1478d418, 0x6e870422, 0x0c6bd418, 0x4e29b082, 
    0x30331b6c, 0x9c047afd, 0x50d418f0, 0x78022a13, 0x28b288fd, 0x2e272a2d, 0x27a98535, 0x450c3842, 0x6c6c433c, 0x122fd418, 0x00820020, 0xebff0226, 
    0x2c052c00, 0x4522ab82, 0x2d475400, 0x05115629, 0x4508f755, 0x33220511, 0xc5523636, 0x82002005, 0x0a834107, 0x47570421, 0x49251721, 0x571f206b, 
    0x05884138, 0x1f613f25, 0x4734581e, 0xfc2f060e, 0xfc410513, 0x0106444f, 0x3b3d4503, 0x473b4c4c, 0x37231c1a, 0x85272231, 0x2a3023ec, 0x08472625, 
    0x3afe2c07, 0x10023043, 0x48493307, 0x41493c3b, 0x3c200693, 0x2222e782, 0x4b423000, 0x16934107, 0x51183320, 0x3720089b, 0x27071445, 0x20331614, 
    0x35353636, 0x28083f72, 0x7e6e3c04, 0x3a38571a, 0x0949425b, 0x1f5e3d33, 0x393a5b1f, 0x9bfc1a56, 0x40fd5104, 0x44050445, 0x21bb833b, 0xa55eb301, 
    0x78022807, 0x279e88fd, 0x42282b2c, 0x2c230746, 0x452b2827, 0x462505d0, 0x310b1131, 0x5eaa8344, 0x9f4109a2, 0x93ff2306, 0xb782ae03, 0x44003622, 
    0x701fed43, 0xa1520b27, 0x3706210c, 0x82060344, 0x373223c7, 0xdb435502, 0x69220816, 0x382e0780, 0x3a3c6d48, 0x3b5c486c, 0x642f4714, 0xc3033dfd, 
    0x2cb2b185, 0x49280e36, 0x3b4a4a39, 0x085d2a46, 0x5d712213, 0x057e4116, 0x1c1b382b, 0xb46c6c57, 0x331c1db5, 0x35ca823f, 0x00003548, 0xff4b0003, 
    0x02ff05f8, 0x002900ed, 0x0067005a, 0x595f1300, 0x05745308, 0x18353521, 0x200eb49e, 0x09595f36, 0x23756e18, 0x2017995a, 0xe89e18ce, 0x4f8e2108, 
    0x38075c5f, 0x64426436, 0x03759379, 0x364e173f, 0x35325c3e, 0x1d243c5e, 0x3e30140c, 0x3e381940, 0x1751300d, 0xaa038afe, 0x1c3779fd, 0x44353a3f, 
    0x19013642, 0x211d092b, 0x0219ac4d, 0xa123120c, 0x193a2d27, 0x31125c38, 0x00004339, 0x4b00ffff, 0xff056fff, 0x2200ed02, 0x03571d02, 0x004b3006, 
    0x0002004a, 0x03cfff1d, 0x0003034d, 0x533f0032, 0x352a0c15, 0x23073734, 0x15172535, 0x3e410607, 0x82252007, 0x79372010, 0x162a0819, 0x07061415, 
    0x16041117, 0x99471717, 0x03660808, 0x15776e4d, 0x4534384f, 0x018b7c03, 0x15125325, 0x4338232a, 0x8e98dbfe, 0x324644c6, 0x5e403e5c, 0xd0352e33, 
    0x332f68fe, 0x342c2806, 0x0235282b, 0x88fd6ce4, 0x41332b2d, 0x6a0f1131, 0x0727ed0c, 0x2023160f, 0x0e3e5627, 0x9511768b, 0x313d5e26, 0x512e2f52, 
    0x2d513433, 0xc1a80163, 0x1e03183c, 0x3424263a, 0xcf852334, 0x8605f822, 0x0021cf83, 0x24cf826d, 0x022a0003, 0x2007823c, 0x22e78202, 0x82c104f8, 
    0x00292217, 0x2bf94148, 0xe5872420, 0x11e69e18, 0x15231523, 0x1ada4123, 0x5f380237, 0x53434353, 0x527b437c, 0x47478052, 0xfe045883, 0xbc6502d6, 
    0x1dc2417b, 0x484d8522, 0x145b3519, 0xf220bf84, 0x4320bf84, 0x0120bfab, 0x490f0f7f, 0xba9a0873, 0x6fea0333, 0x574a8581, 0x2712494e, 0x7f9e9074, 
    0x0255fe8b, 0x21b69d9b, 0xaa184d01, 0x7c2f089d, 0x8a7b7c79, 0x0000006c, 0x001d0003, 0x822c0500, 0x002a22b3, 0x07f17536, 0x4e181120, 0x272009cf, 
    0x7c123642, 0x3c42081b, 0x22272306, 0xd0621506, 0x14330808, 0x2c053316, 0x2397826e, 0x3c385d36, 0x9cf61c63, 0x4643cd93, 0x413f5f33, 0x342e3460, 
    0x5e7d0781, 0x0dfe3401, 0xaefbe302, 0x29260f59, 0x33292a31, 0x18385002, 0x251043cc, 0x7a7b2e32, 0xf7189e0f, 0x250808e8, 0x3f2e5638, 0x6c856159, 
    0x072df9fe, 0x25263b1d, 0x26350135, 0x2b379dfe, 0x2c36372a, 0x0400362b, 0xf8ff4b00, 0xc3826c05, 0x3e002922, 0x4d20c382, 0x62317b41, 0x4e4f0e13, 
    0x1a85410e, 0x6f640434, 0x61689682, 0x5d78715e, 0x03e0fe4b, 0x9696f11f, 0x1f50f2fe, 0x228d4106, 0x2105b966, 0x4b4f635c, 0x0503450c, 0xcf861f20, 
    0xcdaf4a20, 0x1805a546, 0x200e88c4, 0x06937806, 0x1736ca9b, 0x661f816e, 0x048e7f45, 0xbe4c540c, 0xa7efd402, 0x4f595957, 0xc6a1614e, 0x2e29b422, 
    0x210e2f62, 0xcf434b60, 0xbc052107, 0x6320c784, 0x115bc5ac, 0x20b27308, 0x9a0e4948, 0x032a08de, 0x3a493ede, 0x1c065072, 0x36443b1b, 0x6c353632, 
    0x38343333, 0x1a1b3b43, 0x3a724f08, 0x453e653a, 0x11031454, 0xecfd3442, 0xf19f6803, 0x72177323, 0x167e7a55, 0x3607964a, 0x690b412d, 0x00006c6c, 
    0xff1d0003, 0x034d03d7, 0x00240003, 0x453e0031, 0x26240ca5, 0x37363435, 0x45136043, 0x00230d97, 0x18353536, 0x31081353, 0x776e4d03, 0x35374f17, 
    0x40522e52, 0xc78e9964, 0x9a454744, 0xd1362106, 0x3c0a9a45, 0x2b3d6001, 0x3c302321, 0xe4022c39, 0x2988fd6c, 0x4e2c2c26, 0x0f5d4230, 0x9a107a30, 
    0x08994527, 0x452f4f21, 0xfd320d99, 0x0d3b50f1, 0x2a340c15, 0xffff312a, 0xf8ff4b00, 0xa3457005, 0x02412c0a, 0x00000013, 0x00ebff04, 0x18640500, 
    0x2008fb51, 0x2537624c, 0x18230621, 0x2007d154, 0x05b14105, 0x1221352b, 0x27373736, 0x33161415, 0x08814604, 0x95180c82, 0x24081358, 0x54177c3b, 
    0x1567473a, 0x7a70583d, 0xfc79055f, 0x40601a73, 0xfd185038, 0x0b3baf97, 0x4341f701, 0x1c379301, 0xb83f193f, 0x424b371d, 0xcc779035, 0x33c66c6c, 
    0xab262b39, 0x20299afe, 0x4873b907, 0xe118594e, 0xff210f0b, 0x23db84d2, 0x0038002f, 0x1e079818, 0x0a379618, 0xddbc2720, 0x7c02392c, 0x8baf0b07, 
    0x14513782, 0xe0b5593e, 0x0b0da928, 0x410989bf, 0xe3a13434, 0xebff032e, 0x18041c00, 0x1d00e402, 0x2d002400, 0x18113b5f, 0x310df556, 0x33333626, 
    0x06052135, 0x27353736, 0x33161415, 0x215f9702, 0x93662408, 0x82533917, 0x2d0431af, 0x81de7bbc, 0xeafd0555, 0x3c671701, 0x4341f80b, 0x0a114f18, 
    0x2e546322, 0xc82c9384, 0xcc5b3b32, 0x02212c9a, 0x4e4873ba, 0x47427482, 0x9b062105, 0x2c248782, 0x43003300, 0x2207634f, 0x18230635, 0x891bbfa6, 
    0x8500209c, 0x18002098, 0x200ec5a6, 0x21a88724, 0xa6189b06, 0x642117ce, 0x23b78590, 0x68fbb006, 0x0321b686, 0xd6a61882, 0x57fc210b, 0x0220c584, 
    0x14dda618, 0xfe21d086, 0x21cf82fe, 0xa618e9fe, 0x7d200be1, 0x0326dd88, 0x9effebff, 0xdb821804, 0x2b002424, 0x63413400, 0x1707250d, 0x23232723, 
    0x4205fa59, 0xfe750937, 0x116a4108, 0x7e4b542c, 0x06026885, 0x3a7c8368, 0x71411051, 0x8057291e, 0x7e7e911c, 0x3a541592, 0x26137641, 0xfeebff04, 
    0x821904e9, 0x00282697, 0x0039002f, 0x18998c45, 0x4d0e56a0, 0x352205b1, 0x1a612335, 0x09084205, 0xb5433420, 0x099b7006, 0x8a023522, 0x0f94a718, 
    0x1d1c363d, 0x7a703050, 0xbc2e045f, 0x547ad894, 0x01eafd1f, 0x0e37600b, 0x4341f302, 0x1835af01, 0x3e1ba4a7, 0x90201c34, 0x6c6ccc77, 0x533b32c0, 
    0x1b22a2c4, 0x73b51007, 0x3db14e48, 0x423c3133, 0x8200792d, 0x240023c3, 0xc3823304, 0x1b001524, 0xc7822300, 0x430b3f61, 0x37240d89, 0x36122135, 
    0x5918ad85, 0x0d2a0c3b, 0x7e49795e, 0x1990614f, 0xa283533d, 0xacfd482f, 0xfe375a1d, 0x0a3cb13b, 0x024341f8, 0x10176119, 0x30525f22, 0xcc299284, 
    0x5e0b382b, 0x222d9afe, 0x209182ba, 0x3f591850, 0xff052609, 0x060000eb, 0x289382a6, 0x002b0025, 0x0043003b, 0xa3a7184f, 0x22a6891d, 0x82363601, 
    0x12c542a5, 0x19452720, 0x09404e05, 0x18a60621, 0x8710b2a7, 0xbb0623c1, 0xc18439fb, 0x18a40421, 0x210bbaa7, 0xd0844dfc, 0x18c60121, 0x8619c1a7, 
    0xc8fe21d9, 0x2722d984, 0xa7184f5a, 0x732009c6, 0x8220e685, 0x08cda718, 0x04000028, 0x9bffebff, 0xe7823304, 0x20001a26, 0x34002800, 0x1808ff4f, 
    0x410847bc, 0x5c2a2880, 0x6c85864d, 0x3b83836c, 0x85411154, 0x7c562923, 0x82829b1a, 0x3a52149a, 0x831d8a41, 0x20a882a3, 0x26a382e9, 0x00190016, 
    0x412a0022, 0x11230589, 0x18141123, 0x2809c041, 0x35233535, 0x35170521, 0xfda11821, 0x06264208, 0xe9042208, 0x6d9d816f, 0x1b583c65, 0x6f37581c, 
    0xfe045f77, 0x01f1dffb, 0x272da624, 0x97fe2b27, 0x3ff00a39, 0x05746541, 0x5ffcfe3b, 0x25292d76, 0xcc77902b, 0xb5b56c6c, 0x3329f0fe, 0x2d562a32, 
    0x4872b823, 0x063f724e, 0x83828420, 0x26002327, 0x3b002f00, 0x06736500, 0x200d9949, 0x18929c21, 0x860c5dc3, 0x84062e9e, 0x661f816f, 0x048d8044, 
    0xfe4b540c, 0x23a88aef, 0x44fa9906, 0x0221a887, 0x06296bb7, 0x88e0fb21, 0x28b321b1, 0x9407a149, 0x100122b9, 0x06725f4d, 0xc3866220, 0x57180420, 
    0x1224084f, 0x1e001500, 0x0028c782, 0x23112301, 0x22230635, 0x240a1944, 0x21351705, 0x06614e23, 0xa4860420, 0x6f1d043b, 0x73673580, 0x3c5c1c3b, 
    0x045f776f, 0xeeabfc32, 0x3df67801, 0xfe413a3e, 0x318f8846, 0x2a5443f1, 0xcc779033, 0xb3b36c6c, 0x4b4d44cc, 0x77898c38, 0x04ebff2d, 0x00e4021d, 
    0x00170014, 0x41280020, 0x537905bf, 0x2779a205, 0xbc8cdc0b, 0x5d1c355d, 0xf6267b9a, 0x09cafe0d, 0x2c472b46, 0x427e8e05, 0x0521053f, 0x267f825b, 
    0x0030002d, 0x48410039, 0x441820df, 0x35260816, 0x21352335, 0x12412115, 0x9e032112, 0x24152e5e, 0x1c1b5538, 0x2da9835b, 0x6dfb7005, 0xe46601ef, 
    0x3c363939, 0x254157fe, 0x926a1806, 0x272b2315, 0x38413229, 0x41d22506, 0x8636474a, 0x21063841, 0x77420000, 0xc6042105, 0x24061b45, 0x0029001f, 
    0x0d8f7334, 0x23099d43, 0x33333601, 0x22058873, 0x41373604, 0x877306b8, 0x0426080a, 0x95826fc6, 0x674a6269, 0x6f4a3713, 0xdb045f77, 0x593b22fd, 
    0x0300fe4c, 0xfd95950d, 0x020c379a, 0x413ff104, 0xb86f8101, 0x3b63260b, 0x3c447468, 0x2e9a8327, 0xac2dbbfe, 0x1c24baac, 0x72b90708, 0x5c514e48, 
    0x002406f1, 0xebff0600, 0x8a200482, 0x1b219f82, 0x05757c00, 0x5e052776, 0x272008b9, 0x08084818, 0x2e4a2320, 0x18a78506, 0x21145362, 0x92483637, 
    0x21b68a05, 0x94738a06, 0x694c240a, 0x82483511, 0x9f062abc, 0x563862fb, 0x0202fe4c, 0x32621876, 0xd6fb240d, 0x83050c37, 0x0bf17bc7, 0x2e28b32a, 
    0x693a7688, 0x253e4874, 0xb922ca84, 0x6218b229, 0x62240b12, 0x010b1d26, 0x4926d583, 0x2e27272d, 0x2f423039, 0x7b042105, 0x1424d382, 0x26001a00, 
    0x0f795a18, 0x2108e147, 0x95183601, 0x04240f39, 0x27343736, 0x2005e645, 0x25b6847b, 0x1d1f7a58, 0xb1823252, 0xfd900429, 0xfe454c58, 0x43c30264, 
    0xfd2506c8, 0x010b38e8, 0x057b44ee, 0x4923a082, 0x84242043, 0x03cb249c, 0x43364848, 0x2b2708b9, 0xb7010322, 0x864e4872, 0x822b2093, 0x00132693, 
    0x0024001c, 0x0cd35b32, 0xb954928b, 0x07244705, 0x0e0f5b18, 0x7e6e2b2a, 0x4d38571a, 0x563d186e, 0x40329483, 0x681ba5fd, 0x1a563943, 0x39ac89fd, 
    0x413ff00a, 0xa7549c01, 0x434d220e, 0x27968436, 0x2c3c34ce, 0x9afea927, 0x20059942, 0x0ca05460, 0xebff0526, 0x29040000, 0x16269b84, 0x21001900, 
    0x5e182900, 0x9d880cb3, 0x35170523, 0x0c3e1921, 0x42202009, 0x042b06a3, 0x347f6f29, 0x1d5c3e6d, 0x833b5b1d, 0xfc3e3194, 0x8501ee9f, 0x0601fafe, 
    0xfe0e4058, 0xbffe4141, 0x23086244, 0x2c2f46eb, 0x27082a43, 0x252ca6c0, 0x514573b8, 0x26082c43, 0xffebff03, 0x82ec05f7, 0x00412487, 0x435a004d, 
    0x978320e5, 0x19352621, 0x201b0a18, 0x08d94c15, 0x07141522, 0x210cd34c, 0xf46e3504, 0x5e3f2416, 0x1883fe34, 0x3309d663, 0xfe4a5051, 0xfc0106ba, 
    0x4363196e, 0xfd185038, 0xd80123f8, 0x2320d94c, 0x09456a3a, 0x0bd76318, 0x444dca2c, 0xd06c6c4c, 0x262b3e38, 0xe6184cab, 0x00200c36, 0xd220f383, 
    0x4224f384, 0x5b004e00, 0xdd4cf39b, 0x18f4ca0a, 0xbd0921a3, 0x0da927f6, 0x0c89bf0b, 0xf8a65877, 0xebff0532, 0x8807f7ff, 0x3800e402, 0x52004400, 
    0x6d006000, 0x0c439318, 0x6607b457, 0xf29c0854, 0x22095d7d, 0x5d240714, 0x152308db, 0x5d333636, 0xa3180ddd, 0x88200d41, 0x1341a318, 0x23100541, 
    0xd2fa9d07, 0x2308fc41, 0x1f328d03, 0x3416ef18, 0x21111641, 0x0f42c4fe, 0x386f2207, 0x2bef1820, 0xff043020, 0x05f7ffeb, 0x00e402c7, 0x0034002a, 
    0x43550049, 0x814709a1, 0x120a5d07, 0x2007ec73, 0x22088501, 0x6f071415, 0x052e20d0, 0x2d7f70c7, 0x22140c56, 0x917d4d74, 0x094382fe, 0x0523080e, 
    0x1d7dfcdc, 0xc6fe4644, 0x291c0224, 0x5832201e, 0xfe2c5737, 0x4d4c5b94, 0x364c0144, 0x3d2d3235, 0x6f022f3b, 0x8d2307c7, 0x18703380, 0x3d0adc66, 
    0x52444dc4, 0x38bcfe6c, 0x4f525d43, 0x40cafe37, 0x3b31511c, 0xa13d345d, 0x06645c6e, 0x4f19404b, 0xe75d0b14, 0x82732005, 0x182820eb, 0x240c1957, 
    0x26222306, 0x20e59a27, 0x231b8207, 0x33353307, 0x2e06fc48, 0x73052135, 0x348f816f, 0x71654161, 0x8f80fe02, 0xf0882cc9, 0xb8232efd, 0x2a282d83, 
    0x830d012e, 0x7e0127b4, 0x37613f37, 0xb9435e71, 0x4c4c2a11, 0x30a24438, 0xa2313839, 0x219b8400, 0x9b82a704, 0x44183220, 0x6a180d49, 0x0e191ca5, 
    0x6a180854, 0x03210c90, 0x846a1826, 0x50512618, 0x04bafe4a, 0x746a18bc, 0xd15e1809, 0x6b6a180d, 0x055e440d, 0x3d30c823, 0x21a8825b, 0xa3860000, 
    0xa382de20, 0x4f7b2e20, 0x0f4d6c07, 0x25204541, 0x33333636, 0x436cde04, 0x1808200a, 0x850b0fe8, 0xf0f3289e, 0xfd23c3fd, 0x18436f26, 0x210dc55e, 
    0x41412325, 0x23232114, 0x00279a82, 0xffebff03, 0x828a06f7, 0x0035249b, 0x47500043, 0x82180c05, 0xa49a0feb, 0x08776618, 0x18330721, 0x210f7366, 
    0x66188a06, 0x74240f73, 0x7bfe0590, 0x2d0efe41, 0x43fd9f06, 0xfd32363f, 0x23ed233d, 0x6618446b, 0x7c23177b, 0x901e1d7a, 0x46ea2bcc, 0x363d460b, 
    0x29384c4c, 0x66187e29, 0x1b420c87, 0x82c22005, 0x182920db, 0x2007f946, 0x6d5d1935, 0x9a072008, 0x05b842cd, 0x2f058453, 0x7c6fc204, 0x7901a9d9, 
    0x352e4a15, 0x14fe0c4e, 0x0439b78e, 0xdcfdedd7, 0x691fc623, 0x1f5a3b45, 0x88fd7802, 0x0106d6d6, 0x35292155, 0x20a79031, 0x23a2826c, 0x232c342f, 
    0x20067341, 0x2497823f, 0x00460037, 0x0d674554, 0x0fee9e18, 0xa79a3720, 0x9b680520, 0x14152306, 0x5b453307, 0x3f062110, 0x20074e45, 0xd5001908, 
    0x11344208, 0x19540621, 0x2507d300, 0x26fd235e, 0x0019436f, 0x585d09cf, 0x193d2006, 0x420ac500, 0xf6241249, 0xa9272c34, 0x2323d882, 0x48c4fe23, 
    0x022c0bc4, 0xf7ffebff, 0xed022105, 0x4b003700, 0x440cd155, 0xcf831b31, 0x0ce48218, 0xda820520, 0x18322121, 0x2b0d3275, 0x826f2105, 0x75527317, 
    0x88fe0d94, 0x080e8d41, 0x1ee30227, 0x8a6d5924, 0x5604157d, 0x355c3754, 0x012081fd, 0x242bc10c, 0x75052d26, 0xe4020d03, 0xcc88fd6c, 0x6e7d4330, 
    0x0a064579, 0x4dca2108, 0x096c4c44, 0x7266596c, 0x5e304d3f, 0x6c510141, 0x7f344b4c, 0x282f3023, 0x15141412, 0x00002528, 0x2006af41, 0x24cb82f4, 
    0x00590044, 0x0c234364, 0x4105796e, 0xd2831aa3, 0x180a466f, 0x8509e382, 0xe67818da, 0x23172508, 0x37343526, 0x0ad84218, 0x6ef40622, 0x09ba9818, 
    0x0c9d8024, 0xec9087fe, 0x12e48218, 0x82bdfa21, 0xfa8118f2, 0xae032109, 0x0cb05f18, 0x3b393d26, 0x7f728040, 0xcf23fe8a, 0x6f48444c, 0x5b6e0869, 
    0x4b482207, 0x04831834, 0xb34d320b, 0x5f58490e, 0xff02004c, 0x04e5ffeb, 0x00e40280, 0x23811833, 0x49062010, 0x072021fc, 0x200d6c45, 0x0a5f6e19, 
    0x473a6221, 0x042c10e6, 0xa77d0195, 0x32517ddb, 0xd22331fe, 0x0fb44918, 0x5c430e20, 0x33ca2211, 0x066e453c, 0x2105af41, 0xa7824905, 0xaf5b2c20, 
    0x35262113, 0x14abed18, 0x43071346, 0x9d1808fc, 0x05210cc0, 0x06e76249, 0x3a623c23, 0x676e1801, 0x50512e0b, 0x05bafe4a, 0x58fdf05e, 0x5f1fde23, 
    0x162d7c3a, 0x123f5d23, 0x24b39108, 0x25384c4c, 0x0c327c26, 0x0421bb85, 0x091755b3, 0x47075150, 0x01271c69, 0x15233535, 0x50250714, 0xb3290867, 
    0x6735806f, 0xfe16684e, 0x0e34426a, 0xfdc80424, 0xed189b99, 0x02270709, 0xf188fd78, 0x90444d43, 0xc4fe2199, 0x0ae4ec18, 0xeb209384, 0x26249384, 
    0x36002d00, 0x0dc14918, 0x931afa42, 0xdc0b2195, 0x10bbed18, 0x4a505124, 0x9790bafe, 0xed18f620, 0xca241197, 0x6c4c444d, 0x9b849a8d, 0x0206f72a, 
    0x3e00e402, 0x4d004400, 0x181baf4b, 0x44079060, 0x15231b80, 0x18071405, 0x210b144b, 0x95504504, 0x644c2415, 0x415afe16, 0x06280e5a, 0x23affb17, 
    0x1302add0, 0x1cfd6318, 0x32126d41, 0x384c4c6c, 0x4a41d2d0, 0x00003647, 0xffebff04, 0x82cc04f7, 0x002724cf, 0x183c0033, 0x43080fcc, 0x744b225f, 
    0xc249180b, 0xcc042911, 0x58197d6e, 0x406f453a, 0x2e10bd42, 0x8efde104, 0x3949741d, 0xd0fd1d57, 0x185a0223, 0x2a0e9d4a, 0x88fd7802, 0x3d2b2597, 
    0x4205476f, 0x3c241227, 0x9e242a44, 0x9220bf82, 0x0c9d4a18, 0x0521c786, 0x26c7825a, 0x00320029, 0x51410036, 0x82430d65, 0x1405231d, 0x7c513307, 
    0x57052008, 0x052b0944, 0x95826f5a, 0x715d6269, 0x4186fe05, 0x052c0e7c, 0x2357fc6f, 0x4c5038fa, 0xb80255fe, 0x13646c18, 0x19576a23, 0x23bf9019, 
    0x24384cb8, 0x08054518, 0x034d0020, 0x82232005, 0x002f26b3, 0x003f0038, 0x2d5e184b, 0x0679510e, 0x7318bba0, 0xca8a18e4, 0x18230721, 0x220c1b45, 
    0x8e81fe07, 0x38072dd0, 0x01238efa, 0x4c483508, 0x260252fe, 0x180d9551, 0x211614a6, 0xe0931821, 0x9c511e20, 0x5119200c, 0x03260693, 0xf7ffebff, 
    0xeb820605, 0x41182520, 0x7b550947, 0x1b1f4305, 0x07140522, 0x12f24518, 0x186f0621, 0x3b128073, 0xfe4a5051, 0xfc1b05ba, 0x54c123ab, 0x02c2fe4c, 
    0x555ba664, 0x5f4e5059, 0x88fd7802, 0x10697318, 0x444dca25, 0x18b86c4c, 0x4b0c5873, 0x05210637, 0x20a382a6, 0x71591847, 0x1edf452b, 0x36041525, 
    0x49213537, 0x32250632, 0x04331716, 0x174a67d1, 0x3a724f23, 0x11694201, 0x37febb2b, 0x5ffd3441, 0x641dce23, 0x2d66183f, 0x45102023, 0xb42a12f9, 
    0x4c690b40, 0x3734384c, 0x5f483746, 0xb2042106, 0x4306f343, 0x8b410629, 0x1d4e5105, 0x670cf143, 0xb2200d4a, 0x2107fc49, 0x58428bfe, 0xc7042e0e, 
    0x691ba0fd, 0x1a563947, 0x0123ebfd, 0x0e9f52dc, 0x466c3d22, 0x2113e643, 0xe6494139, 0x49f62005, 0x43420be3, 0x824c2005, 0x003124b7, 0x4340003a, 
    0x104606e1, 0x06306209, 0x221b1052, 0x83353600, 0x2107361e, 0x14152325, 0x4c053307, 0x69fe816f, 0x2d262a2a, 0x66616d7c, 0x11ee4e70, 0xfd612008, 
    0x82fe4a99, 0x01080123, 0xcf23acc6, 0x88fd7802, 0x2e824d01, 0x0d293438, 0x796a5b13, 0x49777161, 0xfe2c0fd9, 0x3e454dc4, 0xd0384c4c, 0x0031484c, 
    0x02260082, 0x1cffebff, 0xb382cb02, 0x4200362e, 0x06120000, 0x17161415, 0x16323336, 0x2005de74, 0x20b38727, 0x24188306, 0x06151716, 0xfe9c1826, 
    0x16212212, 0x07d34e07, 0x23266408, 0x171a2afc, 0x8c983936, 0x3f2b205d, 0x303f3b3b, 0x35583423, 0x394e8854, 0x552d2837, 0xfffdf648, 0xfe71e002, 
    0x1a163cc4, 0x15191716, 0x1bc4011a, 0x081e151d, 0x7b85a10d, 0x185b477b, 0x48473aa0, 0x5816a239, 0x305d4043, 0x4a015702, 0x754c5988, 0x2a3d1224, 
    0x6c5a4039, 0x03bab46c, 0x21211abc, 0x8203bc1a, 0x820320b7, 0x059322b7, 0x22b78216, 0x6d40002f, 0x8364086d, 0x08244509, 0x0e333723, 0x81be1802, 
    0x3333280c, 0x21352135, 0x85152107, 0x20ec8222, 0x08451833, 0x1605210f, 0x2f06dc48, 0xe012734c, 0x353e3f37, 0x7c08382b, 0x41643c06, 0x0b715119, 
    0xf02b052e, 0x23b1b3fd, 0x1513162c, 0x7a0fde1d, 0x161fde18, 0x42454f36, 0x2b403635, 0x2f523520, 0x3c43663a, 0x3b131d5d, 0x57443c27, 0x1c27cd82, 
    0x081e1420, 0x48544d04, 0x04200def, 0x2c20d784, 0x2d26d782, 0x42003e00, 0x27464d00, 0x76ad180d, 0x36322107, 0x0021d796, 0x82cd8333, 0x18de87e2, 
    0x2b0e8e72, 0x826f2c05, 0x53626995, 0x36db0b6e, 0x412ad897, 0xe41debfb, 0x4c4a6c14, 0xdf84abfe, 0x46390321, 0x56211340, 0x25d99549, 0x3e3c6efe, 
    0xdd84b4ac, 0xac2a0123, 0x06c95769, 0xd7820220, 0x91032122, 0xeb73d784, 0x05974108, 0x0b08a418, 0x62421620, 0x36002414, 0x85231135, 0x059b42d0, 
    0x06147208, 0x33161607, 0x71709103, 0x5a406834, 0x3807022d, 0x522e3b36, 0x395d355e, 0x38518f5a, 0x552c2735, 0x4ffea849, 0xdcfea603, 0x20f29f3f, 
    0x332c2b2a, 0x35437462, 0x02313b07, 0x7ceffc78, 0x3759344f, 0x2321120b, 0x52662324, 0x02315b3e, 0x884b015a, 0x23734a58, 0x39283e13, 0xfd6c5a40, 
    0x01495b08, 0x1d1bb4e8, 0x4f0c1327, 0x0640394c, 0x00003127, 0x22bf8201, 0x82d5021b, 0x435c20bf, 0x17230b25, 0x19151616, 0x6f0aea69, 0x322311da, 
    0x82061537, 0x343528e6, 0x16323336, 0x75363317, 0x142006a4, 0x4b43be82, 0xfc360816, 0x34171a2a, 0x137e6638, 0x44492f26, 0x0a05080b, 0x181d231f, 
    0x1c471d1a, 0x221c1919, 0x0706091f, 0x4449430c, 0x0b312636, 0x11241002, 0x6b663e50, 0x583a613a, 0x5f43528f, 0xea230809, 0x01c5fe7c, 0x141d1bc4, 
    0x590d081f, 0x313f0a4a, 0x43014c3e, 0x1b202401, 0x0a212723, 0x2228200a, 0x8224211b, 0x3e4c3610, 0x1d26423d, 0x2f271129, 0x60405a70, 0x4a025333, 
    0x754b5989, 0x086d4325, 0x02000022, 0x1c22f382, 0xf3829902, 0x47003a22, 0x1720f585, 0x1623c683, 0x18231515, 0x8308beeb, 0x512620d6, 0x16220619, 
    0x1f441717, 0x12410815, 0x34353536, 0x06222726, 0x33161415, 0x292f2afc, 0x3b77572f, 0x23340f5d, 0x3d4e4a3e, 0x090f2f1f, 0x65593e50, 0x01345633, 
    0x3b4e8854, 0x552d2835, 0x31fec448, 0xfe6fae02, 0x2626bef4, 0x292b1f24, 0x33d08321, 0x430c1129, 0x6fdb4772, 0x3c4d1e1a, 0x1519473b, 0x576a3930, 
    0x8b082844, 0x36fe2bba, 0x1e011d2c, 0x2029012b, 0x7f642922, 0x82d62008, 0x002c22c7, 0x33f21838, 0x059c540e, 0x18232721, 0x180d6961, 0x26129e5f, 
    0x33161617, 0x18353632, 0x180b687b, 0x300b5588, 0x816fd605, 0x7544661f, 0x385f1c45, 0x04186946, 0x8e471917, 0x5d383d0e, 0xfc2e301c, 0xf0eb052c, 
    0x0501ada9, 0x604e4b57, 0x424280fc, 0x44433535, 0x43a10134, 0x31080882, 0x02344242, 0xb388fd78, 0x2e482e28, 0x3a3a4332, 0x44683943, 0x3f396a45, 
    0x313f3c3c, 0x3c460b2c, 0x4d6c6c36, 0x430c17ad, 0xc14c5f4f, 0x44363443, 0x55193744, 0x012a0c2c, 0x0000e1fd, 0x02044a01, 0x07821800, 0x11231522, 
    0x69190182, 0x3a080e47, 0x01151120, 0x6f816f4a, 0x95976a73, 0xc8b47c6b, 0xe4027e01, 0x0288fd6c, 0x4b096c78, 0x264a5f5e, 0xfe907c2f, 0x000012f4, 
    0x2aff0200, 0xc300d402, 0x12000504, 0x00001e00, 0x41363703, 0x142205f5, 0xe9412307, 0x36152105, 0x0809d342, 0x01d6152b, 0x3a607501, 0x63013058, 
    0x2d2a3101, 0x161d9135, 0x161e1e16, 0xd4021d16, 0x2b6f6260, 0x060b2e4b, 0x333b2f22, 0x1e1e5f5f, 0x31188315, 0xffff0000, 0x36033300, 0xd103cf00, 
    0x79000300, 0x71821d01, 0xff27b282, 0x00e402a6, 0x19f003ea, 0x37133f40, 0x4c52545a, 0x01720352, 0x201d1b1e, 0x5150e402, 0x2351606b, 0x4b2c2e27, 
    0x02203982, 0x01213783, 0x43ab8822, 0x16210568, 0x35ab9515, 0x36596d5a, 0x63012d53, 0x2d2a2f02, 0x0f178b36, 0x11161611, 0x5282170f, 0x4f36a98a, 
    0x1016164d, 0x10171611, 0xe5ff0200, 0xf802afff, 0x3d000904, 0x6b824900, 0xff881620, 0x23153322, 0x21058e44, 0x41183316, 0x272108d9, 0xd3d71815, 
    0x1826200c, 0x82099849, 0x33362393, 0x29883606, 0x90023532, 0x02680168, 0x322f2a32, 0x25b58b8e, 0x2c242b33, 0x17077319, 0x2e780138, 0x1e3c4861, 
    0x1d1d1616, 0x041e1616, 0x24576209, 0x4c373e31, 0x7219b76c, 0x4d3a197a, 0xb23c623a, 0x15161e1e, 0x00151e1e, 0x25ffffff, 0xab010000, 0x2200fa03, 
    0xc3821700, 0x79000728, 0xf6fff901, 0x17840100, 0x1782cc20, 0x00201f82, 0x3626d982, 0x06222326, 0xd9821515, 0x2f123a42, 0x36361732, 0x4f7d0133, 
    0x1e027405, 0x6f1e201e, 0x0a8d6b19, 0x0f33852d, 0xeb033140, 0x2825565e, 0x4251232c, 0x282b054f, 0x364b4b36, 0x84713e45, 0x8228235a, 0x84022073, 
    0x82e9206b, 0x0027226b, 0x410f8233, 0x6f9a0b9d, 0x5a450620, 0x35262205, 0x287b8234, 0x68015792, 0x27252a01, 0x267b8b2e, 0x4a123483, 0x421d0837, 
    0x032a0571, 0x0e4556f8, 0x362a2107, 0x858e4b2e, 0x2f275823, 0x050f4189, 0x821e1621, 0xffff2d7e, 0x0000e1fd, 0x0204ab01, 0x5b022200, 0x840b1341, 
    0x82cc2017, 0x37134117, 0x24065943, 0x430c56fe, 0x0e134139, 0x22086343, 0x82352b77, 0x84022073, 0x82e9206b, 0x4713416b, 0xfd247b86, 0x3f4e0e56, 
    0x88181341, 0x30762285, 0x0d13413c, 0x022bfe2b, 0x034100e0, 0x002200e1, 0x0513411e, 0xff8f0025, 0x840100f9, 0x82812017, 0x001c2617, 0x15161200, 
    0xd4431914, 0x143f0807, 0x022e2317, 0x33352323, 0x3617021e, 0x4e333336, 0x21026f01, 0x1624211e, 0x39382d7a, 0x412e3131, 0x032a4a50, 0xe1034747, 
    0x060d4355, 0x262b291f, 0x3e462924, 0x13016914, 0x523c3e3c, 0x84020000, 0x03a12657, 0x001b00ea, 0x21598327, 0x3c472307, 0x17142105, 0x6047588d, 
    0x35262e06, 0x48333634, 0x30580559, 0x17332a2b, 0x27648602, 0x28474f3f, 0x014a5307, 0x29070242, 0x264f5fea, 0x292d3535, 0x6b840329, 0x38371225, 
    0x4179503b, 0xff2907fa, 0x0221feff, 0x044600e1, 0x20e38224, 0x22e3861f, 0x82f6ff94, 0x201783e3, 0x20178275, 0x20898328, 0x20e28915, 0x238b8716, 
    0x17161632, 0x0983ee85, 0x33363626, 0x6301492c, 0x113aef84, 0x3f6e0301, 0x323a3436, 0x3736382f, 0x373e2629, 0x4432342e, 0x07344a4b, 0xfb824145, 
    0x83124421, 0x252025fa, 0x1e2b0601, 0x088f6b19, 0x5c511624, 0x7f824937, 0x8f840220, 0x7782a120, 0x33002722, 0x410d0341, 0x7890085d, 0x210b1543, 
    0x0f415849, 0x05132105, 0x43268290, 0x0932494a, 0x19414650, 0x4d612909, 0x2e363526, 0x09022324, 0x1524898a, 0x4a37584e, 0x82082041, 0x02003092, 
    0x000061ff, 0xe1037701, 0x1f001300, 0x82020000, 0x08a243f7, 0x20050041, 0x0a964304, 0x5b5d2134, 0x816f7142, 0x372c736f, 0x2e313138, 0x2d2dbb01, 
    0x03822121, 0x20e00324, 0x85437369, 0x3d442c05, 0x2d176913, 0x2d2d2021, 0x822d2120, 0x205f845a, 0x205f82b7, 0x440c8224, 0x14210574, 0x42628e17, 
    0x32200552, 0x07286882, 0x21024701, 0x1424211e, 0x5942658a, 0x4e442a06, 0x1f360301, 0x23262b29, 0x42698926, 0x5523055e, 0x82060d43, 0x26cb85cc, 
    0x00ea03d7, 0x822e0022, 0x4216200f, 0x70940963, 0x210ba245, 0x6b427e01, 0x42798a07, 0x4920066e, 0x20078f45, 0x066f4203, 0x8a292821, 0x37122581, 
    0x97503b38, 0x2c078045, 0x0053ff02, 0x04780100, 0x001e0024, 0x144f412a, 0x4109e141, 0x2b2a0b59, 0x76505c53, 0x796f816f, 0x5b42353c, 0xc601210d, 
    0x24066341, 0x81232404, 0x2077859c, 0x16721929, 0x415d2009, 0x0021096a, 0x207b8401, 0x207b82a7, 0x0a6b412f, 0x420f6c41, 0x322c1061, 0x01071516, 
    0x1e210243, 0x02112421, 0xdf428394, 0x493f2106, 0x22068141, 0x90042520, 0x51162688, 0x5549375c, 0x054f4844, 0x7f825320, 0x8782d320, 0x3a002e22, 
    0xa00d8741, 0x0c93418c, 0xef427b20, 0x94032007, 0x06f34296, 0x9e414b20, 0x07f44209, 0x9e900820, 0x584e1524, 0xa5414a37, 0xff002f08, 0x0384feff, 
    0x0447002e, 0x00020043, 0x0f82077a, 0x82baff21, 0x827d20b3, 0x0022220f, 0x24b38215, 0x017a0003, 0x2a07823d, 0xffebff01, 0x025b03f7, 0x823100e4, 
    0x0714211f, 0x2007d447, 0xb0a41827, 0x1a005608, 0x21154708, 0xa029c701, 0x56666d6a, 0x14172610, 0x29302d27, 0x28297dfe, 0x017c2b25, 0x6d665f6c, 
    0xfe495067, 0xfe7003a5, 0x5438026c, 0x5059603d, 0x0568055e, 0x29242327, 0x33372d76, 0x08071329, 0x60786f5f, 0x404849d8, 0x87886c6c, 0x87820f20, 
    0x87882920, 0x35231525, 0x9f232634, 0x6f4b277f, 0x3a3d7974, 0x788feafe, 0xb8fe2422, 0x71257883, 0x345b5d63, 0x2373973a, 0x5e0298fe, 0x3e207382, 
    0x190b2578, 0x21081957, 0xe2481614, 0x37262308, 0x0d820633, 0x5005cd59, 0x26081231, 0x2c050123, 0x1d151316, 0x7930664e, 0x3f343439, 0x71704553, 
    0x72456879, 0x02720242, 0x3d353d4a, 0x92843939, 0x19222e32, 0x3a11db60, 0x2d39603a, 0x3732403f, 0x54595d40, 0x465f2f60, 0x252b3937, 0x68772a27, 
    0x4f1b5b3a, 0x9c820859, 0xff010025, 0x84a4feeb, 0x8c4220ab, 0x08db45ab, 0x32171626, 0x23071516, 0x20092c6b, 0x06a84d33, 0xe1503720, 0x08af8813, 
    0x02316727, 0x353a0279, 0x37413f34, 0x69017c85, 0x3a2d4950, 0x1a1e2531, 0x39674f0c, 0x2d32302e, 0x4a572522, 0x028dfe64, 0x09967c73, 0x3a613c3e, 
    0x3240412f, 0xa7014036, 0x5a362f81, 0x24262b63, 0x58025c27, 0x1b315351, 0x5a3a3958, 0xb382b68a, 0x02f7ff2d, 0x00e4026e, 0x1200002a, 0x18161415, 
    0x230914e8, 0x33353632, 0x0fb8a818, 0x21353322, 0x0805676d, 0x2e37cf4c, 0x342a302b, 0x4a3f353c, 0x7588016c, 0x30448469, 0x4f63452f, 0x0279fe74, 
    0x01bc8083, 0x211f40cb, 0x2523235f, 0x6c3b4129, 0x364f5371, 0x09030841, 0x44473343, 0xad6c6c53, 0x1d000200, 0x5d03bafe, 0x2b00ed02, 0x00003700, 
    0x76830604, 0x2109b44e, 0x03783537, 0x15332514, 0x00231123, 0x330aca75, 0x3b309b02, 0x2d29262e, 0x437a5737, 0x9adbfe3e, 0x4542cb93, 0x0805c075, 
    0xce372f37, 0xfe276fee, 0x27115513, 0x292a312a, 0x25303633, 0x640c282c, 0x3e5d590f, 0x987f1259, 0x299d0f78, 0x57373f61, 0x35543032, 0x6c2e573a, 
    0xfd6cdb01, 0x2e140252, 0xc43d1909, 0xff012a0a, 0x0211ffeb, 0x00e402b6, 0x0c7b4f40, 0xc1512320, 0x89332005, 0x323322ae, 0x05a14c17, 0x08205f4f, 
    0x0681772b, 0x25255150, 0x1e29232e, 0x5d423324, 0x2c1d4e54, 0x65434910, 0x476f4069, 0x39589e67, 0x552d2837, 0x04fef148, 0xfe61cb02, 0x074c4fc9, 
    0x2261773a, 0x0b1d1e1c, 0x44430d4d, 0x2302483d, 0x43596e1f, 0x02573462, 0x4b5d8e4b, 0x820c374f, 0x000031af, 0xfa03fd02, 0x00001a00, 0x15161600, 
    0x34352315, 0x07209784, 0x38087746, 0x0233023e, 0x7e56990e, 0x5536603d, 0x6f70037a, 0x036f6f81, 0x03629657, 0x277719fa, 0x59532107, 0x2205b344, 
    0x42417d58, 0x002706cf, 0x03340300, 0x8a1800fb, 0x22232253, 0x2c528906, 0x02333636, 0x7e59a536, 0x82676887, 0x2d518404, 0x03a6c205, 0x598446fb, 
    0x5e5e0f12, 0x4f855a53, 0x00918622, 0x03259f84, 0x00fc036d, 0x204b8b17, 0x284a8d20, 0x7f5db25e, 0x01ff7c91, 0x2b4a8508, 0xfc03b8cb, 0x115b8447, 
    0xae5e620d, 0x88214985, 0x853d8290, 0x03a4224b, 0x184b85fd, 0x8d081449, 0xdaca264b, 0x8a8e9c7f, 0x25958693, 0xfd03cad3, 0x49828b9d, 0x5d526022, 
    0x8a214a85, 0x24e3898f, 0x00fe03dc, 0x410e8215, 0x21200536, 0x1229e18b, 0xe4f80221, 0x9cb8fe7f, 0x2b49859b, 0x03b2010b, 0x118e9dfe, 0x5e52c40e, 
    0x01214885, 0x2393871a, 0xff031304, 0x0327939b, 0xb17fed26, 0x85a4adb4, 0xe5052b49, 0x9dff03ee, 0x650e1091, 0x4a865361, 0x888e8d21, 0x4b042193, 
    0x18204b82, 0x27209385, 0x41053144, 0x21290c77, 0x7ff85303, 0x9f80c8ba, 0x05c9414e, 0x00ee062f, 0x9eff03ff, 0x0c011091, 0x4d246068, 0x219b8540, 
    0x9b888d8e, 0x00048224, 0x0d821800, 0x2f410420, 0x284f8e08, 0x7e010181, 0xa98ddac6, 0x2d9e8550, 0x1101f706, 0x949d0004, 0x61690c0f, 0x4f864e24, 
    0x4f898f20, 0x0104ba24, 0x4f851a00, 0x26239f83, 0x8a062223, 0x023e2d50, 0x01ae0333, 0xc35a7f0c, 0x53b499a0, 0x04305185, 0x04c5f06f, 0x0f959f01, 
    0x5a470b01, 0x414e242c, 0x6023a385, 0x4200407d, 0x0423051f, 0x9e0204f1, 0x01dc2953, 0xd05e7e15, 0x55c0a5ad, 0x72265386, 0x0204d1fb, 0x5382989e, 
    0x2d5a4823, 0x20538725, 0x2c538861, 0x03042905, 0x00001b00, 0x15160400, 0x2fa89215, 0x33243636, 0x14019d03, 0xdd617f78, 0x59cbb1b9, 0x752f5686, 
    0x04dd0701, 0x648a4a03, 0x490a010f, 0x87262d5c, 0x82622058, 0xff012858, 0x050000eb, 0x88040461, 0x076b4357, 0x820c5141, 0x01c42a57, 0x657f7c21, 
    0xd6bdc7e9, 0x2f57865c, 0xea120178, 0x8a4b0404, 0x490a0d66, 0x4f262e5d, 0x21060341, 0x03417e62, 0x98052307, 0x57a00504, 0x2d01ec2a, 0xf668807f, 
    0x5ee2c8d4, 0x7b2e5786, 0x04f61e01, 0x678b4b05, 0x5d4a0b0e, 0x5787272f, 0x57896320, 0x0604d022, 0x200c0741, 0x0db04124, 0x24363630, 0x01140421, 
    0x6c80823a, 0xd4e0fdfe, 0x588562ed, 0x017e0533, 0x04030128, 0x698c4c06, 0x4b09010c, 0x4f27305e, 0x05b64142, 0x5a836420, 0x2305b741, 0x07040806, 
    0x3d2b5ba0, 0x7f854601, 0xeef1fe70, 0x8664f8e2, 0x0180305b, 0x040f0135, 0x698d4c07, 0x4c09010d, 0x8728305f, 0x8a65205b, 0x0440225b, 0x0c0f4108, 
    0x0420b782, 0x080d6741, 0x64042126, 0x81895301, 0xfbe5fe73, 0x68fdfeec, 0x816f6f04, 0x84056f6f, 0x1b013f01, 0x8d4d0804, 0x4d090c6a, 0x5028315f, 
    0x6523b786, 0x4200417e, 0x0623066f, 0x8d090477, 0x2221215b, 0x8c2d5b90, 0x808c5f01, 0xfed8fe77, 0xf1fef8f8, 0x2f5c866a, 0x014a0187, 0x4d090428, 
    0x080b6c8e, 0x2932604e, 0x67205c87, 0x23086f41, 0x0a04ae06, 0x210d1341, 0x5b902021, 0x6b01b42e, 0xfe7b7f8f, 0xfeecfecb, 0x6ee7fefb, 0x89325c86, 
    0x34015601, 0x8e4e0a04, 0x08010c6d, 0x2933614e, 0x72414350, 0x84672005, 0x067341ba, 0x0b04e722, 0xdb2e5fa0, 0x80937901, 0xfebefe7f, 0xfef0fedf, 
    0x5f8671db, 0x61018d28, 0x0b044001, 0x5f83904e, 0x33624f23, 0x205f882a, 0x09f7457f, 0x041e0723, 0x305f9f0c, 0x84010305, 0xfe828097, 0xfed1feb1, 
    0x73cffee6, 0x05794105, 0x6c019031, 0x0c044c01, 0x0a6f904f, 0x64500501, 0x86512a34, 0x8b6820bf, 0x8a56205f, 0x3523245f, 0x41242634, 0x052f111f, 
    0x9a91012b, 0xa5fe8680, 0xd9fec4fe, 0x8676c4fe, 0x0193245f, 0x82590177, 0x6f91245f, 0x8a51060a, 0x7e69225e, 0x051b4141, 0x048d0723, 0x2ebba00d, 
    0x9d9d0153, 0x97fe8a7f, 0xccfeb8fe, 0x8679bafe, 0x0196315b, 0x04660182, 0x7092500d, 0x5106010a, 0x522a3565, 0x6a20bb86, 0x230a7b41, 0x0e04c607, 
    0x7a2e5fa0, 0x82a1ab01, 0xfe8cfe8d, 0xfec1feaa, 0x5f847daf, 0x98057034, 0x71018e01, 0x93500e04, 0x06010972, 0x2b356652, 0xdb414451, 0x416a2005, 
    0xfd220b1b, 0x5fa00f04, 0xb601a32e, 0xfe9181a4, 0xfe9efe7f, 0x80a3feb5, 0x9b315f86, 0x7e019a01, 0x94500f04, 0x05010973, 0x2b366753, 0x205f8652, 
    0x345f856b, 0xff5b0002, 0x020701f9, 0x000300c6, 0x1300000f, 0x12032303, 0x05c05426, 0x0614153b, 0x7610fa23, 0x31312911, 0x30302526, 0xfec60225, 
    0xfde3011d, 0x23232f33, 0x2903832f, 0x25000200, 0x47014a02, 0x3b821e03, 0x3b820720, 0x27230723, 0x2b038221, 0x0d5f0c9d, 0x5f0d2201, 0xd41e030d, 
    0x00200082, 0x1a262782, 0x47030000, 0xc382e402, 0x00001f2a, 0x15330701, 0x37230723, 0x35230384, 0x82233733, 0x07332303, 0x03823733, 0x21152708, 
    0x02330723, 0x9a7f21ac, 0xb6248524, 0x97248424, 0xb19621b2, 0xb6238423, 0x80238523, 0x21b6e0fe, 0x9ac101b6, 0x0082aa7d, 0x7d9a7d23, 0x210082a6, 
    0x5a829a7d, 0xff35003f, 0x033702a9, 0x00230014, 0x0031002a, 0x06062400, 0x35231507, 0x33272626, 0x2e351716, 0x27cf8202, 0x15333537, 0x23171616, 
    0x15241382, 0x0015021e, 0x76081782, 0x12150606, 0x26343536, 0x37021527, 0x40466735, 0x96027a64, 0x58484406, 0x40637d40, 0x97077360, 0x4b1d2303, 
    0x90fe4057, 0x2a242628, 0x272a2bb4, 0x053b5b95, 0x67095251, 0xbf0f4858, 0x45502412, 0x51086e57, 0x58640851, 0xbd092b1d, 0x454f2313, 0x0d291301, 
    0x252c05ad, 0x223074fe, 0xaf0d2821, 0x25000500, 0x1803f4ff, 0x0b00c802, 0x18000f00, 0x2c002400, 0x55120000, 0x25280a83, 0x04012301, 0x32331415, 
    0x23218682, 0x20188a00, 0x27148336, 0x25233435, 0x59464659, 0x022e0383, 0x8877fe82, 0x6efe8801, 0x391e1b37, 0x12821901, 0x57572108, 0x65584746, 
    0x02383839, 0x4c565672, 0x4d56564d, 0x0244fd96, 0x4f4e48bc, 0xfe4e2827, 0x4d555570, 0x4e251383, 0x4e4f4f4e, 0x22008200, 0x82230002, 0x020a298b, 
    0x002900c9, 0x21000031, 0x08424518, 0x83056a4c, 0x0880557b, 0x16146808, 0x36361717, 0x07333737, 0x24170706, 0x15062737, 0x02331614, 0x8c614c5e, 
    0x4e40754d, 0x32181b4c, 0x5a3f3e5d, 0x0188032c, 0x251c1d22, 0x02b0221e, 0x92390102, 0xa9171446, 0xac3f71fe, 0x4b384461, 0x40613557, 0x21226e45, 
    0x4d30233d, 0x3150302c, 0x1a212321, 0xae243119, 0x5f020402, 0xa723277b, 0x2baa3a68, 0x823d2d4f, 0x00012a97, 0x004a0225, 0x001e039d, 0x05414203, 
    0x420c9d21, 0x1b840538, 0xff6b3608, 0x03d3013b, 0x000f009c, 0x35021600, 0x33371234, 0x15020615, 0x15171214, 0x706bd623, 0x736e8d6b, 0x678d656d, 
    0xaba72401, 0x0d602d01, 0x9cdafe69, 0x68e5fe98, 0x203b840e, 0x203b8212, 0x353b857a, 0x12363517, 0x27023435, 0x12163335, 0x07021415, 0x736d6521, 
    0x40828d6e, 0xc5612008, 0x1b01680e, 0x26019c98, 0xfe600d69, 0xfea7abd3, 0x00005edc, 0x01440001, 0x02c10168, 0x821100e2, 0x1734080c, 0x27071707, 
    0x07372317, 0x37273727, 0x07332717, 0x82328f01, 0x176c3482, 0x376b1668, 0x6f338182, 0x02186917, 0x2f2f5aae, 0x8a8a595d, 0x2d2f605b, 0x8b8b585c, 
    0x52284382, 0x50026500, 0x0b006302, 0x232f4382, 0x23352315, 0x33353335, 0x50023315, 0x82bd84bd, 0x27012602, 0xc27ac2c2, 0x82aa82c2, 0x0f26082b, 
    0xde007aff, 0x03009300, 0x03370000, 0x75de1323, 0xfe93415a, 0x001901e7, 0x4700ffff, 0xef012a01, 0x0200a001, 0x2c82f803, 0x2c000128, 0xd800f9ff, 
    0x57839d00, 0xa9431620, 0x435d200a, 0x072006a5, 0x29089e43, 0x25000100, 0xbc014bff, 0x5783b303, 0x2301013b, 0xfebc0101, 0x0e0189f2, 0x98fbb303, 
    0x00006804, 0x00350002, 0x02510202, 0x204b82e7, 0x0d99421b, 0x26262424, 0x6f5f2223, 0x32332905, 0x35353636, 0x7d91917d, 0x22080383, 0x39139201, 
    0x13393838, 0x38383a12, 0x2302123a, 0xaeadc4c4, 0x4aaec6c6, 0x65404065, 0x3f674c4a, 0x824c673f, 0x00243a77, 0x02150100, 0x000500d9, 0x33351300, 
    0x24112311, 0x580290f1, 0x0227fd81, 0x27c38558, 0x1b020a00, 0x1900e902, 0x3e23ef82, 0x83343502, 0x2307226c, 0x06014336, 0x07063a08, 0x35211521, 
    0x4c726061, 0x36323230, 0x87048801, 0x547a7268, 0x2701576c, 0x509e12fe, 0x3338746b, 0x783a433a, 0x4e63797c, 0x744a698e, 0x00010068, 0x02fbff2d, 
    0x00ea021d, 0x24c5862a, 0x06141516, 0x8c411807, 0x27262108, 0x0a87df18, 0x32333522, 0x73086f87, 0x496b833c, 0x2d413568, 0x6b37413a, 0x048e714b, 
    0x373f0288, 0x504c3733, 0x338e1d1d, 0x04332f30, 0x6d7d0289, 0x3f375733, 0x12040f57, 0x5e3c485c, 0x316f7235, 0x3c2d393b, 0x2b5f7334, 0x00273330, 
    0x002f0002, 0x02710200, 0x000a00d0, 0x3700000d, 0x11330135, 0x15231533, 0x03133523, 0x47012f33, 0x8c5858a3, 0x8ecdcd09, 0xfed4016e, 0x8e8e7a38, 
    0xcefeac01, 0xaf82fe82, 0x37824f20, 0xdb024e29, 0x00001f00, 0x84152101, 0x21b283f7, 0xaa8b2223, 0x06223808, 0x21112307, 0xbcfe1f02, 0x502c4e15, 
    0x79832e66, 0x88098872, 0x3b313f09, 0x2a3b3d3c, 0x01860c38, 0xab6002c4, 0x6d46211a, 0x728c733e, 0x4a30285c, 0x2a413e3d, 0x83ac0123, 0x00022763, 
    0x02feff45, 0xdb560246, 0x26002206, 0x884e8223, 0x82062068, 0x063b4269, 0x06231722, 0x0afcb318, 0xa5013d08, 0x41452e31, 0x365c1801, 0x39386441, 
    0x77684c6e, 0x69887e2f, 0x9b820974, 0x363d4348, 0x023b3d3f, 0x7d6f2a4d, 0x6b382d28, 0x3e6f474b, 0xb779a55c, 0xb65572bb, 0x443b3b3e, 0x443a3842, 
    0x01217882, 0x63601900, 0x06310807, 0x01010000, 0x35210123, 0xfe050221, 0x0c018ef6, 0xe201aafe, 0x91fd6f02, 0x00785f02, 0x3a000300, 0x4902f0ff, 
    0x1a00e702, 0x32002600, 0x35120000, 0x219e8834, 0x5e181607, 0x15820858, 0x047d3720, 0x3fac8b0b, 0x506f374b, 0x36376f50, 0x453e372d, 0x774b4b78, 
    0x01373e45, 0x32333b00, 0x30303d3b, 0x4547a73e, 0x2e089582, 0xb6013946, 0x3559366d, 0x37365935, 0x5c181753, 0x3665443f, 0x3f446536, 0x36be175d, 
    0x362d3236, 0x3aca2d37, 0x403f3236, 0x003b3531, 0x19000200, 0x2907ff60, 0x0027001b, 0x33163600, 0x635e3632, 0x09674305, 0x22230627, 0x33272626, 
    0x05555236, 0x15064208, 0xdf331614, 0x383e3039, 0x40305317, 0x72843c67, 0x6d2d758e, 0x37684a5e, 0x3c9e8204, 0x3f36363f, 0x2fa13d3d, 0x24207a67, 
    0x6f4b6935, 0x82b7b683, 0x5d3956a6, 0x3640b438, 0x3743413b, 0xff004335, 0x05cf43ff, 0x003b0229, 0x00a10222, 0x83070000, 0x9e012105, 0x29281782, 
    0xf8007aff, 0x27003702, 0x25081182, 0x009a0119, 0x1a9f0202, 0x00010000, 0x0184004f, 0x004402d9, 0x25000005, 0x07333727, 0xda290117, 0xdadab0da, 
    0x0082e084, 0x6026c382, 0x8102af00, 0x93471902, 0x15012405, 0x82053521, 0x81022503, 0x2102dffd, 0x19250382, 0x7af07a7a, 0x2047837a, 0x20478259, 
    0x2d4785e4, 0x07173313, 0xb1593723, 0xdbb1dada, 0x46834402, 0x222a4782, 0xef01f9ff, 0x1700d202, 0x97822300, 0x14151627, 0x23072306, 0xc44a1827, 
    0x26232509, 0x02333636, 0x35091941, 0x7f700123, 0x7b04687e, 0x5e572d05, 0x332e2c33, 0x69360184, 0x95446747, 0xd2023206, 0x67626371, 0x3d2eaa4d, 
    0x2c32342c, 0xfd36603d, 0x09a74427, 0x4700022c, 0xd3032bff, 0x39009002, 0x6b834700, 0x0df94e18, 0x27051842, 0x03333717, 0x16141506, 0x7b418082, 
    0x210d8506, 0x4f181737, 0x0220091d, 0x84079641, 0x0270081a, 0x395baace, 0x40344a6c, 0x335c1d09, 0x6e3e564c, 0x09205645, 0x14032f75, 0x19312418, 
    0xba738794, 0x61879369, 0x745f144a, 0x895ca870, 0x3c4f97f3, 0x25292e23, 0x28281f38, 0x9c569002, 0x5a925266, 0x2d27282b, 0x824b4f5b, 0xfe343c4f, 
    0x181013f2, 0x33664418, 0xbf6f8579, 0x23867c75, 0x9c55285c, 0x8af09367, 0x462ad1fd, 0x2d342a28, 0x30292848, 0xeb48ba82, 0x023d0805, 0x00bb02b3, 
    0x000a0007, 0x07212500, 0x13331323, 0x03032723, 0xeafef101, 0xa3fb932e, 0x655494fb, 0x02858565, 0xf545fdbb, 0xdcfe2401, 0x00030000, 0x02000045, 
    0x00ba0258, 0x00190010, 0x066d4122, 0x2123062c, 0x16322111, 0x06141516, 0x76412507, 0x12232106, 0x3a08fb84, 0x02331523, 0x68374c0c, 0x01d3fe47, 
    0x35674720, 0x00ff3641, 0x36363280, 0x39c08032, 0x8d8a333c, 0x3e605b01, 0x02305538, 0x34522eba, 0x3411523d, 0x2e2a2a2d, 0x2c3029fe, 0x82bc332d, 
    0x0100305c, 0xfaff2300, 0xc302cd02, 0x00001d00, 0x18363612, 0x2409e767, 0x16141506, 0x206b8216, 0x05e85337, 0x35263108, 0x64a15d23, 0xa123b075, 
    0x3d395718, 0x5f35355f, 0x1857393d, 0x76af23a1, 0x015da164, 0x785ba3c5, 0x3932326a, 0x69454668, 0x6b323339, 0x67a25b77, 0xcb83ff82, 0xcb82a920, 
    0x13000a22, 0x2209cb41, 0x86331123, 0x112208ba, 0xa7a70133, 0x6ea75b5b, 0x7869f4f4, 0x63636e78, 0x9f56ba02, 0x569d6969, 0xbdfdba02, 0x7b6d6d78, 
    0xa38533fe, 0x25084782, 0xbb02da01, 0x00000b00, 0x15331513, 0x15211523, 0x15211121, 0x01ebebd1, 0x016bfe09, 0xaf490295, 0x0272b96f, 0xcf8272bb, 
    0xf4202b83, 0x09237382, 0x82010000, 0x05e15227, 0xfef4012d, 0x8cdfdfdd, 0xb371ba02, 0x82d9fe6f, 0x20f7851d, 0x20f782dd, 0x46278221, 0x37240ce1, 
    0x15213523, 0x0808a465, 0x32333633, 0x2b021716, 0x3e385418, 0x62373660, 0x10665041, 0x0e7a01f0, 0x655a915c, 0xa35d5da3, 0x21ae7664, 0x2e2ce801, 
    0x46446838, 0x4c553868, 0x7c497a6b, 0x24fc824b, 0x735ba367, 0x21bc8268, 0x8f820001, 0x82880221, 0x820b2071, 0x23112367, 0x03822111, 0x05823320, 
    0x8c880228, 0x8c8cd5fe, 0xeb822b01, 0x2901462a, 0xba02d7fe, 0x1f01e1fe, 0xc3853282, 0x82d10021, 0x82032033, 0x202f82ef, 0x21b882d1, 0x0f8246fd, 
    0x1b820020, 0xf9ff2424, 0x0b82dc01, 0x0c820f20, 0x20057d7f, 0x06d24635, 0xdc01112c, 0x7b646376, 0x2729018c, 0x4e822826, 0x7166162a, 0x322d6874, 
    0xea012a30, 0x02215385, 0x24378280, 0x2100000a, 0x32848403, 0x01013313, 0x8cfecf01, 0xfea9fe8c, 0x012801e0, 0x82c9fe37, 0x01c72635, 0xfea6fe39, 
    0x848882a0, 0xb70121bb, 0x052f3382, 0x33370000, 0x33112115, 0x8efee6d1, 0x846f6f8c, 0x2153858a, 0x0c823e03, 0x8b830c20, 0x03112323, 0x2b588423, 
    0x3e031313, 0xbc6abb8c, 0xdede9f8c, 0xc623dd84, 0x82013afe, 0x220b8203, 0x820702f9, 0x4500292a, 0x9a020000, 0x0900bb02, 0x23218b82, 0x088c8301, 
    0x33110127, 0xfe8c9a02, 0x018c8cc3, 0xdf018c3d, 0xbb0221fe, 0xe00120fe, 0x23000200, 0xee02f9ff, 0x0f00c402, 0x00001f00, 0xfd4d1804, 0x2306240c, 
    0x5435023e, 0xad4205c9, 0x01320805, 0x6060a427, 0xa36362a4, 0x62a45f5f, 0x3636603f, 0x613f3f60, 0x3f613636, 0x67a35c07, 0x5c5ca366, 0xa36766a3, 
    0x6a397d5c, 0x38694646, 0x46466938, 0xe782396a, 0x8f840220, 0xc7844220, 0x0f821420, 0x23060623, 0x08938223, 0x1632212d, 0x36061516, 0x23233435, 
    0x42023315, 0x75567135, 0x5101018c, 0x38c83972, 0x016f6f72, 0xfe3c62aa, 0x38ba02f4, 0x35653e62, 0x84cb6630, 0xff232447, 0x82fb0285, 0x001325ab, 
    0x05000023, 0x0cc28018, 0x14151627, 0x00170706, 0x07b44416, 0x25055349, 0x2c6a4d02, 0xb487622e, 0xa0444f24, 0xad82b8fd, 0x7b22b988, 0xb8880b7f, 
    0x30995d27, 0x6a9401b4, 0x43bc8839, 0x4f20065f, 0x0e26b782, 0x00001700, 0xb5880321, 0x13216a82, 0x07274401, 0x9aad0126, 0x06018c42, 0x503eb882, 
    0x82fea74f, 0x38383975, 0x10017539, 0xba02f0fe, 0x453c6139, 0xe5fe156f, 0x31377901, 0xc2823530, 0x00010027, 0x02f9ff33, 0x24c3822d, 0x1600002c, 
    0x0a834826, 0x66192620, 0x1425111f, 0x1e171616, 0x08d88202, 0xed23064a, 0x96014475, 0x31303703, 0x32392638, 0x3e3d5544, 0x876c4870, 0x39029a07, 
    0x2531292f, 0x56443237, 0x4d703a3e, 0x405e3207, 0x262f322b, 0x0e17281f, 0x424f2714, 0x69315c3e, 0x2a2f245e, 0x17251c28, 0x5028140f, 0x39603841, 
    0x01268482, 0x00002000, 0xd7822002, 0x3b640720, 0x20022c09, 0x02ba8cba, 0xb7fd71ba, 0x82714902, 0x43002116, 0x7720a782, 0x13262382, 0x11130000, 
    0xed831614, 0x11331124, 0x02460614, 0x11200805, 0x44434acf, 0x814d8d4a, 0x4a7f4e4f, 0x50feba02, 0x474b4b47, 0x51feb001, 0x3e3e7b59, 0xaf01597b, 
    0x0e206784, 0xb8206782, 0x9f484382, 0x13333006, 0xffb80213, 0x00ffaa00, 0x02bfc096, 0x8246fdba, 0x02d52203, 0x272a822b, 0x16000100, 0xea03ffff, 
    0x0c292b82, 0x03010000, 0x07030323, 0x822e8203, 0xea032d02, 0x8983a5c3, 0x7b96bca4, 0x7c869c8e, 0x462f3182, 0x0ffef101, 0xfdbb0201, 0xfd1e02e2, 
    0x821b02e5, 0x8226203b, 0x06034467, 0x27212408, 0x03132307, 0x33371733, 0xe7011303, 0xdc9e8997, 0x8897a1df, 0xebdfdb9e, 0x016001eb, 0xfeeaea5a, 
    0x82a5fea1, 0x0b002162, 0x70203382, 0x08206f82, 0x03230c82, 0x83352315, 0x7002276e, 0x9eed8cec, 0xd0829596, 0xf3f33928, 0xc1fec701, 0x1e823f01, 
    0x00320025, 0x440e0200, 0x373b05f3, 0x35211521, 0x21352101, 0x3a01d415, 0x380124fe, 0xdc01c8fe, 0x016c7676, 0x826c76d8, 0x000129c8, 0x013bff87, 
    0x009c0382, 0x30065b41, 0x11231533, 0x77778201, 0x729c03fb, 0x047485fc, 0x244f8361, 0x024bffad, 0x052b4c53, 0x3301052f, 0xfeca0101, 0x1e0188e3, 
    0xfb6804b5, 0x20438498, 0x2043826e, 0x24438569, 0x33352305, 0x22038211, 0x82fb6901, 0x74c52444, 0x82727b03, 0x00230822, 0x00210001, 0x028702a7, 
    0x000600bc, 0x13233700, 0x03231333, 0x86f08fb0, 0xa7a290f0, 0xebfd1502, 0x82006f01, 0xff6b2b23, 0xffb60253, 0x000300d8, 0xb6820500, 0xfdb60226, 
    0x858528b5, 0x0a263f85, 0xf0005102, 0x1b832c03, 0x27151329, 0x02e6f035, 0x846964b5, 0x00022c5b, 0x02f7ff21, 0x00330262, 0x46220012, 0x868408b5, 
    0x4c06fd41, 0x3c080fb2, 0x47734321, 0x8d1c5d3e, 0x3e5f1b8d, 0x01437346, 0x274428b4, 0x29294227, 0x44272643, 0x826b0128, 0x4f263246, 0x2751d6fd, 
    0x55834833, 0x26274931, 0x4b323249, 0x33492728, 0x00020000, 0x226b8245, 0x87e40285, 0x4733206b, 0x062a0586, 0x27262223, 0x33112315, 0x3c460411, 
    0x3536270c, 0x473d5fec, 0x70854373, 0x018c8c28, 0x27432925, 0x6a844326, 0x0229433c, 0x81463201, 0x48835555, 0x024f2731, 0x90f5fee4, 0x4a272649, 
    0x274a3232, 0x6b824a28, 0xd7840120, 0xd7823820, 0x8b471a20, 0x1415240e, 0x47323316, 0x29080888, 0x507c4621, 0x97178767, 0x3c2a390c, 0x553c4646, 
    0x8817971a, 0x467c5066, 0x47816b01, 0x29245d67, 0x574f5057, 0x476a5a4c, 0xbf835681, 0x88052b41, 0x823620bf, 0x821720c0, 0x063169b6, 0x41352621, 
    0x742b112b, 0x1d623647, 0x5e1a8e8e, 0x4174463e, 0x2f28122b, 0xfd070127, 0x3229521c, 0x410f2c41, 0x48200597, 0x1728bf82, 0x00001e00, 0x16210700, 
    0xd34bb68b, 0x273f0807, 0x22232626, 0x48020706, 0x056bfe04, 0x214e364a, 0x63881897, 0x46477f50, 0x7d4f527e, 0x4c019145, 0x08473437, 0x3c180301, 
    0x67504344, 0x56558247, 0x7d444682, 0x41362851, 0x0000383f, 0x82150001, 0x03432404, 0x8211000c, 0x11232107, 0x08065668, 0x1517362b, 0x15150626, 
    0x61430133, 0x743f3f8e, 0x61283375, 0x49feb701, 0x1c73b701, 0x76036066, 0x172f2401, 0x00020000, 0x02effe21, 0x229f8262, 0x822f001f, 0x1716229f, 
    0x07304435, 0x4b07154e, 0x362209e2, 0xd8411633, 0x5c013a0e, 0x3e8d1b5e, 0x9776587c, 0x490b8b0a, 0x1b4c3d34, 0x74463d5f, 0x47734343, 0x0b4e42b7, 
    0x31330239, 0xd2fd4f27, 0x6e47794d, 0x492d265f, 0x3427564a, 0x54558348, 0x42eb4682, 0x01220b58, 0x90824500, 0xe4025524, 0x89831400, 0x82151621, 
    0x263424c9, 0x83062223, 0x33260808, 0x33363615, 0x3762bc01, 0x3a39428c, 0x1b8c8c43, 0x3202375a, 0xfe4b6b37, 0x423201bb, 0xfe424747, 0xffe402ce, 
    0x38822924, 0x3620d382, 0xe2280682, 0x0b001003, 0x00000f00, 0x200baf53, 0x24528217, 0x25313167, 0x23038225, 0x6c028c45, 0x2407644b, 0x02d6fd42, 
    0x253b842a, 0xf8fee3ff, 0x3b84e100, 0x3b8d1720, 0x06141325, 0x45352323, 0x66210553, 0x05f35331, 0x555b4526, 0x1a20283e, 0xfd29498a, 0x77515c39, 
    0x86021c19, 0x050b4800, 0x82430221, 0x000a23cf, 0x19432100, 0x33373705, 0x8d011303, 0xba8c8cbc, 0xecf6f4b6, 0xfee402ec, 0xeafeeb5b, 0x7b83ecfe, 
    0xff830120, 0x82d10021, 0x09e3482f, 0x1cfde422, 0x00200f82, 0x03234b85, 0x4a3202d8, 0x1a4106ff, 0x0d23410b, 0x1716322d, 0x03333636, 0x428c7d5b, 
    0x41433939, 0x5535072d, 0x1c664133, 0x023c671b, 0xfe707d32, 0x413201bb, 0xfe414545, 0x280787ce, 0x23432a02, 0x30333728, 0x2167853a, 0x67825502, 
    0x92821320, 0x21138241, 0x53867adb, 0x34571c22, 0x80414d87, 0x452a2306, 0x35822924, 0x2200022f, 0x5c02f7ff, 0x0f003302, 0x00001c00, 0x139f4816, 
    0x676c2320, 0x80eb3b05, 0x50824b49, 0x4d4b8250, 0x43265183, 0x3c3c5328, 0x093c4f51, 0x55558247, 0x05854782, 0x4a257a31, 0x55554f35, 0x00554f4f, 
    0xfe450002, 0x448502f8, 0x774409e3, 0x2311240b, 0x44153311, 0x3d221877, 0x77441d5d, 0x33002110, 0x27057744, 0xa9fe2632, 0x91503203, 0x220c7744, 
    0x82210002, 0x0262226b, 0x104f4532, 0x4f451120, 0x45370817, 0x5b3b4776, 0x1c8d8d1c, 0x75463b5e, 0x2ab40144, 0x43252643, 0x25432a2a, 0x012a4326, 
    0x2d488169, 0xcefc4823, 0x30245401, 0x32538249, 0x4926264a, 0x264b3333, 0x41334a26, 0x01210573, 0x266b827b, 0x1200000c, 0x42153336, 0x210808f2, 
    0x253857ec, 0x8c8c4342, 0x93320002, 0xecfe4d3e, 0x00562a02, 0x00010000, 0x01f7ff27, 0x003302f3, 0x8f48002a, 0x138e480d, 0x021e1724, 0xb3821417, 
    0x6cd54408, 0x048d033f, 0x2d282937, 0x4f3e3c37, 0x43633539, 0x86067663, 0x26293103, 0x3c3b3829, 0x3501394e, 0x31094263, 0x2a203354, 0x1b1b1920, 
    0x42200f10, 0x2c4c2e38, 0x27215463, 0x1d1c191c, 0x43200f0f, 0x474c3037, 0x192006f7, 0x64248482, 0x1200b302, 0x83066748, 0x113521b2, 0x3806c153, 
    0x201be815, 0x42b15841, 0x017c8d42, 0x1cf4feb7, 0x01ac7619, 0x8989730b, 0x82ba8273, 0xff402bbb, 0x025002f9, 0x0014002a, 0x43180100, 0x11210999, 
    0x07af4833, 0x50022108, 0x33571b8d, 0x8c396441, 0x423a3942, 0xd6fd2a02, 0x37292446, 0x45014a6b, 0x4742cffe, 0x31014247, 0x0a244785, 0x4d020000, 
    0x06364782, 0x13250000, 0x03230333, 0x8c2c0133, 0xccaacd95, 0xa9018196, 0x1982d6fd, 0x07000126, 0x45030000, 0x9f480982, 0x32248207, 0x13331313, 
    0xa2450313, 0x98656597, 0x6a628ea3, 0x83626894, 0x83012e63, 0x2a027dfe, 0xa6015afe, 0xa5015bfe, 0x24a78200, 0x02000008, 0x223b8215, 0x4800000b, 
    0x77370c9f, 0xb5966572, 0x66719eb7, 0xacb8b696, 0x011601ac, 0xfeabab14, 0x83eafeec, 0xfe052433, 0x825702fa, 0x24778233, 0x13230101, 0x356a8203, 
    0xa9fe5702, 0x9dde7895, 0x2a02918f, 0x1401d0fc, 0x7dfe1c02, 0xff488301, 0xbc012105, 0x093b2b82, 0x33370000, 0x13352115, 0x15213523, 0x6afef7c5, 
    0x9201f1f2, 0x01717373, 0x83717346, 0xff6e3b53, 0x03ab0139, 0x0030009e, 0x36361300, 0x26273435, 0x33363435, 0x22231533, 0xda701415, 0x06c95305, 
    0x62060721, 0x2182078e, 0x29823720, 0x6e272632, 0x0a093130, 0x2a454d5d, 0x0801083e, 0x34353534, 0x34080682, 0x452a201e, 0x090a5d4d, 0xa2013031, 
    0x2a252c04, 0x4e2b5e4f, 0x1c3b7657, 0x245d0a54, 0x020a4635, 0x2236450b, 0x1b540c5d, 0x57771c1f, 0x4f5e2c4e, 0x042c2529, 0x34af8200, 0x0087ff54, 
    0x002803e1, 0x17000003, 0xe1331123, 0x03798d8d, 0x201782a1, 0x209f8251, 0x209f858e, 0x22818200, 0x45151617, 0xab820827, 0x36238a82, 0x84263537, 
    0x24928206, 0x33352323, 0x84218232, 0x151723ab, 0x9f865e01, 0x891e2021, 0x883e20a0, 0x3124089f, 0x4f29252c, 0x574e2c5e, 0x1b1f1c77, 0x225d0c54, 
    0x020b4536, 0x2435460a, 0x1c540a5d, 0x4e57763b, 0x2a4f5e2b, 0x6d209e82, 0x202c9f83, 0x3002df00, 0x19009d01, 0x36120000, 0x17206482, 0x470ba94f, 
    0x2408065f, 0x455c3123, 0x171c311e, 0x231a1221, 0x5d116804, 0x1d2f1e45, 0x1a121f19, 0x01660524, 0x12135c41, 0x20200e0e, 0x2c078461, 0x00001f21, 
    0xff5b0002, 0x0207016c, 0x06474639, 0x310a5469, 0x23133307, 0x253030d7, 0x26313126, 0x9710763e, 0x49463902, 0xfeea2207, 0x059f421d, 0xa9ff372e, 
    0x5b023402, 0x00001e00, 0x33373624, 0x59077259, 0x04450b6b, 0x012f0806, 0x820a396f, 0x40587507, 0x6f7a7a6f, 0x07755840, 0x3e591782, 0x6f3e4848, 
    0x644c2225, 0x0a555508, 0x8e6c6c8e, 0x0855550a, 0x4e474c64, 0x854e4545, 0xff27375f, 0x023c02fd, 0x002600dd, 0x21152500, 0x35363627, 0x35232734, 
    0x0e522633, 0x17162105, 0x25060770, 0x33171614, 0xba832315, 0x02074908, 0x161bfe3c, 0x6f022a2d, 0x6a3b1453, 0x03756f45, 0x33300181, 0x0b0b372f, 
    0x2102a3bc, 0x48706d22, 0x07445b2c, 0x37446010, 0x7b346344, 0x38373060, 0x23331a3a, 0x2b081060, 0x02002255, 0x9e003c00, 0x5702f501, 0x27001b00, 
    0x072a8082, 0x06270717, 0x07272223, 0x71823727, 0x3727372a, 0x32333617, 0x07173717, 0x20051e4e, 0x08da8726, 0x3821de28, 0x372e3f39, 0x3a3e2c38, 
    0x3a201f39, 0x392a403a, 0x39402a39, 0x31a32138, 0x30232330, 0x3e01232f, 0x3e3a382e, 0x1f821616, 0x3d3d2b23, 0x3121822d, 0x3a401515, 0x5f3f2c39, 
    0x322e2d32, 0x312e2e32, 0xf74b0100, 0x00182808, 0x15330100, 0x82150707, 0x063258d2, 0x27272e08, 0x33033335, 0x01331313, 0x23a572da, 0xc88cc8c8, 
    0x72a523c8, 0x94959e97, 0x6199019e, 0x61094302, 0x09618989, 0x01610144, 0x01bafe21, 0x82ba8246, 0xff6936cb, 0x03f50087, 0x00030028, 0x13000007, 
    0x13231133, 0x69331123, 0x2700838c, 0x71fe2803, 0x8f01eefd, 0x02302882, 0x26ff2400, 0xc2022202, 0x3d003100, 0x15240000, 0x2a05484d, 0x33163327, 
    0x34353632, 0x42272626, 0x724105d7, 0x17162711, 0x14151616, 0x28862607, 0x06222338, 0x35000215, 0x76614465, 0x48068c02, 0x411b2a26, 0x38595b3f, 
    0x1286503a, 0x25270222, 0x72251386, 0x31313cf9, 0x3403833b, 0x4e305123, 0x4e515f2e, 0x21161f21, 0x57241921, 0x17503440, 0x21138536, 0x14882826, 
    0x74326926, 0x27273535, 0xaf840382, 0x6c020a29, 0xf1024801, 0x48000b00, 0x32200ebb, 0x280a8754, 0x1c262630, 0x1c27271c, 0x2107869d, 0x0f856c02, 
    0x0f861c20, 0x82261c21, 0x00032e4b, 0x02f8ff2a, 0x00c402e7, 0x001f000f, 0x5611823b, 0x36230c73, 0x53020e33, 0x3625060b, 0x26263435, 0x200e8823, 
    0x05a67337, 0x2105225d, 0x1a823317, 0x9fef0127, 0x669f5959, 0x27058367, 0x48865a67, 0x595a8648, 0x21080582, 0x64405a85, 0x3f643939, 0x7b11704d, 
    0x2e22290b, 0x202e3535, 0x117b092d, 0xc4024e6f, 0x6868a35b, 0x05855ba3, 0x4b332c08, 0x8b5c5d8b, 0x5c8b4d4d, 0x4f4b8b5d, 0x44446738, 0x46553868, 
    0x40431e1c, 0x1c1e4240, 0x00005348, 0x011c0002, 0x02aa015c, 0x531100c6, 0x172008b1, 0x200bfa4c, 0x0a874116, 0x2d1c2908, 0x29522e4c, 0x3d126c6c, 
    0x2d4e2f29, 0x2525356f, 0x25253434, 0x52470235, 0xfe2e342d, 0x1b172da1, 0x2e35532e, 0x2d2d3434, 0x5b830382, 0x78002d33, 0xd601d901, 0x0b000500, 
    0x27370000, 0x17073337, 0x2d058433, 0x85585885, 0x594b5c5c, 0x5c5c8459, 0x0086af78, 0x00820020, 0x29000128, 0x7702c300, 0x3382b601, 0x15010031, 
    0x35213523, 0xfe8c7702, 0xf3b6013e, 0x5a006c87, 0x02210cb3, 0x2c2f82a0, 0x012d0004, 0x02d6011c, 0x000f00c5, 0x203b821b, 0x116d4131, 0x2c051c54, 
    0x14150622, 0x06363316, 0x27231707, 0x08578223, 0x16323356, 0x32330715, 0x23343536, 0x613f0123, 0x3d613636, 0x3737613d, 0x57483d61, 0x56484857, 
    0x155e4856, 0x2b4e3413, 0x23694306, 0x0720742a, 0x0220110a, 0x3e6136c5, 0x3737603d, 0x613e3d60, 0x598afe36, 0x59594948, 0xb3584949, 0x4b520820, 
    0x1f27d64b, 0x0f080813, 0x0a29c385, 0x88017802, 0x0300dc02, 0x29c38200, 0x88013521, 0xdc0282fe, 0x1c826464, 0x1b000228, 0xa1015b01, 0x6742c102, 
    0x6a362006, 0x35210852, 0x07f84324, 0x1b249482, 0x6c56576d, 0x24080383, 0x24321801, 0x24313223, 0x61023323, 0x52516160, 0x30526262, 0x30313535, 
    0x00303434, 0x00530001, 0x02510277, 0x82fb826f, 0x15332467, 0x5c333521, 0x1534070a, 0xfebc9501, 0xbdbdbd02, 0x6d01bc85, 0x7c7a7a7c, 0x7a88887a, 
    0x012d7f82, 0x60011e00, 0xc8024301, 0x00001800, 0x24328313, 0x35363637, 0x5b7a8234, 0x2b080623, 0x06141516, 0xfeac9507, 0x1f1f72e1, 0x051f1014, 
    0x4550036c, 0x3021402c, 0x55b50139, 0x29154d50, 0x25161216, 0x33204034, 0x2137241d, 0x11204f84, 0x4820cf82, 0x26214f82, 0x053b4600, 0x5a091e5b, 
    0x33200572, 0x5f82ce82, 0x1c5b2320, 0x073b0807, 0x48511823, 0x1e22533f, 0x43562520, 0x6c03514a, 0x18132706, 0x1f23161a, 0x2513162f, 0x8a026606, 
    0x1e2d3c3e, 0x09030727, 0x382c1e2a, 0x1526363e, 0x39151212, 0x21131126, 0x4f000100, 0x072a0bc3, 0xe6f03735, 0x69ba02e6, 0x87847764, 0xf8fe4b24, 
    0x1b495b02, 0x1127220d, 0x0a1b4923, 0x1a8d5b3e, 0x1f2c3a59, 0x39438b8b, 0x2a024339, 0x2c55d6fd, 0xecfe1330, 0xcffe3203, 0x41464641, 0x2c071b49, 
    0x02000020, 0x00ba024f, 0x2100000f, 0x82408223, 0x22330803, 0x36343526, 0x02213336, 0x7841774f, 0x33777612, 0x4201506a, 0xb2fd4e02, 0x5b771601, 
    0x00395f3a, 0x00ffff00, 0x00f40033, 0x009801df, 0x00a10207, 0x84fb0007, 0xfe0a2493, 0x821d01f8, 0x0012230d, 0xdb471600, 0x23263d0b, 0x15333523, 
    0x384d4bd2, 0x1918778e, 0x583e1819, 0x3635382b, 0x120e523a, 0x327e0d12, 0x00293a82, 0x01140001, 0x02b80060, 0x09e75cc0, 0x6ba41429, 0xfe526e02, 
    0x820e01a0, 0x00022620, 0x015b011c, 0x06f742a6, 0x5a120021, 0xae5208df, 0x0b4b4205, 0x331c3308, 0x5a393959, 0x395a3332, 0x01325939, 0x2425331c, 
    0x24243131, 0x52460234, 0x36522d2d, 0x2e2e5235, 0x342e3552, 0x332d2f34, 0x02002d33, 0x78003200, 0xb343de01, 0x27132607, 0x23071733, 0x28058425, 
    0x59845b8d, 0x2b018459, 0x2006845c, 0x09b44327, 0x25000426, 0xb7020000, 0x0925ab84, 0x17001400, 0x06995d00, 0x23012524, 0x9f5e1301, 0x33373a05, 
    0x07273315, 0x6ba42533, 0x81fef201, 0xec800186, 0x95be6c2a, 0x59922a95, 0x2dd48659, 0x0245fd4d, 0x4186fdbb, 0xe0e63a41, 0xe2829293, 0x00030027, 
    0x02ffff25, 0x205786c1, 0x25558222, 0x11333523, 0x55830123, 0x2117b942, 0x6182395e, 0x86feed26, 0x4f790186, 0x8512c442, 0xfd5c266b, 0xfdbc0244, 
    0x13cf4298, 0x29000430, 0x14030000, 0x2600c802, 0x35002a00, 0xd5423800, 0x20ec9128, 0x1ce74230, 0x76fe8b2f, 0xe18a0186, 0x8fbe6b2b, 0x5a922b9a, 
    0x19f8425a, 0xae846320, 0x41418534, 0x98e0e63a, 0x02000098, 0x5dff2b00, 0x3602f801, 0x3f5b0b00, 0x26222309, 0x335b3435, 0x33372607, 0x06222317, 
    0x05c45417, 0x06163326, 0x79012306, 0x2006744f, 0x06475ba9, 0x015e5822, 0x2308485b, 0x232f3602, 0x21057663, 0x4a5b27fd, 0x2c3f2b06, 0x3d2c3232, 
    0xffff3660, 0x70821a00, 0xbd03b330, 0xb4022200, 0x07000000, 0xe300d302, 0x17919100, 0x8c060321, 0x87992017, 0xc703232f, 0x2f8ac800, 0x17887320, 
    0xaa00ce22, 0x8220178a, 0xfa225f88, 0x178abd00, 0x2f88d120, 0xea00cc24, 0xfb829100, 0x0000092e, 0xbb026f03, 0x12000f00, 0x15010000, 0x0806bd59, 
    0x0723352c, 0x15210123, 0x02031101, 0x01e8e869, 0xf56dfe06, 0x74019945, 0x6dfef201, 0xb44d02bc, 0x836fbe6c, 0x6ebb0283, 0x6601a2fe, 0xc7829afe, 
    0x2300012b, 0xcd02f6fe, 0x2f00c302, 0x08634a00, 0xa3433220, 0x022e210f, 0x2e0d114a, 0x16141506, 0xbd013316, 0x1fa11857, 0x43376697, 0x592209bf, 
    0xcd5a508d, 0x3377260f, 0x0b756032, 0x08d74329, 0x5f0a7525, 0x5a675f9a, 0x86820bd7, 0x00ffff23, 0x22c58245, 0x82bd03da, 0x82b820e7, 0x02072410, 
    0x848800d3, 0x21178eff, 0x178c0603, 0x2f879920, 0x00c70323, 0x202f8a6c, 0x22478882, 0x846200fa, 0x82122017, 0x84f82055, 0x86bc205f, 0x9308205f, 
    0x845f8217, 0xf7ff2117, 0x20218f82, 0x845f8303, 0xc703232f, 0x2f83edff, 0x82ecff21, 0x032a2117, 0x17845f83, 0xfffa0233, 0x009100e2, 0x00070002, 
    0x02b20200, 0x000e00ba, 0x097b471b, 0x23112324, 0x975b3335, 0x33153708, 0x33152315, 0x5ba7b001, 0xf56ea75b, 0x68f54646, 0x636d7878, 0x9f5ba7a7, 
    0x1f012d08, 0xfd21017a, 0x6e6e7cb8, 0xad7aac7b, 0x23081741, 0x73039a02, 0xc120cf82, 0x07241082, 0xb400ce03, 0x2324b784, 0xee02f9ff, 0xc220cf84, 
    0x0121cf85, 0x21179306, 0x178c0603, 0x2f84cf83, 0x00c70323, 0x832f8aea, 0x2217855f, 0x8acd00ce, 0x84e78317, 0xfa022317, 0xe782e000, 0x6200012e, 
    0x3c027b00, 0x0b005102, 0x27250000, 0x3105b063, 0x17071737, 0x9192e001, 0x5b8d915b, 0x8d5c8d8d, 0x0b827b92, 0x0b839220, 0x938d5b27, 0x00030000, 
    0x2cab8218, 0x00c402f9, 0x00220019, 0x0100002b, 0x087d5e16, 0x65230721, 0x1725091c, 0x17003337, 0x05c05901, 0x01272438, 0x36323316, 0x96023536, 
    0xa45f2e2a, 0x2d6f3c62, 0x2a646138, 0x0a82602f, 0x2e6e4008, 0xbafd6137, 0x35300125, 0x36613f4a, 0xfe25ab01, 0x3f4937d0, 0x4f023660, 0x67477a2f, 
    0x21245ca3, 0x7b306e3e, 0x5ca36646, 0xfe3c2123, 0x4d013b51, 0x46693827, 0xb3fe3952, 0x466a3927, 0x58ffff00, 0x032505e3, 0x022200bd, 0x053b41c8, 
    0x84d90021, 0x824320f3, 0x897720a7, 0x06032117, 0x9920178c, 0x03232f87, 0x8abe00c7, 0x8882202f, 0x41fa2047, 0x0b24069b, 0x70020000, 0xcc204784, 
    0x47825f83, 0x9100bb23, 0x070f5b00, 0x0e00bb24, 0x0f5b1700, 0x23152506, 0x33153311, 0x2007115b, 0x0a125b26, 0x768b2908, 0xc9397251, 0x6f393939, 
    0x6026016f, 0xbb028a3c, 0x3d603888, 0x31313869, 0x0000d238, 0xff340001, 0x03a402f6, 0x00350003, 0x240af546, 0x15060607, 0x05394c14, 0x76480620, 
    0x06b64a05, 0x4806664c, 0x6a0806e3, 0x23111506, 0x773c3411, 0x396e4a55, 0x1315272c, 0x444c3b27, 0x755f6071, 0x2c03870a, 0x25252326, 0x23495432, 
    0x391b1d21, 0x8c393e31, 0x39656502, 0x312f5131, 0x17132440, 0x151a110b, 0x4d3d4f1b, 0x2659625e, 0x1c1c1c2b, 0x3e1d1123, 0x2034212f, 0x2417261d, 
    0xfd3a3d29, 0x002502e9, 0x00ffff00, 0x02f7ff21, 0x002c0362, 0x82d40222, 0x020323e7, 0xb28200d3, 0x03211791, 0x20178c06, 0x232f8708, 0xb600c703, 
    0x02214789, 0x221788e2, 0x8a9900ce, 0x88f12017, 0x00fa225f, 0x211789ac, 0x2f884003, 0xd800cc22, 0x8f837f83, 0x02150429, 0x00290033, 0x57400030, 
    0x36290841, 0x06063337, 0x27262223, 0x08b45715, 0x36363428, 0x35173233, 0x47481533, 0x06f34f06, 0x4c360621, 0xae6505a1, 0x042e0807, 0x55fe0515, 
    0x30345308, 0x17970d3e, 0x653d5a7e, 0x601f801d, 0x4374463b, 0x74497643, 0x5e247e43, 0x41734a3d, 0x3c500191, 0xfc0a5137, 0xc6562844, 0x0c012b08, 
    0x24443f1e, 0x3267501f, 0xe8575229, 0x81553505, 0x4e4e5746, 0x7d452a2d, 0x4439214f, 0x27d13a43, 0x49333349, 0x82062959, 0x000126a9, 0x02f6fe21, 
    0x23bb8238, 0x2400002c, 0x45050250, 0x152a209e, 0x01331614, 0x15971a87, 0x9b455571, 0x6744220a, 0x0de05839, 0x514c6f25, 0x45270a66, 0x73250898, 
    0x4d794b0a, 0x09ea5856, 0x2606af41, 0x002e0348, 0x43d80222, 0xb2220627, 0x17910200, 0x00060322, 0x0a20178b, 0x03232f87, 0x899600c7, 0xf302212f, 
    0xfa224788, 0x17848c00, 0x55821820, 0x2c03fe26, 0x7b032200, 0x02230982, 0x820ed302, 0x8e5f8206, 0x06032117, 0xff271785, 0x010000fd, 0x87080326, 
    0xc703222f, 0x212f84f3, 0x1782f2ff, 0xf1023022, 0xfa214788, 0x2d1782e8, 0x21000200, 0x5d02f8ff, 0x1d00e502, 0x10822c00, 0x310bf064, 0x17323336, 
    0x35072726, 0x33272637, 0x15371716, 0xe2410207, 0x3346080c, 0x4b411c02, 0x81505382, 0x4c7c494b, 0x29183e4d, 0x2f184774, 0x70170d86, 0x28427c43, 
    0x26254228, 0x3b512740, 0x5cab4402, 0x474a9368, 0x81555582, 0x34372d46, 0x1a174024, 0x23170b27, 0xdffd1540, 0x36364b25, 0x0582254b, 0x82565021, 
    0x059358cf, 0xff82e220, 0x8782e120, 0xce030330, 0x00009f00, 0x2200ffff, 0x5c02f7ff, 0x17823303, 0x5f41e220, 0x00c22206, 0x22179107, 0x8b000603, 
    0x870f2017, 0xc703232f, 0x2f89a600, 0x88e90221, 0x00ce2217, 0x20178a89, 0x345f88f8, 0x009c00fa, 0x00030007, 0x02370049, 0x00940247, 0x000f000b, 
    0x4f79821b, 0x17230ad9, 0x58352115, 0x01210bed, 0x06314925, 0x02fefc23, 0x210a86dc, 0x2849f001, 0x7a4e2407, 0x8795fe7a, 0x8248820c, 0x8215205b, 
    0x026528d3, 0x00170033, 0x4528001f, 0x27200aeb, 0x210aea45, 0x1f823717, 0x23263728, 0x24150622, 0xe8450727, 0x17300806, 0x834d2320, 0x26496051, 
    0x22204d55, 0x6350824b, 0xfe552749, 0x25d01249, 0x01513c30, 0x22cf121c, 0x2843262e, 0x6225d501, 0x47825539, 0x26542a33, 0x343b0884, 0x27b8fe2b, 
    0x4f551be3, 0x19e32731, 0x00354a25, 0x00ffff00, 0x02f9ff40, 0x822c0350, 0x44e820f7, 0xc820067f, 0x03221793, 0x178b0006, 0x2f870820, 0x44c70321, 
    0x4784064f, 0x88f10221, 0x00fa2247, 0x244784a2, 0x02fafe05, 0x205f8457, 0x825f83ec, 0x82ac2047, 0x075b5807, 0x2014d35c, 0x13d35c11, 0x3c5bed2a, 
    0x44447647, 0x5a3c4776, 0x25065b58, 0x2a432626, 0x0582432a, 0x02292008, 0x81483200, 0x48835353, 0x9bfe2f36, 0xf0feec03, 0x26254a8b, 0x4a33334a, 
    0x334b2626, 0x8400ffff, 0x849b8483, 0xfa022383, 0x9b848600, 0x2005a74a, 0x082f4a6d, 0x9d000124, 0xb3439100, 0x02622206, 0x081b45dc, 0x8c000122, 
    0x96202f8a, 0xca202f88, 0x4506774a, 0x052005c3, 0xca212f88, 0x2de38500, 0x022aff1a, 0x00bb02be, 0x001b0018, 0x46180400, 0x372708f6, 0x23072127, 
    0x46133313, 0x332c0581, 0x9902020b, 0x3b2f2a25, 0x2b241f51, 0x08069365, 0x1b223027, 0x65ad171b, 0x540f8265, 0x1f38380f, 0x857b1a37, 0x45fdbb02, 
    0x121f1018, 0x77011613, 0xdcfe2401, 0x00020000, 0x265f8221, 0x0033026d, 0x8c340024, 0x0635215f, 0x26098466, 0x35171632, 0x86231133, 0x4326206b, 
    0x162a0cba, 0x27460233, 0x513b2e2b, 0x955e2924, 0x05325e05, 0x2f018d27, 0x171b1c22, 0x0a8d45bd, 0x37278883, 0x1b392138, 0x5c332743, 0x322b054a, 
    0xd6fd4f26, 0x121f1118, 0x45f41612, 0xff2d0c88, 0xff2300ff, 0x03cd02fa, 0x022200c4, 0x05d347b6, 0x00010123, 0x06574198, 0x2c033822, 0xd6201782, 
    0x03261782, 0xa9000603, 0x2f880000, 0x2f888920, 0x3801cb22, 0x02212f89, 0x222f88f1, 0x8adf00cb, 0x88a0202f, 0x00c8222f, 0x212f89e6, 0x2f880803, 
    0x8d00c822, 0x45262f84, 0xa9020000, 0x17829903, 0x8f84b720, 0xc500c834, 0x03009100, 0xf7ff2100, 0xe4021c03, 0x1e001200, 0x1b482e00, 0x0c995e07, 
    0x1415002c, 0x32352306, 0x35233535, 0x8c5d0033, 0x4321220e, 0x0ba55e74, 0x3ffb0228, 0x7439323f, 0xc246cafe, 0x06d85f08, 0x2a0bac5e, 0x42309101, 
    0x133c3947, 0x4664fe6d, 0x272507b9, 0xff003349, 0x08134bff, 0x22030222, 0xc75ea382, 0x829e2005, 0x001a229b, 0x05655e2a, 0x590fd441, 0x002006fe, 
    0x210fd141, 0x365f3c9e, 0x259e8506, 0x3c8e4c4c, 0xca41cbfe, 0x4e02230a, 0x5047b2fd, 0x82542a05, 0x71272f46, 0xfd4c4c4a, 0x0cc141da, 0x23073341, 
    0x6d03da01, 0x2208334c, 0x43420001, 0x4822081b, 0x9f46de02, 0x03062406, 0x8a026c01, 0x8896202f, 0x4cca202f, 0x2126064b, 0x4802f7ff, 0xe7460703, 
    0x00ca2408, 0x4c02008b, 0x7b4c08c3, 0xcb032108, 0x8406274a, 0x09ff462f, 0xe82e1782, 0x01000200, 0x2aff4500, 0xbb02e601, 0xe9421c00, 0x2337230a, 
    0x5f672111, 0x42058205, 0x013506e1, 0x2e2b27bf, 0xf539513b, 0xf7fe9501, 0x0901ebeb, 0x1b1c222f, 0x05bf4217, 0x022d3a28, 0x6faf72bb, 0xb74272b9, 
    0x00002f05, 0x21000200, 0x480237ff, 0x27003302, 0x2f602e00, 0x8607200c, 0x08497b4f, 0x21097c4b, 0x3f601516, 0x5c132311, 0x68831745, 0x7d842020, 
    0x705d2922, 0x32124a60, 0x0c125c3f, 0x12121f11, 0x0f540f16, 0x26333837, 0x606c9416, 0x13410a58, 0x09a74d08, 0xa74dc820, 0xff212506, 0x034802f7, 
    0x20092b48, 0x062b48c8, 0xfaff232a, 0x9603dd02, 0xba022200, 0x0323bb83, 0x41d600ca, 0xfe2505a3, 0x036202ef, 0x20178205, 0x201782da, 0x49178203, 
    0x2f8505f3, 0x2f888220, 0x3301cb22, 0x02212f89, 0x222f88f1, 0x820801cb, 0x00022537, 0x02dffe23, 0x20059f68, 0x22a1682d, 0x680b2b43, 0xfe261dad, 
    0x323e40fd, 0xb4687439, 0xaffd2c18, 0x3948422e, 0x006d123e, 0x84210003, 0x004b26cb, 0x002b000b, 0x2b95823b, 0x33363435, 0x15152215, 0x16231533, 
    0x212f3d61, 0x76833f10, 0x43613c20, 0x328f2125, 0x3d238382, 0x61226e12, 0xff2d224b, 0x00d7ffff, 0x03440100, 0x02220073, 0x26a582bc, 0xffce0307, 
    0x829100cf, 0x82de2017, 0x024b2217, 0x088749e2, 0x82d6ce21, 0x2017821e, 0x211783cd, 0x2f886d03, 0xc3ff0122, 0xd3202f84, 0x51221782, 0x2f88dc02, 
    0x85c90121, 0x82ec202f, 0x032b2217, 0x222f8896, 0x84e2ffca, 0x82f2202f, 0x03312217, 0x212f8805, 0x2f82e8ca, 0xff01002e, 0x002bfff8, 0x00ba02dd, 
    0x16000015, 0x20097946, 0x090a4611, 0x27b62108, 0x513b2e2b, 0x028c2924, 0x1b1c222d, 0x540f8117, 0x2138370f, 0xab021b39, 0x111746fd, 0x1612121f, 
    0x02204882, 0xdb614784, 0x00212105, 0x220cdb61, 0x43331602, 0x3621081b, 0x61588737, 0x282207ed, 0x0a43171b, 0x61608605, 0xfd2109fb, 0x05ff4229, 
    0x1b226a83, 0x6a83d6fd, 0xfb420020, 0xd1002105, 0x29092b50, 0x3f00cb03, 0x01009100, 0x85824b00, 0x2a02d730, 0x00000300, 0x11231113, 0x2a028cd7, 
    0x0f82d6fd, 0x02000028, 0xdffe4500, 0xe3828002, 0x82000a21, 0x232121ab, 0x2108526a, 0xb6451613, 0x80022209, 0x065e6ab1, 0x40113025, 0x6a3a323d, 
    0x75220c62, 0x68423339, 0x85658206, 0x053f624f, 0x27224f84, 0xd6822315, 0x03333722, 0x43214f8c, 0x054e62b6, 0x82101021, 0x6239204e, 0xc1220953, 
    0x4b88323a, 0x0127cf85, 0x00bd03b7, 0x82bf0222, 0x0307245b, 0x515d0006, 0xe6200a43, 0xdf201782, 0x08221786, 0xcb85ba00, 0xe76a0120, 0x00122205, 
    0x05e96a00, 0xc5851220, 0x35353637, 0xd1333523, 0x8c8efee6, 0x1a3f3f79, 0x6f743a19, 0xfcba026f, 0x23ba83e2, 0x6d12201e, 0x3f854682, 0x02d50023, 
    0x063777e4, 0x11231122, 0x3c853d86, 0x40908c2e, 0x743a333e, 0x1cfde402, 0xb3fce402, 0x4f075e43, 0x01270567, 0x00ba02bf, 0x87110005, 0x0a3d4177, 
    0xee247685, 0x39313d3f, 0x34217584, 0x22e38237, 0x866c133d, 0x00002373, 0x738b9e01, 0x77410420, 0xd1332709, 0x3f59018c, 0x7487323e, 0x46353721, 
    0x002005f8, 0xeb857386, 0x13267382, 0x15331133, 0x574b0021, 0x8c45210a, 0x0121eb82, 0x061f5b0e, 0xfdba0226, 0x3e016fb5, 0x8707345b, 0x8879203f, 
    0x11332277, 0x0b854b23, 0x8c8c4527, 0x1c2727d6, 0x833e821c, 0x2a0121ee, 0xae823989, 0x82090021, 0xc32e0804, 0x0d00ba02, 0x15250000, 0x35071121, 
    0x11331137, 0x15071537, 0x8efec301, 0x588d4848, 0x016b6b58, 0x1671161b, 0xfffe2e01, 0xdc1b721b, 0x33840100, 0x6f821a20, 0x3b820b20, 0x23110722, 
    0x01363487, 0x428c431a, 0x01438c42, 0xb5fe1661, 0x73151e01, 0xfe530115, 0x8b5215da, 0x52bd200b, 0x0624088b, 0x9100ed00, 0x23051742, 0x2c035502, 
    0x2208df4c, 0x42d80006, 0x9a22087b, 0x6b82bb02, 0x21214082, 0x08916c23, 0x6c0a5141, 0xdc25099d, 0x3a323e3f, 0x09a36c74, 0x42e1fc21, 0x536410c7, 
    0x641f2005, 0xd0421555, 0x6401200b, 0x10250b61, 0x313d3f10, 0x12676439, 0x35a3fd23, 0x05de4237, 0x9a22c386, 0xdb889903, 0xd100c822, 0x0820db8a, 
    0xc823db88, 0x4900bc00, 0xf92405df, 0x6d03ee02, 0xc2201782, 0x07248f82, 0xc0000103, 0x22262f84, 0x5c02f7ff, 0x734de302, 0x03062406, 0x8a077c01, 
    0x8896202f, 0x00ca222f, 0x212f89df, 0xbb4d0c03, 0x00ca2708, 0xff07009c, 0xdf5300ff, 0x88a62005, 0x00cf222f, 0x202f8aef, 0x262f881c, 0x00ab00cf, 
    0x82020007, 0x03f82b2f, 0x00c402f6, 0x00290019, 0x0e560100, 0x07062207, 0x083a6522, 0x21351724, 0x296d2115, 0xebed3710, 0xfe0901eb, 0x5f93506b, 
    0x9f5d5d9f, 0x2974475e, 0xf7fe9501, 0x2f6dc6fd, 0x97013e0b, 0x5d6fbd6b, 0xa35c0263, 0x5ca36767, 0x6e593132, 0x3968cdfe, 0x45456839, 0x68383868, 
    0x2eff8245, 0xff210003, 0x02f503f7, 0x00230033, 0x4839002a, 0x6d180c75, 0x7f180805, 0x71480de3, 0x0d5d5108, 0x03335a08, 0x6bfe04f5, 0x4e374704, 
    0x89189721, 0x24694163, 0x50417125, 0x834b4981, 0x266e4050, 0x4f426c23, 0x0191457d, 0x4835384b, 0x2843fc06, 0x26274128, 0x3b50273f, 0x3f180601, 
    0x67504344, 0x35313135, 0x55558247, 0x30344782, 0x7c443430, 0x453b1e51, 0x26d13c44, 0x4b35354b, 0x21058226, 0x9745574f, 0x4f022706, 0x2200bd03, 
    0xa983c502, 0x42059f53, 0x01230503, 0x822c037b, 0x82e52017, 0x03022317, 0xd34e7606, 0xfe452805, 0x024f02df, 0x730e00ba, 0x212105a9, 0x0c126e23, 
    0x5b332721, 0x524506da, 0xa24f210c, 0x20091e6e, 0x051c6ed7, 0x3f10ab25, 0x6e39323e, 0x5e260b22, 0x35303137, 0x65458ffd, 0x00022109, 0x01206b82, 
    0x2005c765, 0x0ec96518, 0xc3440320, 0x07d5650a, 0xdb420f20, 0x65002005, 0xfe2108db, 0x0ed34201, 0x99034f22, 0xc822e788, 0x2357a000, 0x038e2208, 
    0x21e78808, 0xe7825bc8, 0x3326ff82, 0x2d02f9ff, 0x1782c403, 0x1741c620, 0x00ab2206, 0x26178298, 0x01f7ff27, 0x823303f3, 0x86e62017, 0x00902f17, 
    0x00010007, 0x02f1fe33, 0x00c4022d, 0x0f7c003d, 0x10995205, 0x2425e86e, 0x5b2f2d02, 0x0aa9523f, 0x6e786021, 0x98241ef3, 0x2e083c58, 0x2408b852, 
    0x576c0b79, 0x1bfe6e2b, 0x012db382, 0xf6fe2700, 0x3302f301, 0x00003a00, 0x0fdf5804, 0xff66a68b, 0x15072319, 0xea587c01, 0x6c562209, 0x1c0a6704, 
    0x2d515d22, 0x7323a188, 0x6746640b, 0x40251a13, 0x00270a5a, 0x087f4100, 0x7f41a020, 0x00c82208, 0x0a7f4190, 0x7f410f20, 0x03062406, 0x840774c8, 
    0xfe202cd3, 0x022002f6, 0x001a00ba, 0x41152100, 0x2329107c, 0x21352311, 0x01112315, 0x0a5b414f, 0x02ba1d24, 0x9989ba00, 0x49027932, 0xb7fd7171, 
    0x19000100, 0x7b01f8fe, 0x2600b302, 0x67131f41, 0x232c0998, 0x33161411, 0x22231533, 0x30011527, 0x2b090d41, 0x8d424246, 0x201b7c7c, 0x060d5841, 
    0x2209c35d, 0x676d288e, 0xfe2605b6, 0x76191cf4, 0xe3832c01, 0x00002023, 0x05575902, 0xc382c720, 0xc8030733, 0x91008100, 0x19000200, 0xac010000, 
    0x0c002a03, 0x05df4500, 0x2009a34e, 0x876e8203, 0x28888675, 0x3f08a401, 0x743a333f, 0x207385b3, 0x2c7d82b1, 0x172b0a03, 0x21393c39, 0x00ff6d10, 
    0x206f8473, 0x207b83ac, 0x09ef5700, 0xa7577320, 0xce032507, 0x9100a100, 0x21072752, 0xf751e202, 0x00ce2208, 0x202f8a8f, 0x222f886d, 0x8a940001, 
    0x88dc202f, 0x0001222f, 0x202f8a82, 0x222f8896, 0x89b300ca, 0x0503212f, 0xca202f88, 0x26063f52, 0x02f9ff43, 0x88d10377, 0x00cc222f, 0x202f8ae0, 
    0x222f8840, 0x8ace00cc, 0x88a6205f, 0x00cf222f, 0x202f8ac3, 0x302f8815, 0x00b100cf, 0x00010000, 0x022bff43, 0x00ba0277, 0x05cb7423, 0x4d150721, 
    0x126013f7, 0x7277230a, 0xe84d2f5c, 0x5a3a2f09, 0x434a8c6d, 0xba024a44, 0x876d51fe, 0x584e0115, 0x540f2c05, 0x3b38370f, 0x6d87152d, 0x71feaf01, 
    0x5e8206f6, 0xff400029, 0x025c0229, 0x4e24002a, 0xd74f0bc3, 0x21638907, 0x83861133, 0x27350227, 0x513b2e2b, 0x0aa0694c, 0x7c848d20, 0x61848320, 
    0x3a304422, 0x210eaa69, 0x8085d5fd, 0x72ffff21, 0x0321052b, 0x20ef829d, 0x26e782ca, 0x01c70307, 0x5095005e, 0x03230567, 0x82080345, 0x82ea2017, 
    0x82032017, 0x00082c17, 0x00ffff00, 0x0200000b, 0x82990370, 0x05875917, 0xff44c720, 0xfe052406, 0x845702fa, 0x85ec202f, 0x9000212f, 0x82202f8a, 
    0x02292f87, 0x009500fa, 0x00ffff91, 0x22478232, 0x82bd030e, 0x51cd2017, 0x535305fb, 0x00262606, 0x03bc0100, 0x2017822c, 0x052f46ed, 0x06827020, 
    0x47832f88, 0xcb222f85, 0x4784d300, 0x02212f84, 0x242f86f1, 0x00cb0303, 0x857784a7, 0x85a7835f, 0x00c8222f, 0x842f8981, 0x215f85a7, 0x5f8255c8, 
    0x0002002b, 0x02f9ff36, 0x00c602db, 0x052b4318, 0x080ad856, 0x26213756, 0x06222326, 0x36362307, 0x37361233, 0x33161621, 0x569bea01, 0x64659a55, 
    0x02045499, 0x5069050b, 0x9c145a3d, 0x4d78ad21, 0x82fe076b, 0x02526a03, 0x6aa35ac6, 0x505aa26a, 0x1d246998, 0x31376656, 0xb3fd7e69, 0x5a4a4c58, 
    0xc5ff0100, 0x4d0110ff, 0x19000903, 0x06307682, 0x07330707, 0x06060323, 0x33372323, 0x13373632, 0x37200682, 0x3e086582, 0x2a130107, 0x0b5b0304, 
    0x6309365d, 0x150c1856, 0x36031614, 0x033c0c3c, 0x0c74760b, 0x28229302, 0x01fe731f, 0x18764d5b, 0x73ff011a, 0x765c641f, 0x00ffff00, 0x03000009, 
    0x00be036f, 0x41180322, 0x0123054f, 0x53920097, 0x0423054b, 0x822c0315, 0x82382017, 0x03032417, 0x82c90106, 0x00022507, 0x02dffe33, 0x82053b75, 
    0x2a3d7517, 0x200a3047, 0x24497533, 0x3e404b25, 0x75743932, 0x5d20234f, 0x25099c4a, 0xfe270002, 0x4b6d01df, 0x6d362005, 0x9d8b2a4d, 0x2123596d, 
    0x9c833f3f, 0x20215f6d, 0x09b34d5c, 0x0002002d, 0x02dffe20, 0x00ba0220, 0x75130007, 0xd65009f5, 0xba202a0c, 0x4801ba8c, 0x3a333e3f, 0x07087674, 
    0x8ce1fc21, 0x82192043, 0x026426df, 0x001200b3, 0x14ad6d1e, 0x6d0b9948, 0x682209b9, 0xb0824011, 0x210dbf6d, 0x9d4e1efe, 0x0fd77209, 0x2208155e, 
    0x42343526, 0xc64205c7, 0x7282200c, 0x042207ca, 0xdf729501, 0x47382908, 0x01f9fe08, 0x3302374c, 0x2008d172, 0x05e1721e, 0x3f37fe36, 0x00413638, 
    0xffff0000, 0xbe012800, 0xba02f400, 0xe0030200, 0x012a1082, 0x51020a00, 0x08033301, 0xcd820500, 0x37350731, 0x959f1517, 0xa5029495, 0x51516654, 
    0x8c000066, 0x0701281f, 0x37173527, 0x83943301, 0x82a22021, 0x5656211f, 0x53824282, 0x2207db66, 0x82010302, 0x26338310, 0x03490156, 0x820f0005, 
    0x0625080d, 0x35262223, 0x16143335, 0x35363233, 0x49011533, 0x57484a56, 0x2f2f264a, 0xa8024b26, 0x14485352, 0x22232322, 0x84288215, 0x006c266b, 
    0x00f1028f, 0x0d89500b, 0x69076169, 0x00290959, 0x02080002, 0x03f2005a, 0x202b8240, 0x842d8217, 0x36342565, 0x15163233, 0x084e0819, 0xf22d6f82, 
    0x44313243, 0x43323144, 0x14141c45, 0x2503831c, 0x3f3f9902, 0x03823434, 0x1b1b1728, 0x1d1d1517, 0x77820015, 0x2aff0c2b, 0x4300f100, 0x00001300, 
    0x0f1e4633, 0x37373623, 0x0a1046e5, 0x284f4122, 0x230a0346, 0x12224a2c, 0x08273f82, 0x75015e02, 0x8200e202, 0x062b6d4c, 0x31084a75, 0x22232627, 
    0x41112307, 0x14201532, 0x0625141e, 0x0a84094b, 0x25151d2c, 0xa1024a07, 0x130c0d41, 0x0582422b, 0x002c1422, 0x0a31d382, 0x7f015902, 0x03001503, 
    0x00000700, 0x33372313, 0x2c038217, 0x74485862, 0x7452594c, 0xbcbc5902, 0x052741bc, 0x2c821a20, 0x4b6fa620, 0x15012105, 0x30069066, 0x02352311, 
    0xe08c4aa6, 0x2a02498d, 0x0142fe6c, 0x200383be, 0x059f416c, 0xffff1626, 0xbd03ea03, 0x25072b46, 0x6501d302, 0x2b469100, 0x822c2008, 0x82ea2017, 
    0x82032028, 0x00042217, 0x085b4600, 0x2f87c120, 0x01060323, 0x0a5b46a9, 0x17822f88, 0x2f8a5220, 0x5f888320, 0x5401fa24, 0x5f879200, 0x88f10221, 
    0x00fa225f, 0x0a4b56fe, 0x4b567320, 0x00ce2208, 0x268f844f, 0x02f7ff21, 0x56e40248, 0x0623064b, 0x5679ce03, 0x4360057b, 0xd302230e, 0x2f84bb00, 
    0x820e7b5a, 0x05075517, 0x5f832f85, 0x2205eb46, 0x898200ce, 0xe202212f, 0xec265f82, 0x02000000, 0x4371ce03, 0x014f2606, 0x016f022a, 0x079b69a0, 
    0xfd6f0227, 0x76a001e0, 0x21238276, 0x1b820001, 0x89500321, 0x5003231b, 0x1b88fffc, 0xbe011f24, 0x437dec00, 0x37232906, 0x6c94b333, 0xfcbe0161, 
    0x00213682, 0x08674301, 0x0000032c, 0x23073313, 0x606c9361, 0x1b86ba02, 0x98ff0e26, 0x9400db00, 0x37206f83, 0x47201b82, 0x94243782, 0x000200fc, 
    0x01214f82, 0x414f84b6, 0x55830aff, 0x59859120, 0x3f84fc20, 0x5b830220, 0x88be0121, 0x20418227, 0x21618625, 0x66850301, 0x02262884, 0x98ff0f00, 
    0x6784a601, 0x69834f82, 0x48202783, 0x01212282, 0x84728403, 0x3dab8226, 0x02f8fe31, 0x00120337, 0x0100000b, 0x13231327, 0x27173507, 0x02370733, 
    0x8c0ecb37, 0x0484cb0e, 0x0cbe012b, 0xd2022efd, 0xf30b6c0c, 0x212683f3, 0x33863200, 0x33821320, 0x15371126, 0x37231727, 0x11203682, 0x15223a86, 
    0x37846c01, 0x0082ca20, 0x01284383, 0x0b77feca, 0xf4f40c6c, 0x01214082, 0x21458589, 0x3a82006c, 0x0064002c, 0x017c01c2, 0x000f00d9, 0x9e4f3600, 
    0x05c54708, 0x2540c92c, 0x27264025, 0x41252541, 0x0983c227, 0x27340f83, 0x00254026, 0x2c00ffff, 0x8f02f9ff, 0x23009d00, 0xdb00a102, 0x07824982, 
    0x82b70121, 0x82022007, 0x00002a0f, 0xff240007, 0x023904f6, 0x2ad382c6, 0x0019000f, 0x00310025, 0x1849003d, 0x250d7546, 0x01230125, 0x99441504, 
    0x23342205, 0x0b776b12, 0x26210b8a, 0x22228706, 0x8a202326, 0x1824200b, 0x2d082c49, 0x8877fe63, 0x8dfe8801, 0x1e1b1a1d, 0x1682da39, 0x46585826, 
    0x5f015946, 0xdb242087, 0x1a1a1e1e, 0x01220382, 0x22831d45, 0x1b1e2008, 0x55557102, 0x56564b4b, 0x44fd964b, 0x4c4abc02, 0x27262627, 0x5470fe4c, 
    0x554c4b54, 0x864b4c55, 0x824c2007, 0x84028415, 0x82238204, 0x00012ddd, 0x0178002d, 0x00d6010a, 0x37000005, 0x210a376d, 0x0082af78, 0x01000024, 
    0x1f823200, 0x1f850f20, 0x2105a969, 0x9c695b8d, 0x281f8308, 0x02000020, 0x00bc0232, 0x820c8203, 0x320228ff, 0x018977fe, 0x83bc0288, 0x27128289, 
    0xfaff1700, 0xc3020303, 0x03676782, 0x22232206, 0x06087126, 0x35233723, 0xbe411833, 0x3307270b, 0x15062315, 0x06821714, 0x16164608, 0x56f40133, 
    0xaf23a019, 0x23b57875, 0x02024555, 0xb5235645, 0x23af7577, 0x395619a0, 0xc01a5f3d, 0xd90202d9, 0x3d601ac1, 0x6b30327a, 0x536c8177, 0x180e0c18, 
    0x78806c53, 0x3831306a, 0x0e185333, 0x3353180c, 0x28bf823a, 0x02f4ff0b, 0x00c002ec, 0x298c821e, 0x23060614, 0x07352722, 0x03843735, 0x37153324, 
    0x03840715, 0x33163708, 0x02353632, 0x86a44cec, 0x8a8a815d, 0x968f8d8d, 0x21949496, 0x0165822d, 0x61c79db9, 0x5d1ce31b, 0x5a1d481c, 0x1fb0ce1e, 
    0x1e481f5c, 0x07911e5c, 0x02009da4, 0xfb821600, 0xba026f2a, 0x21001800, 0x15130000, 0x8209f570, 0x211122d8, 0x06744732, 0x2408c350, 0x8cb2b2fe, 
    0x0800825c, 0x51010124, 0x71353972, 0x37727556, 0x72373838, 0x6e481601, 0x486e6060, 0x3738016c, 0x5f393b60, 0x2f376c3a, 0xe356372f, 0xe4022608, 
    0xdf020200, 0x2b6a8200, 0x61011900, 0xc1021703, 0x14000700, 0x212d6f82, 0x23112315, 0x11252313, 0x23072723, 0x080c8227, 0x37173326, 0x50090119, 
    0x02510169, 0x5b0261fe, 0x8b5e5b47, 0xc1025c55, 0x01f2fe52, 0xa0fe520e, 0xe5e5dddd, 0xe2e26001, 0x00234a82, 0x82250001, 0x02ee2450, 0x822300c4, 
    0x0706250e, 0x35211533, 0x200c185c, 0x20108217, 0x0a3f4333, 0xee023808, 0xfe6a3a38, 0x364b3ef0, 0x613f3f61, 0xfe3f4a35, 0x38396aef, 0x6363a25f, 
    0x18015fa3, 0x706c2c80, 0x48517820, 0x6a38386a, 0x1f785248, 0x802c6c70, 0x589f674e, 0x82679f58, 0x27002566, 0xca02f9ff, 0x16266b82, 0x00001e00, 
    0x36532304, 0x16440809, 0x15211515, 0x36323316, 0x26031737, 0x07222326, 0x27022115, 0x5a9d63a6, 0x68699850, 0x06fe509a, 0x77476849, 0x1d91343a, 
    0x40683255, 0x51074c01, 0xaa6a6a9a, 0x56975b62, 0x3a43ad3e, 0xb0013b3a, 0xa2431e1d, 0x002dc082, 0xff240002, 0x023302f8, 0x001900e4, 0x08995d27, 
    0x35205284, 0x6c067b43, 0x06200ab5, 0x08058143, 0x24353641, 0x244b7d4a, 0x460a1736, 0x31272141, 0x51847838, 0x623e588c, 0x3276013a, 0x2340282a, 
    0x41282931, 0x92490124, 0x45191755, 0x104b0a4e, 0xbd7e98b4, 0x52703665, 0x5d35408b, 0x38414039, 0x8200395f, 0x82142077, 0xb6290804, 0x0500bc02, 
    0x00000800, 0x21150101, 0x21030135, 0x019f0103, 0x015efd17, 0x82018818, 0xfdbc02c1, 0x026c6cb0, 0x01b0fd50, 0x096f47b0, 0x3382ce20, 0x00000b22, 
    0x32056f47, 0x11231121, 0xce023523, 0xf8fe8c4a, 0xbc02498d, 0x83b0fd6c, 0x5002212f, 0x2405d344, 0x01cbff28, 0x202f82d2, 0x242f820c, 0x05151721, 
    0x08658221, 0x35273724, 0xfed20121, 0xfffefed1, 0x56fe3201, 0xaa01f5f5, 0x6cd05002, 0xd8a46bde, 0x0100a3d2, 0x2a014700, 0x6746ef01, 0xef012309, 
    0x674658fe, 0xffff2c05, 0x4bff2500, 0xb303bc01, 0x61020200, 0x576e0573, 0x03022207, 0x28a08209, 0xff150001, 0x035d03d6, 0x08d1857b, 0x07272329, 
    0x01173727, 0xfdfd5d03, 0x284b8c46, 0xaa017dc5, 0x5bfc7b03, 0x75432cf8, 0x000203e1, 0x00030000, 0x02b8001c, 0x45ff01c5, 0x00210617, 0x08826800, 
    0x47490620, 0x33362106, 0x2105f67a, 0x67183604, 0x332008bc, 0x07fa6518, 0x16160731, 0x5f660233, 0x362e4e2d, 0x551d2753, 0x825e4d33, 0x3726080a, 
    0x571c2552, 0x35d1fe34, 0x192d1f14, 0x1d24241d, 0x23246001, 0x13391d1e, 0x011e301b, 0x324c57ff, 0x2930284a, 0x08843029, 0x2c312d08, 0x20e6332a, 
    0x2325251b, 0x23231f20, 0x23222020, 0x0023211e, 0xff010000, 0x0110ffd2, 0x00a50349, 0x12000013, 0x07333336, 0x07062223, 0x3c0a654d, 0x1455637d, 
    0x1515100c, 0x630a5803, 0x110c1356, 0x59031514, 0x764d5803, 0xbbfc1a18, 0x2106835b, 0x46824503, 0x00ffff31, 0x02980020, 0x00410230, 0x00f10226, 
    0x820700b9, 0x00002c05, 0x000100a4, 0x024f0060, 0x83780281, 0x012f085f, 0x07231533, 0x07211521, 0x35233723, 0x35213733, 0x02333721, 0x61b34e33, 
    0x88fe1401, 0x4f4f5a4f, 0xebfe61b4, 0x594e7a01, 0x767a1902, 0x8260607a, 0x825f2004, 0x0002355c, 0x01240045, 0x004402d3, 0x00090005, 0x23171300, 
    0x01333727, 0xf9334782, 0xdadab4da, 0x017dfeb4, 0x0181fe7f, 0xbcbbbc89, 0x916b4bfe, 0x3737252f, 0x07173327, 0x45267783, 0xdbb3d9d9, 0x2e83b0db, 
    0x2d82cd20, 0x6b3ebb2c, 0x1a000200, 0x17026100, 0xff495e02, 0x07012f05, 0x17072525, 0x17022737, 0x0001fffe, 0x00826fff, 0xff600128, 0x70fefeff, 
    0x2b826f70, 0x00001526, 0x0c033602, 0x1f20cb82, 0x21208782, 0x20059570, 0x28cb8211, 0x17363435, 0x15062615, 0x0a715936, 0x4301e22c, 0x3f8eb78c, 
    0x3073723f, 0x6777d827, 0x2a022306, 0xc07ed6fd, 0x2e26240e, 0x832e2323, 0xffff2203, 0x205f8300, 0x225f822a, 0x82d90222, 0x020324c7, 0x825901df, 
    0x00022207, 0x22058258, 0x85c702ef, 0x132608a3, 0x13032303, 0xef352315, 0x97107611, 0xfec70297, 0xfde4011c, 0x009898d1, 0xff1e0001, 0x00b70064, 
    0x000c0076, 0xe75a3600, 0x46b7300b, 0x441b1c46, 0x49332f83, 0x221e3d4f, 0x82008114, 0x822f202b, 0x00c62253, 0x21538298, 0x4d823700, 0x9897c622, 
    0x2005d36e, 0x22178244, 0x823402db, 0x82072017, 0x201982e3, 0x21038213, 0x698297db, 0x98983424, 0x248264fe, 0x34000222, 0xd1226782, 0x23823002, 
    0x23851020, 0x220c555b, 0x859d97cb, 0x3002256f, 0xfffd9898, 0x02227488, 0x78822200, 0xd202ef26, 0x1b001700, 0x16206582, 0x5c82a283, 0x0e6f4a18, 
    0x12821320, 0x7e71013e, 0x2d84687e, 0x2c335d58, 0x0184342d, 0x0f476937, 0x70d20298, 0x4d676363, 0x2c3f2eaa, 0x2105146f, 0x8c82c6fd, 0x23051f41, 
    0xef0069ff, 0xb3838f84, 0x2315332d, 0x23133317, 0x10979758, 0x82971176, 0xfe4b2284, 0x05a3421c, 0xfc00342c, 0x9401cb00, 0x07040700, 0x0b820500, 
    0x0200002a, 0x5bff2b00, 0x2d02f801, 0x1b20cb82, 0x35289d82, 0x26021533, 0x33363435, 0x23210882, 0x06034522, 0x16333529, 0x01230606, 0x8ff19802, 
    0x95012195, 0xc620e182, 0x6b82978e, 0x49264d82, 0x47023e00, 0x09828a02, 0x44000721, 0x352305c3, 0x82211505, 0x23250803, 0x98940135, 0x02fe4b01, 
    0x02984b01, 0xe798988a, 0x98cd7d7d, 0xff000098, 0x022200ff, 0x03a7003d, 0x04020033, 0x20448211, 0x820f8801, 0x5f12203f, 0x22270aa3, 0x3a323e3f, 
    0x50760274, 0x00200902, 0xdf5a2b8d, 0x85a7200a, 0x34fa272b, 0x3d394742, 0x56826d13, 0x6782f382, 0x82500121, 0x000b2467, 0x8b000017, 0x90362059, 
    0x3f982365, 0x6b8a333f, 0x830ddb5d, 0x88512047, 0x50758a47, 0x81850b5a, 0x3e40bb26, 0x02743932, 0x3e238787, 0x8648412f, 0x06af528f, 0x9800812e, 
    0x07042200, 0x23000003, 0xe0000704, 0x0324a882, 0xbb010704, 0x022f0782, 0xf6ff2100, 0x34022202, 0x28001c00, 0x46240000, 0x342405a4, 0x26333336, 
    0x2e056b52, 0x3233023e, 0x11151616, 0x36263523, 0x41353536, 0x410806b7, 0x3c687d01, 0x73305434, 0x39028d73, 0x083a2c32, 0x6d430a8c, 0x40714644, 
    0x2c436f8e, 0x2b2f3085, 0x2a332927, 0x624d304a, 0x2a2f3f35, 0x3a355f3c, 0xbbfe496c, 0x3c1e184f, 0x1f260429, 0x0000241e, 0x7785ffff, 0x002c0327, 
    0x00060323, 0x218983d2, 0x178a1504, 0x17820520, 0x8c069566, 0x82082017, 0x00c72217, 0x272f8fb6, 0x2300f102, 0xac00fa02, 0x0320178f, 0x02215f82, 
    0x215f91d3, 0x4782dc02, 0x8c000122, 0x00202f87, 0x26059b66, 0x0034022e, 0x6639002d, 0x1341169b, 0x065a4f10, 0x290b1841, 0x2b270702, 0x23513b2e, 
    0x20411728, 0x222f2515, 0xc2171b1c, 0x63062441, 0x202405e4, 0x26421b39, 0x4f112e41, 0xe9200595, 0x20123341, 0x20bb8240, 0x05855dcc, 0x210b1b41, 
    0x1782e202, 0x9900ce22, 0xf82cd38c, 0xde02a202, 0x34002800, 0x27210000, 0x64096567, 0x17260a1b, 0x07141516, 0x21643623, 0x14152505, 0x24011716, 
    0x20052c77, 0x080c8206, 0x05023367, 0x40651a4c, 0x2e38633e, 0x1e203150, 0x3b3d592e, 0x02042f57, 0x02078705, 0x1a1c2201, 0x01130f22, 0x3882fe65, 
    0x37292838, 0x32682937, 0x3d62383e, 0x06375b38, 0x2d264728, 0x462a2f4e, 0x140a1028, 0x1c141416, 0x12192323, 0x21fe1923, 0x2a2b3a6c, 0x2b2b3839, 
    0x0001003a, 0x02000032, 0x00d70221, 0x1300001a, 0x21718636, 0x6e422307, 0x14330806, 0x21070706, 0xf5352115, 0x32303f4f, 0x88023530, 0x446d4101, 
    0x4b366b4c, 0x2a01715f, 0x220112fe, 0x2c30614e, 0x513c4233, 0x5f36356f, 0x5d80443d, 0x82667470, 0xff312653, 0x022b02fb, 0x080145d6, 0x080d276f, 
    0x35232335, 0x21352137, 0xbf010715, 0x4d723e6c, 0x8b048b6e, 0x35363c02, 0x6539423d, 0x01f2fea1, 0xb501adb7, 0x69456073, 0x316f7239, 0x39383e3b, 
    0x76a25f40, 0x8200ac6a, 0x310025a6, 0x2c02f7ff, 0x13205782, 0x26109355, 0x33373736, 0x79333603, 0x34080b7f, 0x39658e01, 0x4a487341, 0x2b284174, 
    0x1ebd99b0, 0x41411e1e, 0x43433a3a, 0x39d4013a, 0x70474569, 0x4772403f, 0xff3f7038, 0xfe08f6fe, 0x3b3a4599, 0x3a3b4545, 0x29668245, 0x24000200, 
    0x2102fcff, 0x0347dc02, 0x054e7705, 0x23070723, 0x091c6913, 0xa97a0220, 0x6c01210a, 0x9b2e6184, 0x431f18bd, 0x74423a68, 0x3a427c48, 0x0383423a, 
    0x40dc023a, 0x713b4871, 0x0501fd3e, 0x466a3a07, 0xfe3f7148, 0x3c4646cd, 0x3c45463b, 0x00206783, 0xea265f82, 0x01000300, 0x0e820904, 0x0382a220, 
    0x01240b85, 0xa2002000, 0x02241786, 0xc2000e00, 0x03240b86, 0xd0003e00, 0x04200b86, 0x0524238a, 0x0e010a00, 0x06241786, 0x18012000, 0x08240b86, 
    0x38012600, 0x09240b86, 0x5e015c00, 0x0b240b86, 0xba013a00, 0x0d240b86, 0xf4012201, 0x0e240b86, 0x16033600, 0x10240b86, 0x4c030e00, 0x11240b86, 
    0x5a031000, 0x13240b86, 0x6a03ae00, 0x01240b85, 0x04400000, 0x01256b86, 0x041e0001, 0x24178658, 0x042a0002, 0x360b8676, 0x042c0003, 0x004300a0, 
    0x0070006f, 0x00720079, 0x00670069, 0x82740068, 0x003223bd, 0x03830030, 0x54002022, 0x65201182, 0x50201182, 0x70202584, 0x6e222382, 0x0f847300, 
    0x11827220, 0x65006a24, 0x31846300, 0x75004122, 0x68200782, 0x72201382, 0x28201f84, 0x74204984, 0x73245982, 0x2f003a00, 0x67200182, 0x74203b82, 
    0x75241582, 0x2e006200, 0x6f223582, 0x15826d00, 0x35826920, 0x35826620, 0x6e007524, 0x83826400, 0x13827920, 0x29216b8d, 0x220f8d00, 0x82530020, 
    0x826d2075, 0x8242204d, 0x826c2037, 0x82522035, 0x8267200f, 0x006c227f, 0x20418261, 0x24b38249, 0x004f0046, 0x8fb5923b, 0x20238339, 0x208d8234, 
    0x20ef8230, 0x21978234, 0x0d890038, 0x2d20758d, 0x49207590, 0x6920b184, 0x6e207382, 0x54226982, 0xeb827900, 0x09826520, 0xcd8c4620, 0xa7824e20, 
    0x23826e20, 0x19826420, 0x07824b20, 0xab826c20, 0x28002024, 0x07824400, 0x3b847620, 0x67006122, 0x6924b784, 0x2c002900, 0x4a202582, 0x6e203f82, 
    0x79205b82, 0x6920bf84, 0x68200982, 0x72201182, 0x37830782, 0x2b824c20, 0x53847420, 0x61412920, 0x202b8310, 0x201b8264, 0x202b8261, 0x418f8674, 
    0x77410d5b, 0x82542007, 0x0069223b, 0x20618273, 0x206d8446, 0x20098274, 0x24098253, 0x00740066, 0x838d8477, 0x202185c9, 0x2051826c, 0x20ad8263, 
    0x212f826e, 0xc7830065, 0x2205ab41, 0x82720065, 0x42742035, 0x5324061f, 0x4c004900, 0x4f220f82, 0x2b847000, 0x89002021, 0x8c4c2059, 0x20e38341, 
    0x20238256, 0x204f8272, 0x247d8469, 0x00310020, 0x4203842e, 0x7793056f, 0x43822020, 0x5f827320, 0x76006122, 0x69229f82, 0x05826c00, 0x05826220, 
    0x7722a783, 0xb7826900, 0x1d846820, 0x41227783, 0x0b845100, 0x3a007422, 0x68200782, 0x87421b82, 0x0073220b, 0x22b98263, 0x82700069, 0x82732017, 
    0x00732277, 0x20478269, 0x2689822e, 0x00670072, 0x824f002f, 0x414c20b9, 0x35a5105b, 0x420d3342, 0x09370e6d, 0x092d0938, 0x09200040, 0x0928092e, 
    0x09370941, 0x092f094d, 0x8202094b, 0x09152211, 0x2605824b, 0x094c0917, 0x82350930, 0x09142209, 0x28058230, 0x09270905, 0x0915093f, 0x8715823e, 
    0x84472027, 0x823e203f, 0x09322143, 0x47200b85, 0x1c204184, 0x4d205382, 0x1c201582, 0x24202d82, 0x38202382, 0x35225d82, 0x15842409, 0x0b822420, 
    0x0b823020, 0x59883e20, 0x29823820, 0x1b823e20, 0x83092421, 0x842a2013, 0x093e211f, 0x3b830783, 0x4809392a, 0x53006409, 0x75007100, 0x2c080b42, 
    0x006f0064, 0x00730074, 0x00690020, 0x2005826e, 0x221b8270, 0x8263006e, 0x20238313, 0x20158274, 0x2017846f, 0x2031846d, 0x2029826b, 0x21318244, 
    0xa3410075, 0x822d2005, 0x8274200f, 0x0072240f, 0x82790065, 0x0061243d, 0x826c0041, 0x0065223b, 0x20358272, 0x22098261, 0x82760069, 0x8220201b, 
    0x006d223d, 0x20098270, 0x20318272, 0x201b8261, 0x22299864, 0x822c0032, 0x84332049, 0x84362005, 0x00392505, 0x00020000, 0xff230084, 0x843200b5, 
    0x0b048e08, 0x002404ca, 0x01020100, 0x01030003, 0x01050104, 0x01070106, 0x01090108, 0x010b010a, 0x010d010c, 0x010f010e, 0x01110110, 0x01130112, 
    0x01150114, 0x01170116, 0x01190118, 0x011b011a, 0x011d011c, 0x011f011e, 0x01210120, 0x01230122, 0x01250124, 0x01270126, 0x01290128, 0x012b012a, 
    0x012d012c, 0x012f012e, 0x01310130, 0x01330132, 0x01350134, 0x01370136, 0x01390138, 0x013b013a, 0x013d013c, 0x013f013e, 0x01410140, 0x01430142, 
    0x01450144, 0x01470146, 0x01490148, 0x014b014a, 0x014d014c, 0x014f014e, 0x01510150, 0x01530152, 0x01550154, 0x01570156, 0x01590158, 0x015b015a, 
    0x015d015c, 0x015f015e, 0x01610160, 0x01630162, 0x01650164, 0x01670166, 0x01690168, 0x016b016a, 0x016d016c, 0x016f016e, 0x01710170, 0x01730172, 
    0x01750174, 0x01770176, 0x01790178, 0x017b017a, 0x017d017c, 0x017f017e, 0x01810180, 0x01830182, 0x01850184, 0x01870186, 0x01890188, 0x018b018a, 
    0x018d018c, 0x018f018e, 0x01910190, 0x01930192, 0x01950194, 0x01970196, 0x01990198, 0x019b019a, 0x019d019c, 0x019f019e, 0x01a101a0, 0x01a301a2, 
    0x01a501a4, 0x01a701a6, 0x01a901a8, 0x01ab01aa, 0x01ad01ac, 0x01af01ae, 0x01b101b0, 0x01b301b2, 0x01b501b4, 0x01b701b6, 0x01b901b8, 0x01bb01ba, 
    0x01bd01bc, 0x01bf01be, 0x01c101c0, 0x01c301c2, 0x01c501c4, 0x01c701c6, 0x01c901c8, 0x01cb01ca, 0x01cd01cc, 0x01cf01ce, 0x01d101d0, 0x01d301d2, 
    0x01d501d4, 0x01d701d6, 0x01d901d8, 0x01db01da, 0x01dd01dc, 0x01df01de, 0x01e101e0, 0x01e301e2, 0x01e501e4, 0x01e701e6, 0x01e901e8, 0x01eb01ea, 
    0x01ed01ec, 0x01ef01ee, 0x01f101f0, 0x01f301f2, 0x01f501f4, 0x01f701f6, 0x01f901f8, 0x01fb01fa, 0x01fd01fc, 0x02ff01fe, 0x02010200, 0x02030202, 
    0x02050204, 0x02070206, 0x02090208, 0x020b020a, 0x020d020c, 0x020f020e, 0x02110210, 0x02130212, 0x02150214, 0x02170216, 0x02190218, 0x021b021a, 
    0x021d021c, 0x021f021e, 0x02210220, 0x02230222, 0x02250224, 0x02270226, 0x02290228, 0x022b022a, 0x022d022c, 0x022f022e, 0x02310230, 0x02330232, 
    0x02350234, 0x02370236, 0x02390238, 0x023b023a, 0x023d023c, 0x023f023e, 0x02410240, 0x02430242, 0x02450244, 0x02470246, 0x02490248, 0x024b024a, 
    0x024d024c, 0x024f024e, 0x02510250, 0x02530252, 0x02550254, 0x02570256, 0x02590258, 0x025b025a, 0x025d025c, 0x025f025e, 0x02610260, 0x02630262, 
    0x02650264, 0x02670266, 0x02690268, 0x026b026a, 0x026d026c, 0x026f026e, 0x02710270, 0x02730272, 0x02750274, 0x02770276, 0x02790278, 0x027b027a, 
    0x027d027c, 0x027f027e, 0x02810280, 0x02830282, 0x02850284, 0x02870286, 0x02890288, 0x028b028a, 0x028d028c, 0x028f028e, 0x02910290, 0x02930292, 
    0x02950294, 0x02970296, 0x02990298, 0x029b029a, 0x029d029c, 0x029f029e, 0x02a102a0, 0x02a302a2, 0x02a502a4, 0x02a702a6, 0x02a902a8, 0x02ab02aa, 
    0x02ad02ac, 0x02af02ae, 0x02b102b0, 0x02b302b2, 0x02b502b4, 0x02b702b6, 0x02b902b8, 0x02bb02ba, 0x02bd02bc, 0x02bf02be, 0x02c102c0, 0x02c302c2, 
    0x02c502c4, 0x02c702c6, 0x02c902c8, 0x02cb02ca, 0x02cd02cc, 0x02cf02ce, 0x02d102d0, 0x02d302d2, 0x02d502d4, 0x02d702d6, 0x02d902d8, 0x02db02da, 
    0x02dd02dc, 0x02df02de, 0x02e102e0, 0x02e302e2, 0x1a5ff719, 0xf202b209, 0xf402f302, 0xf602f502, 0xf802f702, 0xfa02f902, 0xfc02fb02, 0xfe02fd02, 
    0x0003ff02, 0x02030103, 0x04030303, 0x06030503, 0x08030703, 0x0a030903, 0x0c030b03, 0x0e030d03, 0x10030f03, 0x12031103, 0x14031303, 0x16031503, 
    0x18031703, 0x1a031903, 0x1c031b03, 0x1e031d03, 0x20031f03, 0x22032103, 0x24032303, 0x26032503, 0x28032703, 0x2a032903, 0x2c032b03, 0x2e032d03, 
    0x30032f03, 0x32033103, 0x34033303, 0x36033503, 0x38033703, 0x3a033903, 0x3c033b03, 0x3e033d03, 0x40033f03, 0x42034103, 0x44034303, 0x46034503, 
    0x48034703, 0x4a034903, 0x4c034b03, 0x4e034d03, 0x50034f03, 0x52035103, 0x54035303, 0x56035503, 0x58035703, 0x5a035903, 0x5c035b03, 0x5e035d03, 
    0x60035f03, 0x62036103, 0x64036303, 0x66036503, 0x68036703, 0x6a036903, 0x6c036b03, 0x6e036d03, 0x70036f03, 0x72037103, 0x74037303, 0x76037503, 
    0x78037703, 0x7a037903, 0x7c037b03, 0x7e037d03, 0x80037f03, 0x82038103, 0x84038303, 0x86038503, 0x88038703, 0x8a038903, 0x8c038b03, 0x8e038d03, 
    0x90038f03, 0x92039103, 0x04009303, 0x06000500, 0x08000700, 0x0a000900, 0x0c000b00, 0x0e000d00, 0x10000f00, 0x12001100, 0x14001300, 0x16001500, 
    0x18001700, 0x1a001900, 0x1c001b00, 0x1e001d00, 0x20001f00, 0x22002100, 0x24002300, 0x26002500, 0x28002700, 0x2a002900, 0x2c002b00, 0x2e002d00, 
    0x30002f00, 0x32003100, 0x34003300, 0x36003500, 0x38003700, 0x3a003900, 0x83f51900, 0x3fb50a07, 0x41004000, 0x43004200, 0x45004400, 0x47004600, 
    0x49004800, 0x4b004a00, 0x4d004c00, 0x4f004e00, 0x51005000, 0x53005200, 0x55005400, 0x57005600, 0x59005800, 0x5b005a00, 0x5d005c00, 0x5f005e00, 
    0x61006000, 0xa3009403, 0x85008400, 0x9600bd00, 0x8600e800, 0x8b008e00, 0xa9009d00, 0x9503a400, 0xda008a00, 0x93008300, 0xf300f200, 0x96038d00, 
    0xc3008800, 0xf100de00, 0xaa009e00, 0xf400f500, 0xa200f600, 0xc900ad00, 0xae00c700, 0x63006200, 0x64009000, 0x6500cb00, 0xca00c800, 0xcc00cf00, 
    0xce00cd00, 0x6600e900, 0xd000d300, 0xaf00d100, 0xf0006700, 0xd6009100, 0xd500d400, 0xeb006800, 0x8900ed00, 0x69006a00, 0x6d006b00, 0x6e006c00, 
    0x6f00a000, 0x70007100, 0x73007200, 0x74007500, 0x77007600, 0x7800ea00, 0x79007a00, 0x7d007b00, 0xb8007c00, 0x7f00a100, 0x80007e00, 0xec008100, 
    0xba00ee00, 0x98039703, 0x9a039903, 0x9c039b03, 0xfe00fd00, 0x9e039d03, 0x0001ff00, 0xa0039f03, 0x0101a103, 0xa303a203, 0xa503a403, 0xa703a603, 
    0xa903a803, 0xab03aa03, 0xf900f800, 0xad03ac03, 0xaf03ae03, 0xb103b003, 0xb303b203, 0xb503b403, 0xb703b603, 0xd700fa00, 0xb903b803, 0xbb03ba03, 
    0xbd03bc03, 0xbf03be03, 0xc103c003, 0xe300e200, 0xc303c203, 0xc503c403, 0xc703c603, 0xc903c803, 0xcb03ca03, 0xcd03cc03, 0xb100b000, 0xcf03ce03, 
    0xd103d003, 0xd303d203, 0xd503d403, 0xd703d603, 0xe500e400, 0xd903d803, 0xdb03da03, 0xdd03dc03, 0xdf03de03, 0xe103e003, 0xe303e203, 0xe503e403, 
    0xe703e603, 0xe903e803, 0xeb03ea03, 0xec03bb00, 0xee03ed03, 0xe600ef03, 0xf003e700, 0xf103a600, 0xf303f203, 0xf503f403, 0xf703f603, 0xd800f803, 
    0xf903e100, 0xdc00db00, 0xe000dd00, 0xdf00d900, 0xfa039b00, 0xfc03fb03, 0xfe03fd03, 0x0004ff03, 0x02040104, 0x04040304, 0xb2000504, 0xb600b300, 
    0xc400b700, 0xb500b400, 0x8200c500, 0x8700c200, 0xc600ab00, 0xbf00be00, 0x0604bc00, 0x08040704, 0x8c000904, 0x0b040a04, 0x0c049800, 0x99009a00, 
    0x0d04ef00, 0xa5000e04, 0x9c009200, 0x8f00a700, 0x95009400, 0xc000b900, 0x0f04c100, 0x11041004, 0x13041204, 0x15041404, 0x17041604, 0x19041804, 
    0x1b041a04, 0x1d041c04, 0x1f041e04, 0x21042004, 0x23042204, 0x25042404, 0x27042604, 0x29042804, 0x2b042a04, 0x2d042c04, 0x4c554e04, 0x5243024c, 
    0x41766403, 0x20038204, 0x20088241, 0x21088249, 0x08824949, 0x08825520, 0x04835520, 0x05527627, 0x52767664, 0x210f8252, 0x0a834c76, 0x824c4c21, 
    0x8245201e, 0x8341200e, 0x834f2027, 0x09552a08, 0x63457664, 0x72646e61, 0x20098261, 0x20098841, 0x8209854f, 0x416d2135, 0x6d216283, 0x200a8349, 
    0x21648349, 0x0a83556d, 0x05845520, 0x06527625, 0x826d7664, 0x21128363, 0x0c844c76, 0x044c4c22, 0x45201382, 0x2f843a84, 0x0a844f20, 0x830a5521, 
    0x83568515, 0x8261860a, 0x414b212b, 0x4b212082, 0x20668348, 0x210a8347, 0x05834847, 0x83474e21, 0x83432010, 0x8443200a, 0x834a201b, 0x854a200a, 
    0x8359201b, 0x5454270b, 0x76640641, 0x12845454, 0x83444421, 0x4444220c, 0x203b8448, 0x203b834e, 0x84248454, 0x8344203b, 0x221b820a, 0x84766404, 
    0x8350201a, 0x4850210f, 0x42202583, 0x42200a83, 0x4d200a84, 0x59200f83, 0x52200483, 0x4c200483, 0x56200483, 0x53211e83, 0x20058448, 0x84108353, 
    0x290f8404, 0x07414c4c, 0x5f4b7664, 0x07835353, 0x4e5f4a22, 0x4b219584, 0x22888378, 0x8478484b, 0x200584ca, 0x2212844a, 0x83784444, 0x84a28227, 
    0x8550200e, 0x78522321, 0x44820341, 0x4b219882, 0x20088248, 0x21088247, 0x04824847, 0x82474e21, 0x8243200d, 0x83432008, 0x824a2016, 0x844a2008, 
    0x82592016, 0x54542209, 0x82f78405, 0x4444210a, 0x52820a82, 0x4e210a82, 0x2031824e, 0x20088254, 0x20318354, 0x20088244, 0x83088344, 0x82502015, 
    0x8350200c, 0x8242200c, 0x83422008, 0x824d2008, 0x8259202b, 0x82522003, 0x824c2003, 0x82562003, 0x83532018, 0x53532160, 0x03830d82, 0x4c220c83, 
    0xe085064c, 0xdf830682, 0x0d820420, 0x70827820, 0x0a82dd82, 0x82784721, 0x834a2004, 0x08cb820f, 0x76640a22, 0x73756e41, 0x61726176, 0x4376640d, 
    0x72646e61, 0x6e696261, 0x64097564, 0x73695676, 0x61677261, 0x76272283, 0x61726761, 0x83086168, 0x61723814, 0x6407616d, 0x6b754e76, 0x64066174, 
    0x72655a76, 0x7664056f, 0x82656e4f, 0x77542305, 0xe382076f, 0x65726823, 0x231a8265, 0x72756f46, 0x69210683, 0x221b8376, 0x82786953, 0x6553241b, 
    0x826e6576, 0x69452407, 0x82746867, 0x694e241c, 0x8204656e, 0x126d213e, 0x62308982, 0x76657262, 0x69746169, 0x69736e6f, 0x64056e67, 0x61278f82, 
    0x756f640b, 0x84656c62, 0x7205260b, 0x65657075, 0x22a0820b, 0x846e6169, 0x7a12210b, 0x77297f82, 0x68746469, 0x6a6e6f6e, 0x214d826f, 0x12880f72, 
    0x0c2b0f85, 0x74746f64, 0x69636465, 0x836c6372, 0x65522396, 0xde826870, 0x65794526, 0x6873616c, 0x5220f682, 0x74220682, 0x72836172, 0x76640626, 
    0x41525f4b, 0x4b21a082, 0x82078248, 0x8547200e, 0x8347200e, 0x2016820e, 0x820f834e, 0x85432016, 0x86432016, 0x854a2025, 0x874a200e, 0x85592025, 
    0x5454210f, 0x08240782, 0x54547664, 0x44211886, 0x21108544, 0x10864444, 0x854e4e21, 0x82288366, 0x8227845e, 0x8226835e, 0x8225840e, 0x2024860e, 
    0x20558550, 0x20748650, 0x200e8542, 0x200e8642, 0x8349854d, 0x2032827a, 0x200d854c, 0x20238556, 0x216e8653, 0x16855353, 0x15860686, 0x2c834c20, 
    0x4b216e82, 0x219d8578, 0x0883484b, 0x47201082, 0x4a200786, 0x50201886, 0x05251884, 0x5f4b7664, 0x20638252, 0x823f824b, 0x8447200c, 0x8247200c, 
    0x2013820c, 0x820d824e, 0x84432013, 0x85432013, 0x844a2020, 0x864a200c, 0x82a08220, 0x54542427, 0x4107525f, 0x0e820619, 0xf1824420, 0x44200e82, 
    0x0e82f183, 0x5f4e4e24, 0x1d820552, 0x54203884, 0x21824585, 0x20831982, 0x1f851982, 0x1f845020, 0x1f855020, 0x0c844220, 0x0c854220, 0x3f844d20, 
    0x2b826a82, 0x0b844c20, 0x1e845620, 0x84855320, 0x84535321, 0x85058513, 0x824c2012, 0x205f8226, 0x20ea824b, 0x83e08207, 0x200e82e9, 0x820e8247, 
    0x854a2006, 0x82ff8415, 0x5f4b240e, 0x8208414b, 0x5f782424, 0x8341784b, 0x4b5f232d, 0x17844148, 0x06854320, 0x15854a20, 0x85545421, 0x4e4e2107, 
    0x0e851685, 0x545f7822, 0x5f233d84, 0x87595f54, 0x87522008, 0x85562008, 0x86542031, 0x8544204f, 0x203f8638, 0x42258550, 0x4b230607, 0x8448505f, 
    0x83782010, 0x84092008, 0x84a1828f, 0x5f782240, 0x20398542, 0x200e864d, 0x200e854d, 0x20068559, 0x2006854c, 0x213e8456, 0x8782565f, 0x5322c584, 
    0x46834148, 0x53535f26, 0x0b414d5f, 0x21054444, 0x1d824d5f, 0x59201587, 0x56201f88, 0x53204185, 0x5f201086, 0x2485ea82, 0x44445f22, 0x53205585, 
    0x0a20e682, 0x5f204384, 0x0a88b083, 0x1e844c20, 0x4b5f4823, 0x209a8448, 0x060d4148, 0x82784821, 0x05784308, 0x18864e20, 0x29854d20, 0x8c827820, 
    0x2e411885, 0x20298205, 0x85218659, 0x861082c0, 0x865f2008, 0x821182c1, 0x41082009, 0x532005c7, 0x4722aa83, 0x3383475f, 0x48200682, 0x4a200e85, 
    0x9a410e85, 0x5f472205, 0x210e8544, 0xd0834844, 0x48200e82, 0x0984f585, 0x4722eb84, 0x8e834e5f, 0x19820682, 0x76640625, 0x85425f47, 0x86422032, 
    0x83422032, 0x20188432, 0x8461854d, 0x5f4722ad, 0x202f8752, 0x2016854c, 0x20068556, 0x203d8453, 0x82558248, 0x484721db, 0x0782e385, 0x1e835920, 
    0x435f4322, 0x06821e83, 0x07835c84, 0x37845f20, 0x2f824320, 0x43206382, 0x06842e82, 0x26845920, 0x4321ac86, 0x226c8748, 0x834b5f4a, 0x5f4a2246, 
    0x24b3834a, 0x4a5f784a, 0x82d78378, 0x4e5f210f, 0x09839684, 0x56200888, 0x11824483, 0x23854820, 0x42594e21, 0x4a21050f, 0x05bf425f, 0x445f4a23, 
    0x204d8544, 0x86068554, 0x854e200d, 0x8542200d, 0x20f48406, 0x2039864a, 0x20f38578, 0x82b4824a, 0x864a20dd, 0x200782e5, 0x206a844d, 0x82268548, 
    0x83432068, 0x2007839f, 0x82188348, 0x82b08408, 0x05be4107, 0x42545421, 0x08840658, 0x09822384, 0x0782f484, 0x0a415622, 0x22054144, 0x83485454, 
    0x82068247, 0x066f4558, 0x11835620, 0x83444421, 0x640922bb, 0x84088476, 0x8409823f, 0x8407823f, 0x4444223f, 0x84238248, 0x200a833f, 0x20368559, 
    0x82b98248, 0x4e4e2148, 0x08847f86, 0x09822484, 0x41444422, 0x08845282, 0xbf844820, 0x4e5f4e23, 0x20bf844e, 0x05c6414e, 0x63841a82, 0x56220782, 
    0xa3820641, 0x844b5f21, 0x4b5f219f, 0x08829f86, 0x11875220, 0x4c835620, 0x11825420, 0x82059148, 0x86482009, 0x5f482211, 0x203d8552, 0x202b8554, 
    0x203d8754, 0x05574154, 0x445f5421, 0x54220526, 0x20854e5f, 0x76414e20, 0x5f542205, 0x200f8550, 0x82408250, 0x210f82c5, 0x9f834c5f, 0x48200882, 
    0x4d205185, 0x4d202085, 0xf6843087, 0x3e425420, 0x82542007, 0x20b6842e, 0x202d8556, 0x202d8553, 0x20678753, 0x20888753, 0x20888653, 0x46198248, 
    0xf78405be, 0x82485421, 0x22408217, 0x83475f44, 0x82068239, 0x821f8288, 0x207f8408, 0x056e4344, 0x0e860682, 0x67834e20, 0x425f4422, 0xd8462d85, 
    0x860f8206, 0x854d201e, 0x8559201e, 0x83562006, 0x834420ca, 0x64092272, 0x42078376, 0x0982054d, 0x19864d20, 0x0f828484, 0x4e20be84, 0x82057c41, 
    0x535f2106, 0x4e204083, 0x82055b43, 0x83482006, 0x424e202e, 0x4e2006e5, 0x8206e542, 0x8285830f, 0x83e48506, 0x87522008, 0x86532011, 0x41482131, 
    0x19827a82, 0x25444820, 0x86098405, 0x8544206c, 0x8244202b, 0x640822f1, 0x20558276, 0x82af845f, 0x85482008, 0x20978234, 0x20098859, 0x86098852, 
    0x854e203e, 0x06c9413e, 0xc9414e20, 0x41068205, 0x08820540, 0x50214586, 0x44118748, 0x4e22057f, 0x8c88425f, 0x56200982, 0x4d20e985, 0xe6414d85, 
    0x86548806, 0x8553201d, 0x5f53257c, 0x0a415454, 0x5321ab83, 0x8429835f, 0x425320b6, 0x4e220519, 0xf283485f, 0x22835020, 0x07831782, 0x5a834820, 
    0x5a830882, 0x27850682, 0x97445020, 0x82502005, 0x640722af, 0x86068276, 0x854d2025, 0x8559202c, 0x854c2006, 0x227e8406, 0x84535f50, 0x5f482259, 
    0x2586834a, 0x5f784850, 0x5384784a, 0x91414820, 0x20e28206, 0x46108554, 0x1082061a, 0x33864e20, 0x18855020, 0x48505f22, 0x3c83b983, 0x8206f946, 
    0x86592023, 0x864c2023, 0x054a4423, 0xff411f82, 0x82422005, 0x82a38270, 0x826e8406, 0x053f4207, 0xb4840882, 0x545f4222, 0x4220a683, 0x8205a342, 
    0x83482006, 0x2107839f, 0x1885565f, 0x06854e20, 0x67834220, 0x415f4221, 0x0783057f, 0x85525f21, 0x22ed8418, 0x834c5f42, 0x4106827f, 0x42200521, 
    0x21050742, 0x8e825f42, 0x76640622, 0x3e840782, 0x845f4821, 0x07bc41d2, 0x52200782, 0x48208e86, 0x4105b343, 0x4d2007cc, 0x4d209685, 0x3e829682, 
    0x36824d20, 0x50200684, 0x4d226483, 0x7b85505f, 0x42434d20, 0x42068205, 0x088305bc, 0x67835220, 0x48200882, 0x0783c683, 0x8405b342, 0x88522009, 
    0x83562013, 0x464d20ba, 0x2e420556, 0x824d2006, 0x20638480, 0x85418556, 0x414d20b8, 0x4d220545, 0x3183485f, 0x87855920, 0x53825920, 0x76640c22, 
    0x8d06534b, 0x2027840c, 0x0584434c, 0xdd850682, 0x17860882, 0x46834720, 0x93414c20, 0x20068205, 0x206b8378, 0x066e424c, 0x48200783, 0x55481085, 
    0x5f4c2305, 0x37864444, 0x17855420, 0xd6845420, 0x48202882, 0x82056641, 0x08412321, 0x06827664, 0x20051141, 0x0591424c, 0x37860682, 0x37854220, 
    0x0e864220, 0x7e854d20, 0x06855920, 0x3b854c20, 0x4b874c20, 0x09415622, 0x56204b83, 0x20061b44, 0x20fb854c, 0x20fb854c, 0x20fb8556, 0x202c8556, 
    0x052d4156, 0x24425620, 0x82562005, 0x64072422, 0x85485376, 0x840783f7, 0x200882d9, 0x83638343, 0x86482007, 0x05654708, 0xd2841182, 0x4e200782, 
    0x0782a283, 0x07864d20, 0x07865920, 0x07864c20, 0x38865620, 0x84485321, 0x82532010, 0x20a68263, 0x82078253, 0x82fc82f3, 0x05d14309, 0x9e820884, 
    0x89820a20, 0x545f5323, 0x881e8254, 0x84da840a, 0x41482220, 0x201f860b, 0x892b8248, 0x8452200b, 0x5f532466, 0x85414e4e, 0x07d64635, 0x50213582, 
    0x46718541, 0x11830661, 0x4d208c87, 0x4d201a86, 0x8205e941, 0x20bf851a, 0x05524753, 0x53230f82, 0x82064153, 0x061a4171, 0x83070b47, 0x845620be, 
    0x064d4bd0, 0x14425320, 0x85b88305, 0x8454202f, 0x07364b90, 0xee861782, 0x38861182, 0x82050d42, 0x060d4219, 0x2d435320, 0x85c38205, 0x85502041, 
    0x20b58341, 0x21818307, 0x17854850, 0x06854220, 0x1e854d20, 0x4506ff42, 0x53200602, 0x8305d841, 0x20b584be, 0x21a38353, 0x384a5f48, 0x83078205, 
    0x4348203a, 0x75860538, 0x31854820, 0xf0824820, 0x4c216582, 0x0555414c, 0x49496d30, 0x6f4c612e, 0x640f676e, 0x70655276, 0x794f5f68, 0x4f0e2007, 
    0x2e240984, 0x0a496d61, 0x0a831e85, 0x298e1320, 0x0d241383, 0x49497664, 0x57823b8b, 0x3b820e88, 0x5e830e83, 0x0a873b82, 0x14221e88, 0x2d8b7664, 
    0x10208e85, 0x33831485, 0x19201085, 0x39881089, 0x7b821985, 0x88456d21, 0x82092013, 0x5f452127, 0x12203783, 0x988c0988, 0xa7894120, 0x0e829883, 
    0x0a869887, 0x58832d88, 0x588c4f20, 0x58884f20, 0x588d0985, 0xf18c5520, 0x84554121, 0x86f1832c, 0x831e880a, 0x06295313, 0xc752138c, 0x28138806, 
    0x52766407, 0x556d5f41, 0x20078608, 0x20108255, 0x84108648, 0x20198307, 0x21108244, 0xf6825276, 0x12835320, 0x82527621, 0x2508882c, 0x612e496d, 
    0x11823130, 0x32200884, 0x33200887, 0x34200887, 0x35200887, 0x36200887, 0x37200887, 0x38200887, 0x39200887, 0x31210886, 0x20088730, 0x87088731, 
    0x87312059, 0x87312059, 0x87312059, 0x87312059, 0x87312059, 0x87312059, 0x87312059, 0x30322159, 0x32215086, 0x87088731, 0x87322059, 0x34322959, 
    0x696e7507, 0x30413030, 0x44200786, 0x422b0785, 0x6d410735, 0x6f726361, 0x8561076e, 0x41062807, 0x76657262, 0x84610665, 0x41072906, 0x6e6f676f, 
    0x61076b65, 0x0a2c0785, 0x746f6443, 0x65636361, 0x630a746e, 0x06230a88, 0x82616344, 0x64062142, 0x44270685, 0x616f7263, 0x85450774, 0x65072150, 
    0x06210785, 0x21518445, 0x06846506, 0x88450a21, 0x650a213d, 0x07210a88, 0x21668545, 0x07856507, 0x85450621, 0x84652051, 0x470a2106, 0x67203389, 
    0xc8840a88, 0x32323122, 0x33290786, 0x69744906, 0x0665646c, 0x21068469, 0x7d854907, 0x86690721, 0x6e752607, 0x32313069, 0x222d8643, 0x85490744, 
    0x69072169, 0x1f840786, 0x85363321, 0x37332a1f, 0x63614c06, 0x06657475, 0x8606846c, 0x86422015, 0x06432207, 0x2198844c, 0x06846c06, 0x824c0421, 
    0x6c042194, 0x06210482, 0x2035854e, 0x21358a6e, 0x35853534, 0x06363423, 0x212e844e, 0x06846e06, 0x864f0721, 0x8b6f2099, 0x453421a1, 0x46302d86, 
    0x75684f0d, 0x7261676e, 0x616c6d75, 0x6f0d7475, 0x06210d8b, 0x21608452, 0x678a7206, 0xbb863520, 0x06373523, 0x21608452, 0x06857206, 0x24845320, 
    0x8b730621, 0x2165862b, 0x6d854635, 0x45413620, 0x33362306, 0x34855406, 0x06857420, 0x69745527, 0x0665646c, 0x21068475, 0xa9875507, 0x06250785, 
    0x65726255, 0x841d8276, 0x55052706, 0x676e6972, 0x05837505, 0x8c550d21, 0x8b7520bb, 0x5507210d, 0x85077141, 0x570b2d07, 0x63726963, 0x6c666d75, 
    0x770b7865, 0x59200b8a, 0x79200b8a, 0x06210b89, 0x21c8845a, 0x06847a06, 0x425a0a21, 0x0a210810, 0x0e1b427a, 0xdd863820, 0xf5414620, 0x42462006, 
    0x322205fc, 0xf5843831, 0x39313222, 0x41200786, 0xdf410786, 0x35322105, 0x42201786, 0x32273785, 0x57063943, 0x82617267, 0x857720e9, 0x84572006, 
    0x7706217a, 0x092b0684, 0x65696457, 0x69736572, 0x87770973, 0x214f8309, 0x3f854531, 0x44220782, 0x38855906, 0x06847920, 0x46201d85, 0x31288584, 
    0x04394645, 0x6f727545, 0x32221483, 0x8a844230, 0xaa840782, 0x31313223, 0x2c178433, 0x09363231, 0x69747365, 0x6574616d, 0x22118464, 0x85363032, 
    0x35312107, 0x39320786, 0x6378650b, 0x2e6d616c, 0x31307373, 0x6d6f630a, 0x0a84616d, 0x65700b26, 0x646f6972, 0x16820b84, 0x6e6f6c22, 0x0e260a84, 
    0x696d6573, 0x0e876f63, 0x75710d22, 0x1c866083, 0x4a850f20, 0x776f6422, 0x13202c85, 0x63234385, 0x82746e65, 0x204b85ea, 0x88318711, 0x640b2625, 
    0x64697669, 0x2b5e8465, 0x6f706112, 0x6f727473, 0x6d656870, 0x0e297c86, 0x746f7571, 0x66656c65, 0x20218474, 0x230e840f, 0x68676972, 0x4f820f85, 
    0x64221e82, 0x21886c62, 0x21841220, 0x24891182, 0x6c650d28, 0x7370696c, 0x42847369, 0xe1840620, 0x610b3226, 0x74756361, 0x0b827784, 0x65726223, 
    0x210b8576, 0x35426110, 0x222f8309, 0x41610e32, 0x0e8407a0, 0x67610b24, 0x2b866172, 0x06450c20, 0x21188406, 0x9a42610c, 0x250c8405, 0x6972610a, 
    0x0a84676e, 0x74610b24, 0xe0856c69, 0x6d274b82, 0x73726570, 0x83646e61, 0x0833241a, 0x836f7774, 0x0a342508, 0x65726874, 0x34247f84, 0x78697308, 
    0x09231384, 0x856e696e, 0x00002312, 0x03820100, 0x03820c20, 0x022a0283, 0x18000800, 0x03001f00, 0x01822200, 0x79000324, 0x0b827a00, 0x7d007d22, 
    0x92280582, 0x03009200, 0x5f025c02, 0x67220582, 0x05826c02, 0x73027322, 0x01201782, 0x0a323882, 0x9e004800, 0x46440300, 0x1400544c, 0x32766564, 
    0x05822200, 0x30006124, 0x1d820400, 0xffff0028, 0x00000200, 0x0d8a0300, 0x0b820120, 0x022a1b89, 0x06000500, 0x6d766261, 0x05842600, 0x05842e20, 
    0x6c623626, 0x3e006d77, 0x46200584, 0x4e200584, 0x02204582, 0x01200382, 0x02200794, 0x00226182, 0x01820200, 0x1f840320, 0x04260f83, 0x12000a00, 
    0xcd821a00, 0x01226d83, 0x77822000, 0x01000024, 0x07858e04, 0x85ca0821, 0x440d2f07, 0x50110100, 0x01007011, 0x46000c00, 0x22820e00, 0x0382a620, 
    0x0392a020, 0x1b86ac20, 0x23911f83, 0x7801b228, 0x84017e01, 0x01828a01, 0x01902a08, 0x01960190, 0x01a2019c, 0x01ae01a8, 0x01ba01b4, 0x01c601c0, 
    0x01d201cc, 0x01de01d8, 0x01ea01e4, 0x01f601f0, 0x020202fc, 0x83198208, 0x200f8311, 0x221f8ac6, 0x920202f6, 0x23318433, 0x14020e02, 0x4b894d82, 
    0x1a2a1583, 0xa8011a02, 0x26022002, 0x01822c02, 0x3802322e, 0x44023e02, 0x50024a02, 0x5c025602, 0x62360182, 0x6e026802, 0x7a027402, 0x86028002, 
    0xd8018c02, 0xc6019202, 0x01829802, 0x9e028c2c, 0xaa02a402, 0xb602b002, 0x0182bc02, 0xc802c226, 0xd402ce02, 0xda360182, 0xda02e002, 0xec02e602, 
    0xea01f202, 0xfe02f802, 0x0a030403, 0x01821003, 0x1c031622, 0x222e0182, 0x2e032803, 0x3a033403, 0x46034003, 0x01824c03, 0x58035232, 0x64035e03, 
    0x70036a03, 0x7c037603, 0x88038203, 0xce245582, 0x94038e03, 0x9a2c0182, 0xa603a003, 0xb203ac03, 0xbe03b803, 0xc4260182, 0xca03a402, 0x0182d003, 
    0xd603d626, 0xe203dc03, 0xe8220182, 0x0182ee03, 0xfa03f431, 0x06040004, 0x12040c04, 0x1e041804, 0x82021e04, 0x24042900, 0x01002a04, 0xe402a6ff, 
    0xa5200582, 0xa1200584, 0x01210583, 0x2005845f, 0x20058467, 0x820583e9, 0x212382ef, 0x1184bd02, 0x11849820, 0x0583c320, 0x3b840420, 0x84ac0421, 
    0x038a2617, 0x020100b0, 0x210583f1, 0x0b848903, 0x17842d20, 0x2f84d720, 0x0b848220, 0x0584df20, 0x05849220, 0x0584d320, 0x0584f120, 0x2384fa20, 
    0x0b843120, 0x0b84c720, 0x0b84cd20, 0x0b84d920, 0x0584ff20, 0x05846f20, 0x77847c20, 0x0b84fc20, 0x0b849120, 0x0584c820, 0x0584e320, 0x0583e420, 
    0x839b0521, 0xae062105, 0xaf200584, 0x08210583, 0x200583fb, 0x21898403, 0x2984ab04, 0x05843e20, 0x05845820, 0x1d840720, 0x04213b84, 0x20118423, 
    0x847d849a, 0xe5012111, 0xeb200b84, 0x99200584, 0xd4200584, 0xe7200584, 0x05202984, 0xc4203b84, 0x02200b84, 0x26200584, 0xac201184, 0x9c208984, 
    0x97200b84, 0x49201784, 0x3220b384, 0x65841184, 0x84b80121, 0x27358411, 0xbc020202, 0xf2020100, 0x2d202984, 0x8f200584, 0xd8202984, 0xc5200584, 
    0x1d840584, 0x84e90321, 0x8422201d, 0x84ef205f, 0x84c82017, 0x84532005, 0x84062005, 0x84a82005, 0x84342023, 0x84c02005, 0x84ee2005, 0x849d202f, 
    0x849b201d, 0x845f2011, 0x84df2005, 0x84042005, 0x84d72005, 0x84d0201d, 0x05254195, 0x1784c220, 0x05847420, 0x05848620, 0x05848b20, 0x4d84a520, 
    0x05836220, 0x29850620, 0x17843120, 0x41845720, 0x0b842820, 0x05844720, 0x0584be20, 0x1784e620, 0x0584ad20, 0x05845b20, 0x05845e20, 0x05840e20, 
    0x23849e20, 0x0b843520, 0x0b84ea20, 0x05840120, 0x05844520, 0x8f84d220, 0x05845a20, 0x05845920, 0x05832a20, 0x84c90121, 0x21d78405, 0x0b835502, 
    0x0e620e2f, 0x0001006c, 0x001a000c, 0x03000003, 0x220387a2, 0x4303c901, 0xac240929, 0xb803ac03, 0xb2210184, 0x20018503, 0x221182be, 0x84c403a6, 
    0x829a2005, 0x849a2029, 0x82ac201d, 0x82a6201d, 0x84b8200d, 0x84b22003, 0x220b8313, 0x82a603a0, 0x82b2200b, 0x849a201d, 0x07814303, 0xa0205785, 
    0x1f831b86, 0x37835789, 0x77835983, 0x3f82ac20, 0x25829a20, 0xbe039a22, 0xb8203f82, 0x51857582, 0xca03ac22, 0xd0200182, 0xd6240382, 0xd603dc03, 
    0xe2221782, 0xb943e803, 0x20138205, 0x831d84fa, 0x03ca2221, 0x201d82e2, 0x201982d6, 0x200982fa, 0x200b82e8, 0x262782e2, 0x030004dc, 0x82f403fa, 
    0x03e82401, 0x840604e8, 0x82fa202d, 0x82fa2011, 0x8ae22023, 0x04dc220d, 0x210d830c, 0x07821204, 0x2782d020, 0x1804dc22, 0x05820982, 0x41820320, 
    0x1f834382, 0x04230984, 0x821e040c, 0x820c2003, 0x840f828b, 0x86002033, 0x82e8204b, 0x82538265, 0x8212201f, 0x030c2235, 0x203782e2, 0x842788e2, 
    0x067b4409, 0xe182b220, 0x0382dc20, 0x0f82b220, 0xb2200b83, 0x13866b82, 0x03823d83, 0xc7820c20, 0x04233182, 0x82240400, 0x032422b7, 0x834b82f4, 
    0x87ac20e5, 0x0604237f, 0x1b822404, 0x0582fa20, 0xd0030022, 0xbd829385, 0x18040024, 0xfb82d003, 0x3982dc20, 0x9a030c22, 0xbe200182, 0xbe206782, 
    0xc422a182, 0x0582c403, 0xac03b822, 0xd7850782, 0x5d82c984, 0x3982cb82, 0x31821220, 0x5d820620, 0x93821820, 0x5184f420, 0x55821e20, 0x79824f82, 
    0xe782d620, 0x1b82f420, 0xf9840c20, 0x8d82ca20, 0x11831820, 0xca22e584, 0x0f820604, 0xa0031228, 0x1204b803, 0x2182fa03, 0x93821220, 0x07835b84, 
    0xd6208b82, 0xee205182, 0xd620cf82, 0xc3837f82, 0xfa03ee22, 0x6f821583, 0xab820020, 0x6582ca20, 0x1e042422, 0x00203982, 0x00200982, 0x71825383, 
    0xcb84f420, 0x65820020, 0x3d82dc20, 0x5582ca20, 0x03201d82, 0x0c200783, 0xd0201d82, 0x85820382, 0x82e20321, 0x85ca20ed, 0x2029821f, 0x223386ca, 
    0x82a603a0, 0x82062045, 0x84fa2071, 0x83b58355, 0x82ee2049, 0x820020eb, 0x42518439, 0x13820603, 0xee20c984, 0x93826185, 0xbe031222, 0xb820e584, 
    0x1e204382, 0x61846784, 0x82b80321, 0x0424226d, 0x20e78224, 0x220382d0, 0x82be03a0, 0x84be20bb, 0x4115828b, 0x12200885, 0x6f828382, 0x82e80321, 
    0x84e2207d, 0x04d022cf, 0x22ed820c, 0x82f403dc, 0x83bf85e3, 0x20bd83c1, 0x82cf83dc, 0x829a207d, 0x82dc20c1, 0x039a364f, 0x00ee039a, 0x02000001, 
    0x020100e4, 0x00c50238, 0x024d0301, 0x220b82c0, 0x82c202a7, 0x026f2805, 0x010100c4, 0x82c702c8, 0x02de220b, 0x201d82c1, 0x351d8316, 0xc602ff01, 
    0xd3040100, 0x0100b802, 0xb3022106, 0xb2050100, 0x1182b402, 0xb9029b22, 0x0b200b82, 0xc8221784, 0x0b82af02, 0xb7024222, 0x91222382, 0x0b82b002, 
    0xb5027922, 0x63222382, 0x0b82ba02, 0x2f84e920, 0xbc022c22, 0xbc225382, 0x2382bd02, 0xb1025822, 0xf4200b82, 0x85281184, 0x0100be02, 0x5a0a500a, 
    0x0c289b82, 0x06002600, 0x3a010000, 0x30080394, 0x0126018f, 0x0132012c, 0x013e0138, 0x014a0144, 0x01560150, 0x0162015c, 0x016e0168, 0x017a0174, 
    0x01860180, 0x0192018c, 0x019e0198, 0x01aa01a4, 0x341f82b0, 0x01bc01b6, 0x01c801c2, 0x01d401ce, 0x01e001da, 0x01ec01e6, 0x080182f2, 0xfe01f83a, 
    0x0a020402, 0x16021002, 0x22021c02, 0x2e022802, 0x3a023402, 0x46024002, 0x52024c02, 0x5e025802, 0x6a026402, 0x76027002, 0x82027c02, 0x8e028802, 
    0x9a029402, 0xa602a002, 0xac2a3982, 0xb802b202, 0xc402be02, 0x0382ca02, 0xd602d036, 0xe202dc02, 0xee02e802, 0xfa02f402, 0x06030003, 0x12030c03, 
    0x46080182, 0x031e0318, 0x032a0324, 0x03360330, 0x0342033c, 0x034e0348, 0x035a0354, 0x03660360, 0x0372036c, 0x037e0378, 0x038a0384, 0x03960390, 
    0x03a2039c, 0x03ae03a8, 0x03ba03b4, 0x03c603c0, 0x03d203cc, 0x03de03d8, 0x82ea03e4, 0xf02c0807, 0xfc03f603, 0x08040204, 0x14040e04, 0x20041a04, 
    0x2c042604, 0x38043204, 0x44043e04, 0x50044a04, 0x01005604, 0x0000a6ff, 0x2d020100, 0x01290583, 0x008fff82, 0xffe00101, 0x220582b6, 0x82bdff9f, 
    0xff9a2205, 0x220582c5, 0x828eff81, 0xffbd2205, 0x2229829e, 0x82e5ff1d, 0x83312005, 0xce02232f, 0x1782d1ff, 0x37ff8228, 0xfc020100, 0x0582e9ff, 
    0x7bff2d22, 0x81221182, 0x0582c6fe, 0xd7febd22, 0x31211182, 0x230b82ff, 0xd8ff2d02, 0x2e202984, 0x57205f84, 0x64205f84, 0x60205f84, 0x17835f84, 
    0x3dffbd22, 0xce205f84, 0xce220582, 0x2f8411ff, 0x59841a20, 0x05828820, 0x71846f20, 0x05837c20, 0x85fc0421, 0x216b8305, 0xa7836b04, 0x84910221, 
    0x83ec2011, 0xe304219b, 0xe4200b84, 0x05217783, 0x21a1839b, 0x23836c06, 0x835d0621, 0xfb0821c5, 0x03211183, 0x202984fb, 0x200b84ac, 0x27ef839b, 
    0x99fe3004, 0x58040100, 0x03213b83, 0x212f83c6, 0x2f839303, 0x83470421, 0xf7032129, 0x01232383, 0x82b4fea3, 0xfea42795, 0x020100b5, 0xef82fe2d, 
    0x849a0121, 0xfe29220b, 0x20f584f2, 0x20058461, 0x22058269, 0x82c7fef1, 0xfeb62205, 0x2029826a, 0x210b8321, 0x5384c403, 0xc5ffcd26, 0xb0030100, 
    0x03235983, 0x829efff1, 0x84ac200b, 0xffac2671, 0x030100d8, 0x210b8397, 0x95834a04, 0xff470223, 0x203b8217, 0x20658347, 0x22838403, 0x82ffff01, 
    0x1602237d, 0x178203ff, 0xe7fe1622, 0xf2220582, 0x0582d5fe, 0x0fff0e26, 0x2d040100, 0x03213b83, 0x21a783ee, 0x6b849703, 0xbf847320, 0xe9841620, 
    0xceff1626, 0xfe030100, 0x22202984, 0x05212983, 0x222384ae, 0x8237ff72, 0x84122017, 0x840f200b, 0x83a8209b, 0x3604211d, 0x04218383, 0x2117837e, 
    0x1184ee04, 0xcdffee26, 0x9e050100, 0x03211783, 0x205384be, 0x2023845e, 0x200584e0, 0x20118428, 0x201d84d7, 0x21538379, 0x05835402, 0x84c20421, 
    0x8432203b, 0x842e2047, 0x84f7205f, 0x83502095, 0xae0421fb, 0xae203584, 0x04219b83, 0x212983a5, 0x41836305, 0x83590621, 0xda032123, 0x58204184, 
    0x02211183, 0x200b84d2, 0x224d8447, 0x827bff47, 0xffdf26f5, 0x040100ab, 0x20ef841c, 0x205f84c5, 0x207d84e7, 0x272383ad, 0xd8ffad03, 0x1b030100, 
    0x05821783, 0x0b826420, 0xe9fe9f22, 0x17200582, 0x17228384, 0x0b825bff, 0x29839e20, 0x85350421, 0x202f8405, 0x204784a9, 0x20958425, 0x20178445, 
    0x235383d2, 0xccfeb901, 0x21262f82, 0x010067ff, 0x0b83cf01, 0x83ac0121, 0xfa062205, 0x2a658205, 0x12000c00, 0x00000100, 0x44002601, 0x2c200b6d, 
    0x280c6f44, 0x01680126, 0x0150016e, 0x0c754426, 0x11824a20, 0x21097944, 0x794401b6, 0x0d7b4409, 0x222d7944, 0x44da017c, 0x7f44067d, 0x02942205, 
    0x210182a0, 0x814402a6, 0x02ca240b, 0x44d602d0, 0x85441283, 0x17834405, 0x440f8544, 0x8a220987, 0x8b44a203, 0x0b8d4410, 0xf603f024, 0x6d44fc03, 
    0xff79280e, 0x010100ee, 0x821700d8, 0x00972205, 0x2205821c, 0x82240092, 0xffb52205, 0x0e6744fe, 0x2c00c422, 0x78221782, 0x178293ff, 0x4500f228, 
    0x79010100, 0x298426ff, 0x0b843620, 0x05828d20, 0xb7ffd822, 0x97220582, 0x0582c4ff, 0xbfff9222, 0x8e201784, 0x9d202384, 0xc4223582, 0x41846eff, 
    0x0b827720, 0xe5fff222, 0x20144f44, 0x44838362, 0x00251349, 0x05010000, 0x21838391, 0x23836406, 0x83550621, 0xf10821b9, 0x49441183, 0x84a12006, 
    0x8393200b, 0x0c4944cb, 0x2f83bd20, 0x838a0321, 0x0649442f, 0xef84ef20, 0x13ff9a22, 0x9b228f82, 0x494414ff, 0x84922008, 0x0549440b, 0xc1fe7922, 
    0x79221d82, 0x4944c9fe, 0xfead2208, 0x084944ca, 0x5384bb20, 0x2400c426, 0xa7030100, 0x03235983, 0x44feffe8, 0x43440849, 0x83402005, 0x0543448f, 
    0x44123d44, 0xe5201137, 0x03219583, 0x2059848e, 0x22ad846a, 0x44e5ff16, 0xa6200e31, 0x67221d84, 0x178293ff, 0x0b840920, 0x83840620, 0x20053144, 
    0x2171832b, 0x17837604, 0x21053144, 0x11839305, 0x20062b44, 0x201d8454, 0x440584d6, 0xcd20052b, 0x6f201d84, 0x02214d83, 0x4405834a, 0x2a20062b, 
    0x26204184, 0xef205984, 0x48208984, 0x2b44dd83, 0x05254406, 0x3b835820, 0x84510621, 0x84d020fb, 0x844e203b, 0x84c720ef, 0x00472c0b, 0x02010000, 
    0x00f9ffdf, 0x84130401, 0x84bc20d7, 0x84dd2053, 0x051f4471, 0xbf841220, 0xc4ff1222, 0x20081944, 0x2271840e, 0x44bcff0e, 0x03210d19, 0x443b84a1, 
    0xc8200b13, 0x01234783, 0x4428ffaf, 0xc5200813, 0x01350b83, 0x0027ffa2, 0x000e0001, 0x001f001e, 0x00790022, 0x0292007a, 0x0c25725c, 0x1f827320, 
    0x0600b222, 0x241ad76f, 0x00280024, 0x08ab6f2a, 0x3900352e, 0x3f003e00, 0x45004400, 0x4c004800, 0x2006856f, 0x08736f54, 0x00616208, 0x0070006a, 
    0x00990095, 0x009f009b, 0x00a100a0, 0x00a600a2, 0x00af00aa, 0x00b500b4, 0x00ba00b6, 0x00c500bf, 0x00c700c6, 0x00cc00c8, 0x00da00d5, 0x00e200e1, 
    0x00e800e6, 0x00f200ee, 0x00f400f3, 0x010201f9, 0x01060103, 0x01240118, 0x012c012b, 0x013a0132, 0x013d013b, 0x014b0148, 0x014e014c, 0x0611754f, 
    0x56015522, 0x280a0d75, 0x01630161, 0x01710170, 0x0ad37476, 0x86018528, 0x8a018801, 0xbf749001, 0x05b17406, 0x01a82608, 0x01b201a9, 0x01b601b5, 
    0x01bc01b7, 0x01c401bf, 0x01ca01c9, 0x01d401cc, 0x01e401dc, 0x01f401e7, 0x01fc01f8, 0x081374fd, 0x0b020a38, 0x12020d02, 0x17021502, 0x1c021a02, 
    0x1e021d02, 0x21022002, 0xe9732602, 0x022d3a06, 0x022f022e, 0x02360231, 0x023d023c, 0x02480241, 0x0251024c, 0x02580254, 0x0a737359, 0x02007b32, 
    0x5d020100, 0x00005f02, 0x06000200, 0x4f002400, 0x953c0982, 0x2c00ba00, 0x0501e100, 0x07015200, 0x7700b201, 0xfd01b401, 0xff012301, 0x6d015a02, 
    0x01242782, 0x1d001800, 0x01222782, 0x31828f00, 0x410f8741, 0x73410d85, 0xb363411b, 0x22055b75, 0x41270226, 0x57261e67, 0x59025802, 0x01820100, 
    0x03827d20, 0x0a000026, 0xce029600, 0x280c0355, 0x7665643c, 0x00640061, 0x06035504, 0x07820f20, 0x0600033a, 0x0c000900, 0x12000f00, 0x18001500, 
    0x1d001b00, 0x23002000, 0x29002600, 0x0120278a, 0x07200b82, 0x0d345182, 0x13001000, 0x19001600, 0x1e001c00, 0x24002100, 0x2a002700, 0x0238278a, 
    0x08000500, 0x0e000b00, 0x14001100, 0x1a001700, 0x22001f00, 0x28002500, 0x2505e972, 0x73766261, 0x05841001, 0x05841a20, 0x6b612426, 0x2e016e68, 
    0x36200584, 0x3e260584, 0x66776c62, 0x05844401, 0x05844a20, 0x05825020, 0x56017322, 0x5c200584, 0x62260584, 0x666c6168, 0x05846801, 0x05847020, 
    0x05827820, 0x7e016e22, 0x84200584, 0x8a260584, 0x746b756e, 0x05849001, 0x05849620, 0x72709c26, 0xa2017365, 0xaa200584, 0xb2260584, 0x73747370, 
    0x0584ba01, 0x0584c020, 0x6b72c626, 0xcc016672, 0xd2260584, 0x66687072, 0x0584d801, 0x0584de20, 0x7373e426, 0xea013130, 0xf0200584, 0xf6200584, 
    0x32220582, 0x0583fc01, 0x84020221, 0x82082005, 0x02332205, 0x2005840e, 0x20058414, 0x2205821a, 0x84200234, 0x84262005, 0x762c2a05, 0x02757461, 
    0x00000032, 0x063b7403, 0x02270995, 0x02000100, 0x87000000, 0x82012007, 0x8200200f, 0x82052003, 0x00012113, 0x06200585, 0x11200b84, 0x0224058e, 
    0x08000700, 0x07871382, 0x0f820120, 0x01000024, 0x13821300, 0x1082058d, 0x00205584, 0x02240586, 0x0b000a00, 0x078d3984, 0x12000122, 0x058d1582, 
    0x11840420, 0x03200585, 0x05860b84, 0x00081e27, 0x1e140001, 0x21058302, 0x0b84fc1d, 0x05821e20, 0x181e1522, 0x12200584, 0x2a200584, 0x16220582, 
    0x0584241e, 0x16221d83, 0x0b82221e, 0x1c1e1722, 0x16200584, 0x53840583, 0x00096b08, 0x006a0034, 0x007a0072, 0x008a0082, 0x009a0092, 0x00aa00a2, 
    0x00ba00b2, 0x01f800c2, 0x010e0106, 0x011e0116, 0x012e0126, 0x013e0136, 0x014e0146, 0x015e0156, 0x016e0166, 0x017e0176, 0x018e0186, 0x019e0196, 
    0x01ae01a6, 0x01be01b6, 0x01ce01c6, 0x01de01d6, 0x01ee01e6, 0x02fe01f6, 0x020e0206, 0x021e0216, 0x022e0226, 0xcb840036, 0x85d40121, 0x32022307, 
    0x81830600, 0x864c0221, 0x8658200f, 0x85622007, 0x74042107, 0x7e200786, 0x88200786, 0x06200785, 0x08210f86, 0x210f8544, 0x4784d20b, 0x18183008, 
    0x19f418e2, 0x19181906, 0x193c192a, 0x1960194e, 0x19841972, 0x19a81996, 0x19cc19ba, 0x1af019de, 0x1a141a02, 0x1a381a26, 0x1a5c1a4a, 0x84801a6e, 
    0x85042035, 0x921a230b, 0x8b830100, 0x84961a21, 0x1a012215, 0x215b859c, 0x0f85aa1a, 0x856e1b21, 0x7a1b210f, 0xc0200f86, 0xca200f86, 0x1c213785, 
    0x20078680, 0x200786a0, 0x200786b6, 0x212785b8, 0x0f86be1c, 0x0786c820, 0x0786c620, 0x0786c420, 0x0786c220, 0x0786c020, 0xbc202f87, 0xba200f86, 
    0xa7844f88, 0x5f871c20, 0x1786b420, 0x0786b220, 0x0786b020, 0x0786ae20, 0x0786ac20, 0x0786aa20, 0x0786a820, 0x0786a620, 0x0786a420, 0xbf8ea220, 
    0x0f869e20, 0x07869c20, 0x0f969a20, 0x01009836, 0x0800a61c, 0x20001600, 0x34002a00, 0x48003e00, 0x5c005200, 0x04202d82, 0x02220982, 0x09847e00, 
    0x87004921, 0x884a2009, 0x884b2009, 0x884c2009, 0x884d2009, 0x884e2009, 0x854f2009, 0x541c2109, 0x0a200782, 0x012a6782, 0x46000400, 0x7d000300, 
    0x5b844200, 0x0b844720, 0x05822d20, 0x02000026, 0x401c3a1c, 0x46209182, 0x00221982, 0x09821800, 0x09822620, 0x27840820, 0x3f829220, 0x11847d20, 
    0xa1822620, 0x005e4808, 0x0076006a, 0x008e0082, 0x00a6009a, 0x00be00b2, 0x00d600ca, 0x00ee00e2, 0x010601fa, 0x011e0112, 0x0136012a, 0x014e0142, 
    0x0166015a, 0x017e0172, 0x0196018a, 0x01ae01a2, 0x01c601ba, 0x01de01d2, 0x02f601ea, 0x840e0202, 0x8495205b, 0x843e2083, 0x8a96200b, 0x8a97200b, 
    0x8a98200b, 0x8a99200b, 0x8a9a200b, 0x8a9b200b, 0x8a9c200b, 0x8a9d200b, 0x8a9e200b, 0x8a9f200b, 0x8aa0200b, 0x8aa1200b, 0x8aa2200b, 0x8aa3200b, 
    0x8aa4200b, 0x8aa5200b, 0x8aa6200b, 0x8aa7200b, 0x8aa8200b, 0x8aa9200b, 0x8aaa200b, 0x8aab200b, 0x8aac200b, 0x8aad200b, 0x8aae200b, 0x8aaf200b, 
    0x8ab0200b, 0x8ab1200b, 0x8ab2200b, 0x8ab3200b, 0x8ab4200b, 0x8ab5200b, 0x8ab6200b, 0x8ab7200b, 0x8ab8200b, 0x8ab9200b, 0x87ba200b, 0x001a210b, 
    0x28082b42, 0x00020094, 0x1901003e, 0x08118ce8, 0x01007d5a, 0x2a00041a, 0x64005a00, 0x78006e00, 0x8c008200, 0xa0009600, 0xb400aa00, 0xc800be00, 
    0xdc00d200, 0xf000e600, 0x0401fa00, 0x18010e01, 0x2c012201, 0x40013601, 0x54014a01, 0x68015e01, 0x7c017201, 0x90018601, 0xa4019a01, 0xb801ae01, 
    0xcc01c201, 0xe001d601, 0xf401ea01, 0x04226782, 0xa1425000, 0x04002305, 0x09885100, 0x09885220, 0x09885320, 0x09885420, 0x09885520, 0x09885620, 
    0x09885720, 0x09885820, 0x09885920, 0x09885a20, 0x09885b20, 0x09885c20, 0x09885d20, 0x09885e20, 0x09885f20, 0x09886020, 0x09886120, 0x09886220, 
    0x09886320, 0x09886420, 0x09886520, 0x09886620, 0x09886720, 0x09886820, 0x09886920, 0x09889320, 0x09886b20, 0x09886c20, 0x09886d20, 0x09886e20, 
    0x09886f20, 0x09887020, 0x09887120, 0x09887220, 0x09887320, 0x09887420, 0x09887520, 0x09887620, 0x09887720, 0x958f7820, 0x16185508, 0x52002600, 
    0x66005c00, 0x7a007000, 0x8e008400, 0xa2009800, 0xb600ac00, 0xca00c000, 0xde00d400, 0xf200e800, 0x0601fc00, 0x1a011001, 0x2e012401, 0x42013801, 
    0x56014c01, 0x6a016001, 0x7e017401, 0x92018801, 0xa6019c01, 0xba01b001, 0x0100c401, 0xbb000400, 0xbc206588, 0xbd200988, 0xbe200988, 0xbf200988, 
    0xc0200988, 0xc1200988, 0xc2200988, 0xc3200988, 0xc4200988, 0xc5200988, 0xc6200988, 0xc7200988, 0xc8200988, 0xc9200988, 0xca200988, 0xcb200988, 
    0xcc200988, 0xcd200988, 0xce200988, 0xcf200988, 0xd0200988, 0xd1200988, 0xd2200988, 0xd3200988, 0xd4200988, 0xd5200988, 0xd6200988, 0xd7200988, 
    0xd8200988, 0xd9200988, 0xda200988, 0xdb200988, 0xdc200988, 0xdd200988, 0xde200988, 0xdf200988, 0xe0200988, 0xa1080985, 0x4c005216, 0xa8009e00, 
    0xbc00b200, 0xd000c600, 0xe400da00, 0xf800ee00, 0x0c010201, 0x20011601, 0x34012a01, 0x48013e01, 0x5c015201, 0x70016601, 0x84017a01, 0x98018e01, 
    0xac01a201, 0xc001b601, 0xd401ca01, 0xe801de01, 0xfc01f201, 0x10020602, 0x24021a02, 0x38022e02, 0x4c024202, 0x60025602, 0x74026a02, 0x88027e02, 
    0x9c029202, 0xb002a602, 0xc402ba02, 0xd802ce02, 0xec02e202, 0x0003f602, 0x14030a03, 0x28031e03, 0x3c033203, 0x50034603, 0x64035a03, 0x78036e03, 
    0x8c038203, 0x04000100, 0xa7829500, 0x09849420, 0x09889620, 0x09889720, 0x09889820, 0x09889920, 0x09889a20, 0x09889b20, 0x09889c20, 0x09889d20, 
    0x09889e20, 0x09889f20, 0x0988a020, 0x0988a120, 0x0988a220, 0x0988a320, 0x0988a420, 0x0988a520, 0x0988a620, 0x0988a720, 0x0988a820, 0x0988a920, 
    0x0988aa20, 0x0988ab20, 0x0988ac20, 0x0988ad20, 0x0988ae20, 0x0988af20, 0x0988b020, 0x0988b120, 0x0988b220, 0x0988b320, 0x0988b420, 0x0988b520, 
    0x0988b620, 0x0988b720, 0x0988b820, 0x0988b920, 0x0988ba20, 0x0988bb20, 0x0988bc20, 0x0988bd20, 0x0988be20, 0x0988bf20, 0x0988c020, 0x0988c120, 
    0x0988c220, 0x0988c320, 0x0988c420, 0x0988c520, 0x0988c620, 0x0988c720, 0x0988c820, 0x0988c920, 0x0988ca20, 0x0988cb20, 0x0988cc20, 0x0988cd20, 
    0x0988ce20, 0x0988cf20, 0x0988d020, 0x0988d120, 0x0988d220, 0x0988d320, 0x0988d420, 0x0988d520, 0x0988d620, 0x0988d720, 0x0988d820, 0x0988d920, 
    0x0988da20, 0x0988db20, 0x0988dc20, 0x0988dd20, 0x0988de20, 0x0988df20, 0x0985e020, 0xea129908, 0x5c002b00, 0x8a015001, 0x3e022402, 0x7c027202, 
    0x1403fa02, 0x58033603, 0x94037203, 0xf003ae03, 0xf004d604, 0x7e055205, 0x3407d006, 0x16087e07, 0xd8083808, 0xcc09ea08, 0x580af609, 0xc80bfc0a, 
    0x040cfa0b, 0x320c280c, 0x960c640c, 0xca0ca80c, 0xfa0cf00c, 0x0e0d040d, 0x3a001c00, 0x4c004400, 0x5c005400, 0x6c006400, 0x7c007400, 0x88008200, 
    0x94008e00, 0xa0009a00, 0xac00a600, 0xb800b200, 0xc400be00, 0xd000ca00, 0xdc00d600, 0xe800e200, 0x0601ee00, 0x6f000400, 0x3f2a3382, 0x0300ea00, 
    0x3d005f00, 0x0784ec00, 0xfb004022, 0x6c240782, 0x02013d00, 0x6f240782, 0x03012e00, 0x30220784, 0x07840401, 0x05013322, 0xa9220784, 0xdd82e100, 
    0xe3002422, 0x25220582, 0x0582e400, 0xe5002922, 0x2b220582, 0x0582e600, 0xe7002e22, 0x32200582, 0x02246982, 0xed003300, 0x34220b82, 0x0582ee00, 
    0xef003522, 0x37220582, 0x0582f000, 0xf2003828, 0x39000200, 0x0582f600, 0xf8003c22, 0x3d220582, 0x0582f900, 0xfa003f22, 0x40220582, 0x0582fc00, 
    0x01014122, 0x43220582, 0x0582eb00, 0xf100a422, 0xa9260582, 0x10000700, 0xf9821600, 0x28002228, 0x34002e00, 0x15820701, 0x08012522, 0x33220582, 
    0x05820a01, 0x0b013722, 0x3c220582, 0x05820d01, 0x0f013d22, 0x40220582, 0x05821101, 0x12004124, 0x31822600, 0x3e003634, 0x4c004600, 0x58005200, 
    0x64005e00, 0x70006a00, 0x37417600, 0x1a012109, 0x6220df82, 0x1b20ff82, 0x40220784, 0x07821d01, 0x0f826320, 0x07822020, 0x07826720, 0x4b821420, 
    0x15012622, 0x27220582, 0x05821601, 0x17012b22, 0x32220582, 0x05821801, 0x19013522, 0x36220582, 0x87841c01, 0x05821e20, 0x1f013a22, 0x3b220582, 
    0x93842101, 0x93842220, 0x05822420, 0x25013f22, 0x26209984, 0x0328df84, 0x0e000800, 0x27011400, 0x28203784, 0x29202b84, 0x3d220582, 0x17820600, 
    0x0121ed88, 0x2483822c, 0x01400056, 0x221b822a, 0x822b0129, 0x012a2205, 0x2033842d, 0x2033842e, 0x2433842f, 0x01040001, 0x08098430, 0x20000f20, 
    0x30002800, 0x3c003600, 0x48004200, 0x54004e00, 0x60005a00, 0x6c006600, 0x78007200, 0x4f823601, 0xd3825720, 0x07843720, 0x32014022, 0x24223582, 
    0xd5843301, 0x05823820, 0x3a012c22, 0x2e220582, 0x05823b01, 0x3c013022, 0x33220582, 0xe7843d01, 0x75843e20, 0xe1843f20, 0x7b844020, 0xdb844120, 
    0xd5844320, 0x05823520, 0x53824720, 0xd5840820, 0x2b844420, 0x25844520, 0x97844620, 0x0a000422, 0x2105c541, 0xc9844701, 0xc9844820, 0x77844920, 
    0x05824a20, 0x89004121, 0x844b2021, 0x824c2081, 0x012f2205, 0x2063844d, 0x2005824e, 0x205d8840, 0x2019844f, 0x20198450, 0x89198451, 0x8452203b, 
    0x825320b7, 0x01312205, 0x20218454, 0x203b8c55, 0x20198456, 0x20198457, 0x2a198458, 0x00120008, 0x001e0018, 0x412a0024, 0x01210537, 0x207f8459, 
    0x2065845a, 0x204f845b, 0x2035845c, 0x2205825d, 0x845e0132, 0x845f20d5, 0x84602041, 0x001a2141, 0x08056142, 0x56004e2e, 0x66005e00, 0x76006e00, 
    0x86007e00, 0x92008c00, 0x9e009800, 0xaa00a400, 0xb600b000, 0xc200bc00, 0xce00c800, 0xda00d400, 0x6201e000, 0x5024cf82, 0x64013d00, 0x40220784, 
    0x07826901, 0x0f825f20, 0x07846a20, 0x6d014022, 0x20068542, 0x24078270, 0x013f0064, 0x20078273, 0x201f8268, 0x24078279, 0x0137006f, 0x2207847a, 
    0x847b013d, 0x01402807, 0x00020061, 0x82660124, 0x01252205, 0x22058268, 0x826b0133, 0x01342205, 0x2205826c, 0x826e0137, 0x01382205, 0x22058271, 
    0x84720139, 0x847420c1, 0x827620c1, 0x013f2205, 0x22058277, 0x82780140, 0x01432205, 0x22058265, 0x82630146, 0x01952205, 0x22058267, 0x826f0196, 
    0x41a92005, 0x7c20087d, 0x7d204f84, 0x7e203d84, 0x0c3aff84, 0x20001a00, 0x2c002600, 0x38003200, 0x44003e00, 0x50004a00, 0x5c005600, 0x1f827f01, 
    0x81012622, 0x27280582, 0x02008201, 0x83013500, 0x36220582, 0x43848401, 0x05828520, 0x87013a22, 0x3b220582, 0x93848801, 0x55848920, 0x8d848a20, 
    0x05828020, 0x86019722, 0xab260582, 0x0c000500, 0x65851400, 0x418c0121, 0x8b200617, 0x8d204384, 0x8e203784, 0x8f203784, 0x263e8d84, 0x58004e00, 
    0x68006000, 0x78007000, 0x88008000, 0x98009000, 0xa800a000, 0xb800b000, 0x8141c000, 0x00290809, 0x00ec00e6, 0x00f800f2, 0x010401fe, 0x0110010a, 
    0x011c0116, 0x01280122, 0x0134012e, 0x0140013a, 0x014c0146, 0x000400b3, 0x224b826f, 0x8291013d, 0x00502477, 0x82970143, 0x005f2407, 0x8499013d, 
    0x01432207, 0x2007829b, 0x200f8260, 0x2207849c, 0x829f0140, 0x00612407, 0x82a10140, 0x82622007, 0x84a32017, 0x01402207, 0x20b786a5, 0x065544ab, 
    0x0784ac20, 0xae014022, 0x2006d741, 0x240782b2, 0x012e006f, 0x220784b4, 0x8290013d, 0x012422cd, 0x22058292, 0x82930129, 0x012a2205, 0x22058294, 
    0x8295012e, 0x01302205, 0x22058296, 0x829a0133, 0x01342205, 0x2205829d, 0x82a00135, 0x01362205, 0x220582a4, 0x82a60137, 0x01382205, 0x220582a8, 
    0x82aa0139, 0x013b2205, 0x220582ad, 0x82af013c, 0x013d2205, 0x220582b0, 0x82b10140, 0x01432205, 0x220582b5, 0x82980144, 0x01a42205, 0x2205829e, 
    0x82a201a6, 0x01a72205, 0x220582a7, 0x82a901a9, 0x00aa2505, 0x001a000c, 0x23067b45, 0x40003a00, 0x21094b45, 0xab82b901, 0xe3825f20, 0x9984b620, 
    0x0582b720, 0xb8012f22, 0xba209984, 0xbb208784, 0xbc208784, 0xbd208784, 0xbe208184, 0xbf208184, 0x3f220582, 0x8784c001, 0x0582c120, 0x09004323, 
    0x06df4100, 0x21094542, 0x1982c201, 0xc4012b22, 0xc5205b84, 0xc7205584, 0xc8205584, 0xc9205584, 0xcb205584, 0xcc204f84, 0xcd204f84, 0x420ef345, 
    0x002b0887, 0x00680062, 0x0074006e, 0x4380007a, 0x01210597, 0x20b982d1, 0x20b98257, 0x069d41d6, 0x0782dd20, 0x0f826b20, 0x7384cf20, 0x0582d220, 
    0xd3012c22, 0xd4207384, 0x35220582, 0x0582d501, 0xd7013622, 0xd8207f84, 0x3a220582, 0x0582d901, 0xdb013b22, 0xdc207f84, 0xde207f84, 0xdf20cf84, 
    0x41220582, 0x0582e001, 0xd0014322, 0x4b220582, 0x0582da01, 0xdf44ac20, 0x84e1200a, 0x84e22045, 0x84e42039, 0x82e52039, 0x00402805, 0x00280013, 
    0x41380030, 0xad460b61, 0x9a002311, 0xab82ec01, 0xab826620, 0x0782ef20, 0x07826720, 0x0784f120, 0xe6014022, 0xe720af84, 0xe820af84, 0xe9206384, 
    0x38220582, 0xaf84eb01, 0xaf84ee20, 0x0582f220, 0xf3013c22, 0xf4207b84, 0xf5207b84, 0xf620b584, 0xf720b584, 0xf820b584, 0x44220582, 0x0582ea01, 
    0xed01a922, 0xab220582, 0xc184f001, 0x06000226, 0xf9010c00, 0xfa205984, 0x3d220582, 0xad841b00, 0x50004822, 0x48155947, 0x01211791, 0x24b182fe, 
    0x023d0050, 0x20078209, 0x20078260, 0x057d4113, 0x82150221, 0x006c2407, 0x82fd0130, 0x0124225d, 0x220582ff, 0x82000225, 0x02262205, 0x22058201, 
    0x8203022b, 0x022e2205, 0x22058204, 0x8205022f, 0x02302205, 0x22058206, 0x82070231, 0x02332205, 0x22058208, 0x820a0234, 0x02352205, 0x2205820c, 
    0x820d0238, 0x02392205, 0x2205820e, 0x820f023a, 0x023b2205, 0x22058210, 0x8211023c, 0x023d2205, 0x22058212, 0x8214023f, 0x02402205, 0x22058216, 
    0x82170243, 0x02442805, 0x00020002, 0x820b024b, 0x00a62405, 0x460c0005, 0x0221071f, 0x22118218, 0x84190237, 0x841a203b, 0x841b203b, 0x821c203b, 
    0x82442005, 0x16054527, 0x821d0221, 0x0224221f, 0x2205821f, 0x82200229, 0x022a2205, 0x20c78421, 0x20b58422, 0x20558423, 0x20978424, 0x205b8425, 
    0x205b8426, 0x205b8427, 0x22058228, 0x821e0241, 0x42482005, 0x48260a1f, 0x56005000, 0xd7425c00, 0x98002d11, 0x2c029e00, 0x5a000300, 0x2e023d00, 
    0x40220784, 0x07823002, 0x0f825b20, 0x07823320, 0x07825e20, 0x71443820, 0x29022105, 0x2b209784, 0x2f208b84, 0x2f220582, 0x05823202, 0x34023222, 
    0x38220582, 0x05823602, 0x37023922, 0x39209784, 0x3a209784, 0x3b209184, 0x42220582, 0x05822a02, 0x2d029522, 0x9f220582, 0x05823102, 0x3502a022, 
    0xa92c0582, 0x32001800, 0x42003a00, 0x52004a00, 0x3b0b7748, 0x84007e00, 0x90008a00, 0x9c009600, 0xa800a200, 0xb400ae00, 0xc000ba00, 0x3e02c600, 
    0x50248d82, 0x43024000, 0x21054b44, 0x07844502, 0x47024022, 0x20061b42, 0x20ad864f, 0x20ad843c, 0x2205823f, 0x82400225, 0x022b2205, 0x20b98441, 
    0x22058242, 0x82460233, 0x02342205, 0x22058248, 0x82490235, 0x02372205, 0x20c5844a, 0x20c5844c, 0x2205824d, 0x844e023a, 0x845020cb, 0x825120cb, 
    0x023f2205, 0x20d18452, 0x22058253, 0x843d0243, 0x824420d1, 0x02a42205, 0x22cb844b, 0x440e0006, 0x02210995, 0x22138254, 0x84550232, 0x8456205b, 
    0x84572049, 0x84582049, 0x82592049, 0x00402605, 0x02040001, 0x08ef485a, 0x20055748, 0x21bf85fe, 0x1782fd00, 0xff003c22, 0x3d220582, 0x2d870001, 
    0x84390121, 0x21698c2d, 0x1382e900, 0xf3003322, 0x39220582, 0x0582f500, 0xf7003a22, 0xe2203b84, 0x48220582, 0x0582f400, 0x8c004e21, 0x09012131, 
    0x33221382, 0x05820c01, 0x0e013c22, 0x10206184, 0x40220582, 0x05821201, 0x13014122, 0x43200582, 0x06240382, 0x42010c00, 0x34201d84, 0x4b200582, 
    0x200a9144, 0x203f84c6, 0x220582ce, 0x82c30143, 0x014b2205, 0x216584ca, 0x89700004, 0x01202205, 0x24c582fb, 0x013d0090, 0x200784fc, 0x200f8244, 
    0x220d8402, 0x83440002, 0x230121f5, 0x2008874a, 0x20098831, 0x20098875, 0x260984e3, 0x00000003, 0x820c0601, 0x82122003, 0x00002233, 0x824b8219, 
    0xfa052111, 0x3a201182, 0x1a201184, 0xe8201186, 0x36201182, 0x1b201184, 0xd6201186, 0x4e201182, 0x1c201184, 0xc4201186, 0x62201182, 0x1d201184, 
    0xb2201186, 0x68201182, 0x1e201184, 0xa0201186, 0x88201182, 0x1f201184, 0x8e201186, 0x8c201182, 0x20201184, 0x7c201186, 0x92201182, 0x21201184, 
    0x6a201186, 0x3b581182, 0x86222005, 0x82582011, 0x84ac2011, 0x86232023, 0x82462011, 0x05ff5811, 0x11862420, 0x01003424, 0x23841407, 0x11862520, 
    0x11822220, 0x11845620, 0x11862620, 0x11821020, 0x11849820, 0x11852720, 0x82fe0421, 0x23ed8211, 0x28000000, 0xec241186, 0x06080100, 0x29202384, 
    0xda201186, 0x39821182, 0x2a202382, 0xc8201186, 0x26201182, 0x2b202384, 0xb6201186, 0x32201182, 0x2c201184, 0xa4201186, 0x30201182, 0x2d201184, 
    0xe5821186, 0x67410820, 0x862e2005, 0x82802011, 0x843c2023, 0x862f2023, 0x826e2011, 0x844c2011, 0x85302011, 0x82032011, 0x540821f7, 0x9a20118c, 
    0x48202382, 0x31201184, 0x88202386, 0x32204788, 0x76201186, 0x33287d88, 0x24080200, 0x92000400, 0x03200186, 0x0224c782, 0x16085603, 0x03820783, 
    0x49820c20, 0x2d820d20, 0x09000a2c, 0x22001800, 0x5a003e00, 0x2b827600, 0xb800ae24, 0x1b82c200, 0x60020426, 0x79000200, 0x08265782, 0x16001000, 
    0x09826302, 0x79009224, 0x15836102, 0x82620221, 0x88922005, 0x8669201b, 0x8467201b, 0x8c68201b, 0x866c201b, 0x846a201b, 0x8c6b201b, 0x866f201b, 
    0x846d201b, 0x8c6e201b, 0x8672201b, 0x8470201b, 0x8471201b, 0x0001241b, 0x84730204, 0x20098395, 0x20098874, 0x2a09845c, 0x07020003, 0x0054075e, 
    0x82740701, 0x820120df, 0x82332003, 0x006a240b, 0x820e0004, 0x002a22e1, 0x20d58434, 0x202b8279, 0x0595431a, 0x82750221, 0x02182207, 0x20058276, 
    0x201b8419, 0x4e1b847a, 0x02210623, 0x201d8477, 0x22058278, 0x867b0219, 0x07012219, 0x20538228, 0x3f5f8c70, 0x0024000f, 0x0038002e, 0x004c0042, 
    0x00600056, 0x0074006a, 0x0088007e, 0x009c0092, 0x00b000a6, 0x0021ab82, 0x08415454, 0x57274557, 0x6a200927, 0x2012a556, 0x551388bf, 0x8155279f, 
    0x05ff5409, 0x00399682, 0x00ce0602, 0x0405040f, 0x04070406, 0x04090408, 0x040b040a, 0x040d040c, 0x6750180e, 0x00002309, 0x27820101, 0x0a00c836, 
    0x1a041504, 0x18041604, 0x19041e04, 0x1b041d04, 0x1c041704, 0x022a1d82, 0xc2060100, 0x00008601, 0x27820301, 0x0400be22, 0x07835018, 0xe4206082, 
    0x57080359, 0x0123069b, 0x82660282, 0x027c2250, 0x22058267, 0x82680276, 0x02702205, 0x22058269, 0x826a026a, 0x02642205, 0x2205826b, 0x826c025e, 
    0x02582205, 0x2205826d, 0x826e0252, 0x024c2205, 0x2205826f, 0x82700246, 0x02402205, 0x22058271, 0x8272023a, 0x02342205, 0x22058273, 0x8274022e, 
    0x02282205, 0x22058275, 0x82760222, 0x021c2205, 0x22058277, 0x82780216, 0x02102205, 0x22058279, 0x827a020a, 0x02042205, 0x2291827b, 0x827c02fe, 
    0x002026a9, 0x00930202, 0x220f820a, 0x82cdff3e, 0xff382205, 0x301582ce, 0x02080012, 0x020d005b, 0x025e025d, 0x0264025f, 0x31af8365, 0x24000800, 
    0x26002500, 0x30002b00, 0x39003100, 0x2f823e00, 0x13820220, 0x07822b20, 0x0d840120, 0x7d000122, 0x90240b84, 0x04000200, 0x3d301982, 0x3f000000, 
    0x1a004500, 0x4b004800, 0x4e002100, 0x25200182, 0x35831b82, 0x1b824b20, 0x4f004e24, 0x0f822800, 0x95000124, 0x0f82ba00, 0x07000222, 0x50223598, 
    0x7b826900, 0x71006b32, 0x74004000, 0x47007800, 0x09000200, 0x53005000, 0x55203782, 0x04281b82, 0x75006b00, 0x77001900, 0x24221b82, 0x01829300, 
    0xbd002622, 0x27220182, 0x0182c100, 0xca002822, 0x29220182, 0x0182d200, 0xa3842a20, 0x05821620, 0x7d821b20, 0x2f002e22, 0x3e26cf84, 0x4c004400, 
    0x91824d00, 0x0f659920, 0x64b42008, 0x822014c9, 0x052a3982, 0xa6003500, 0x86018501, 0x0d828a01, 0xb5821320, 0x39003824, 0x9b823a00, 0x2e05f750, 
    0x00a90095, 0x00ab00aa, 0x01b200b0, 0x6480017f, 0x29820565, 0x00112208, 0x00290027, 0x0033002a, 0x003d0036, 0x009a0098, 0x00a4009b, 0x00ae00a7, 
    0x00ba00b6, 0x016801e8, 0x20258289, 0x30e9820a, 0x00370034, 0x004a003f, 0x00a50097, 0x01b800af, 0x081782fc, 0x2b00172e, 0x2d002c00, 0x3c003b00, 
    0x43004100, 0x46004500, 0x4b004700, 0x9e009c00, 0xac00a800, 0xb100ad00, 0xb900b500, 0xb7018801, 0x27021f02, 0x09323182, 0xa3003200, 0x8101b300, 
    0x1c028301, 0x31022f02, 0x5f845702, 0x49002532, 0x9d009600, 0xb601b700, 0x2b02fb01, 0x2e022d02, 0x0d3a1782, 0x63016101, 0x6f016e01, 0xbc017101, 
    0xd401c001, 0x2a022902, 0x35023402, 0x1d823602, 0x18010e3c, 0x5a013b01, 0x94017701, 0xb5019501, 0xbb01b801, 0xf801de01, 0x3a021b02, 0x1f823b02, 
    0x2a01142f, 0x59013a01, 0x6a015b01, 0x8f017401, 0x05c56501, 0xd301be32, 0xd801d501, 0x1902e701, 0x39022102, 0x48024102, 0x5c082b82, 0x0115012e, 
    0x011e0119, 0x01290125, 0x012c012b, 0x0154013d, 0x0169015c, 0x016c016b, 0x01760175, 0x018e017e, 0x01920190, 0x01a60198, 0x01a801a7, 0x01b001a9, 
    0x01bd01ba, 0x01c101bf, 0x01e501db, 0x01ea01e9, 0x020402f5, 0x02170205, 0x021e021d, 0x023d023c, 0x024a0244, 0x024c024b, 0x085f8252, 0x00012850, 
    0x23012201, 0x28012701, 0x32012f01, 0x43013f01, 0x65016001, 0x78017201, 0x96017d01, 0xa201a001, 0xd001cf01, 0xd901d701, 0xdf01dc01, 0xe601e001, 
    0xed01eb01, 0xfa01f901, 0x06020302, 0x0b020a02, 0x1a021802, 0x32022202, 0x42023702, 0x53834d02, 0xe6004f08, 0x1401ff00, 0x1f011c01, 0x24012101, 
    0x2d012601, 0x3c012e01, 0x42014101, 0x47014601, 0x4d014801, 0x57015001, 0x7c015f01, 0x8d018b01, 0x9a019301, 0xc401af01, 0xe201da01, 0xf301e301, 
    0x0c02fd01, 0x20020d02, 0x46022502, 0x55025002, 0x53825602, 0xe1002f2c, 0xe400e200, 0xf000ee00, 0x5767f100, 0x014b0805, 0x01090108, 0x0110010f, 
    0x01170116, 0x01310130, 0x01390135, 0x01660144, 0x01a40167, 0x01ad01aa, 0x01c901b1, 0x01d201ca, 0x01e401e1, 0x01ee01e8, 0x01f401f2, 0x02f701f6, 
    0x020e0207, 0x02230214, 0x02260224, 0x024e0249, 0x82530251, 0x162c0861, 0xf500e900, 0xfd00fa00, 0x0e010d01, 0x34013301, 0x3e013801, 0x45014001, 
    0x4a014901, 0x84015e01, 0xc8018701, 0x1102f001, 0x40022802, 0x0c382f82, 0xf800eb00, 0xc5015d01, 0xcb01c601, 0x08020002, 0x16021202, 0x5a023f02, 
    0x24081b82, 0x00ed0012, 0x01f900ef, 0x010a0101, 0x010c010b, 0x01120111, 0x01700113, 0x01cc01b9, 0x020102d6, 0x020f0202, 0x3a278210, 0x00e5000d, 
    0x00f600e7, 0x01fc00f7, 0x01a3017b, 0x01c301c2, 0x01cd01c7, 0x824502ce, 0x01062c1d, 0x011b0107, 0x0197016d, 0x84ff01b2, 0x01e33671, 0x0173011a, 
    0x019c017a, 0x02ec01d1, 0x0230022c, 0x02380233, 0x301b8243, 0x011d0108, 0x01790120, 0x0199018c, 0x01ac01a1, 0x3e1382f1, 0x01ec000f, 0x01030102, 
    0x01640137, 0x01a5019b, 0x01ae01ab, 0x01dd01b4, 0x021502ef, 0x824f0247, 0x000b3621, 0x00fb00ea, 0x010401fe, 0x01360105, 0x02910162, 0x02130209, 
    0x2219823e, 0x841a0001, 0x841b2005, 0x841c2005, 0x001d2205, 0x2f078202, 0x001d001a, 0x00010000, 0x00070009, 0x001e0017, 0x09115918, 0x1f839220, 
    0x027c0223, 0x221f8293, 0x68030002, 0x02230d11, 0x8252005a, 0x00032635, 0x02920079, 0x2809825c, 0x00350004, 0x0041003e, 0x200b8244, 0x322b8222, 
    0x00480039, 0x0095004e, 0x00b600aa, 0x00e100ba, 0x41e800e2, 0x323e06e7, 0x63016101, 0x90017101, 0xa901a801, 0xc901bc01, 0xfd01ca01, 0x1d020d02, 
    0x29021e02, 0xa7682a02, 0x844c2006, 0x02172653, 0x02620261, 0x21fd8463, 0xb3440028, 0x21698307, 0xaf440044, 0x00a62209, 0x3d2183b4, 0x9f029402, 
    0xad02a102, 0xb202ae02, 0x0903f302, 0x49031103, 0xe003df03, 0xe303e203, 0x2182e803, 0xd4020a24, 0x5a183203, 0x53240aeb, 0x57035503, 0x01221782, 
    0x05829902, 0xa5020428, 0xa902a602, 0x0b82ac02, 0x16000222, 0x0124cd82, 0x17000800, 0xe3840782, 0x00288986, 0x01000000, 0x00000000, 0xd3bcfa05, 
    0x00002901, 
};

