/* C:\Users\Admin\Downloads\fonts\Kamerik 105 W00 Bold.ttf (12/09/2015 06:09:42 p. m.)
   Posición Inicial(h): 00000000, Posición Final(h): 0000C5D3, Longitud(h): 0000C5D4 */

static const unsigned char kamerik_bold_data[50644] = {
	0x00, 0x01, 0x00, 0x00, 0x00, 0x12, 0x01, 0x00, 0x00, 0x04, 0x00, 0x20,
	0x46, 0x46, 0x54, 0x4D, 0x6D, 0x8E, 0xCB, 0x77, 0x00, 0x00, 0xC5, 0xB8,
	0x00, 0x00, 0x00, 0x1C, 0x47, 0x44, 0x45, 0x46, 0x00, 0x29, 0x01, 0x0B,
	0x00, 0x00, 0xA8, 0x28, 0x00, 0x00, 0x00, 0x1E, 0x47, 0x50, 0x4F, 0x53,
	0xEB, 0x34, 0x0A, 0x12, 0x00, 0x00, 0xA8, 0x88, 0x00, 0x00, 0x1D, 0x2E,
	0x47, 0x53, 0x55, 0x42, 0x16, 0x9B, 0x28, 0x98, 0x00, 0x00, 0xA8, 0x48,
	0x00, 0x00, 0x00, 0x40, 0x4F, 0x53, 0x2F, 0x32, 0xA5, 0x78, 0x48, 0x2D,
	0x00, 0x00, 0x01, 0xA8, 0x00, 0x00, 0x00, 0x60, 0x63, 0x6D, 0x61, 0x70,
	0x2D, 0x29, 0x98, 0x48, 0x00, 0x00, 0x06, 0x1C, 0x00, 0x00, 0x02, 0x82,
	0x63, 0x76, 0x74, 0x20, 0x08, 0x35, 0x08, 0x25, 0x00, 0x00, 0x14, 0x54,
	0x00, 0x00, 0x01, 0xE4, 0x66, 0x70, 0x67, 0x6D, 0xA1, 0xCC, 0x85, 0x0F,
	0x00, 0x00, 0x08, 0xA0, 0x00, 0x00, 0x09, 0x50, 0x67, 0x61, 0x73, 0x70,
	0xFF, 0xFF, 0x00, 0x04, 0x00, 0x00, 0xA8, 0x20, 0x00, 0x00, 0x00, 0x08,
	0x67, 0x6C, 0x79, 0x66, 0xCB, 0x6E, 0x9C, 0x91, 0x00, 0x00, 0x18, 0x44,
	0x00, 0x00, 0x87, 0x7C, 0x68, 0x65, 0x61, 0x64, 0x08, 0x2E, 0x13, 0xFB,
	0x00, 0x00, 0x01, 0x2C, 0x00, 0x00, 0x00, 0x36, 0x68, 0x68, 0x65, 0x61,
	0x07, 0xBD, 0x04, 0xCF, 0x00, 0x00, 0x01, 0x64, 0x00, 0x00, 0x00, 0x24,
	0x68, 0x6D, 0x74, 0x78, 0x4C, 0xC3, 0x2A, 0xA8, 0x00, 0x00, 0x02, 0x08,
	0x00, 0x00, 0x04, 0x14, 0x6C, 0x6F, 0x63, 0x61, 0x88, 0xD2, 0xAA, 0xC2,
	0x00, 0x00, 0x16, 0x38, 0x00, 0x00, 0x02, 0x0C, 0x6D, 0x61, 0x78, 0x70,
	0x02, 0x94, 0x00, 0xEC, 0x00, 0x00, 0x01, 0x88, 0x00, 0x00, 0x00, 0x20,
	0x6E, 0x61, 0x6D, 0x65, 0xCB, 0x04, 0x58, 0x85, 0x00, 0x00, 0x9F, 0xC0,
	0x00, 0x00, 0x05, 0x88, 0x70, 0x6F, 0x73, 0x74, 0xE0, 0xE5, 0x8D, 0xC4,
	0x00, 0x00, 0xA5, 0x48, 0x00, 0x00, 0x02, 0xD7, 0x70, 0x72, 0x65, 0x70,
	0x5C, 0x2A, 0x3E, 0x21, 0x00, 0x00, 0x11, 0xF0, 0x00, 0x00, 0x02, 0x61,
	0x00, 0x01, 0x00, 0x00, 0x00, 0x01, 0x00, 0x00, 0x98, 0x1E, 0xA4, 0x76,
	0x5F, 0x0F, 0x3C, 0xF5, 0x00, 0x1F, 0x03, 0xE8, 0x00, 0x00, 0x00, 0x00,
	0xD2, 0x17, 0x68, 0x1D, 0x00, 0x00, 0x00, 0x00, 0xD2, 0x17, 0x68, 0x1D,
	0xFF, 0xF0, 0xFF, 0x40, 0x04, 0xDC, 0x03, 0x9C, 0x00, 0x00, 0x00, 0x08,
	0x00, 0x02, 0x00, 0x00, 0x00, 0x00, 0x00, 0x00, 0x00, 0x01, 0x00, 0x00,
	0x02, 0xEE, 0xFF, 0x06, 0x00, 0x00, 0x04, 0xFF, 0xFF, 0xF0, 0xFF, 0xC4,
	0x04, 0xDC, 0x00, 0x01, 0x00, 0x00, 0x00, 0x00, 0x00, 0x00, 0x00, 0x00,
	0x00, 0x00, 0x00, 0x00, 0x00, 0x00, 0x01, 0x05, 0x00, 0x01, 0x00, 0x00,
	0x01, 0x05, 0x00, 0x6B, 0x00, 0x06, 0x00, 0x00, 0x00, 0x00, 0x00, 0x01,
	0x00, 0x00, 0x00, 0x1E, 0x00, 0x64, 0x00, 0x00, 0x01, 0x24, 0x00, 0x62,
	0x00, 0x00, 0x00, 0x00, 0x00, 0x03, 0x02, 0x42, 0x02, 0xBC, 0x00, 0x05,
	0x00, 0x00, 0x02, 0xBC, 0x02, 0x8A, 0x00, 0x00, 0x00, 0x8C, 0x02, 0xBC,
	0x02, 0x8A, 0x00, 0x00, 0x01, 0xDD, 0x00, 0x0C, 0x00, 0xF0, 0x00, 0x00,
	0x00, 0x00, 0x00, 0x00, 0x00, 0x00, 0x00, 0x00, 0x00, 0x00, 0x80, 0x00,
	0x00, 0xAF, 0x50, 0x00, 0x20, 0x4A, 0x00, 0x00, 0x00, 0x00, 0x00, 0x00,
	0x00, 0x00, 0x70, 0x79, 0x72, 0x73, 0x00, 0x00, 0x00, 0x20, 0xFB, 0x02,
	0x02, 0xEE, 0xFF, 0x06, 0x00, 0x00, 0x03, 0x9C, 0x00, 0xC0, 0x00, 0x00,
	0x00, 0x01, 0x00, 0x00, 0x00, 0x00, 0x02, 0x43, 0x02, 0xEE, 0x00, 0x00,
	0x00, 0x20, 0x00, 0x02, 0x00, 0xBF, 0x00, 0x00, 0x00, 0x00, 0x00, 0x00,
	0x01, 0x4D, 0x00, 0x00, 0x01, 0x0E, 0x00, 0x00, 0x01, 0x01, 0x00, 0x34,
	0x01, 0x35, 0x00, 0x32, 0x02, 0x6C, 0x00, 0x14, 0x02, 0x30, 0x00, 0x28,
	0x02, 0x6C, 0x00, 0x28, 0x02, 0x9B, 0x00, 0x28, 0x00, 0xAD, 0x00, 0x32,
	0x01, 0x51, 0x00, 0x50, 0x01, 0x51, 0x00, 0x1E, 0x01, 0x81, 0x00, 0x50,
	0x02, 0xA8, 0x00, 0x32, 0x01, 0x12, 0x00, 0x23, 0x01, 0xD1, 0x00, 0x46,
	0x01, 0x12, 0x00, 0x23, 0x01, 0xF6, 0x00, 0x3C, 0x02, 0x81, 0x00, 0x34,
	0x01, 0x89, 0x00, 0x32, 0x02, 0x61, 0x00, 0x28, 0x02, 0x57, 0x00, 0x26,
	0x02, 0x6C, 0x00, 0x24, 0x02, 0x6E, 0x00, 0x26, 0x02, 0x75, 0x00, 0x28,
	0x02, 0x2C, 0x00, 0x1A, 0x02, 0x74, 0x00, 0x28, 0x02, 0x75, 0x00, 0x28,
	0x01, 0x12, 0x00, 0x23, 0x01, 0x12, 0x00, 0x23, 0x01, 0xA5, 0x00, 0x28,
	0x02, 0xA7, 0x00, 0x32, 0x01, 0xA5, 0x00, 0x28, 0x02, 0x05, 0x00, 0x28,
	0x03, 0x6A, 0x00, 0x28, 0x02, 0xC7, 0x00, 0x0F, 0x02, 0xB6, 0x00, 0x3C,
	0x03, 0x51, 0x00, 0x23, 0x02, 0xE5, 0x00, 0x3C, 0x02, 0x86, 0x00, 0x3C,
	0x02, 0x60, 0x00, 0x3C, 0x03, 0x66, 0x00, 0x23, 0x02, 0xC5, 0x00, 0x3C,
	0x01, 0x06, 0x00, 0x3C, 0x02, 0x2D, 0x00, 0x14, 0x02, 0xB6, 0x00, 0x3C,
	0x02, 0x4F, 0x00, 0x3C, 0x03, 0x70, 0x00, 0x3C, 0x02, 0xC5, 0x00, 0x3C,
	0x03, 0x6A, 0x00, 0x23, 0x02, 0xB1, 0x00, 0x3C, 0x03, 0x74, 0x00, 0x23,
	0x02, 0xB6, 0x00, 0x3C, 0x02, 0x84, 0x00, 0x28, 0x02, 0x67, 0x00, 0x0F,
	0x02, 0xCD, 0x00, 0x3C, 0x02, 0xBF, 0x00, 0x0F, 0x03, 0xEB, 0x00, 0x0F,
	0x02, 0xB5, 0x00, 0x0F, 0x02, 0xCB, 0x00, 0x0F, 0x02, 0x7F, 0x00, 0x1E,
	0x01, 0x3A, 0x00, 0x50, 0x01, 0xF6, 0x00, 0x3C, 0x01, 0x3A, 0x00, 0x1E,
	0x02, 0x56, 0x00, 0x3C, 0x02, 0x07, 0x00, 0x00, 0x01, 0x5F, 0x00, 0x5A,
	0x02, 0xD6, 0x00, 0x28, 0x02, 0xD7, 0x00, 0x3C, 0x02, 0xB2, 0x00, 0x28,
	0x02, 0xD7, 0x00, 0x28, 0x02, 0xC3, 0x00, 0x28, 0x01, 0x55, 0x00, 0x1E,
	0x02, 0xC2, 0x00, 0x28, 0x02, 0x8F, 0x00, 0x3C, 0x01, 0x04, 0x00, 0x33,
	0x01, 0x00, 0xFF, 0xF8, 0x02, 0x74, 0x00, 0x3C, 0x01, 0x04, 0x00, 0x3C,
	0x03, 0xB4, 0x00, 0x3C, 0x02, 0x8F, 0x00, 0x3C, 0x02, 0xC9, 0x00, 0x28,
	0x02, 0xD7, 0x00, 0x3C, 0x02, 0xD7, 0x00, 0x28, 0x01, 0x86, 0x00, 0x3C,
	0x02, 0x4D, 0x00, 0x26, 0x01, 0x58, 0x00, 0x19, 0x02, 0x8F, 0x00, 0x3C,
	0x02, 0x68, 0x00, 0x0F, 0x03, 0x9C, 0x00, 0x0F, 0x02, 0x6C, 0x00, 0x0F,
	0x02, 0x67, 0x00, 0x0F, 0x02, 0x3A, 0x00, 0x26, 0x01, 0x7F, 0x00, 0x50,
	0x01, 0x36, 0x00, 0x78, 0x01, 0x7F, 0x00, 0x1E, 0x01, 0xD6, 0x00, 0x3C,
	0x01, 0xF4, 0x00, 0x00, 0x01, 0x01, 0x00, 0x34, 0x02, 0xB2, 0x00, 0x28,
	0x02, 0x7D, 0x00, 0x28, 0x02, 0xC5, 0x00, 0x30, 0x02, 0x8A, 0x00, 0x0F,
	0x00, 0xDE, 0x00, 0x3C, 0x02, 0x40, 0x00, 0x32, 0x01, 0x4A, 0x00, 0x0F,
	0x02, 0xB5, 0x00, 0x28, 0x01, 0x93, 0x00, 0x28, 0x01, 0xFB, 0x00, 0x28,
	0x01, 0xBC, 0x00, 0x3C, 0x01, 0xD1, 0x00, 0x46, 0x01, 0x3F, 0x00, 0x28,
	0x01, 0x33, 0x00, 0x3C, 0x01, 0x30, 0x00, 0x32, 0x02, 0xA8, 0x00, 0x32,
	0x01, 0x59, 0x00, 0x28, 0x01, 0x55, 0x00, 0x28, 0x01, 0x5F, 0x00, 0x5A,
	0x02, 0x8F, 0x00, 0x3C, 0x02, 0x5E, 0x00, 0x19, 0x01, 0x12, 0x00, 0x23,
	0x01, 0x46, 0x00, 0x64, 0x00, 0xDD, 0x00, 0x1E, 0x01, 0x8D, 0x00, 0x28,
	0x01, 0xFB, 0x00, 0x28, 0x02, 0x72, 0x00, 0x1E, 0x02, 0xA6, 0x00, 0x1E,
	0x02, 0xC4, 0x00, 0x28, 0x02, 0x05, 0x00, 0x28, 0x02, 0xC7, 0x00, 0x0F,
	0x02, 0xC7, 0x00, 0x0F, 0x02, 0xC7, 0x00, 0x0F, 0x02, 0xC7, 0x00, 0x0F,
	0x02, 0xC7, 0x00, 0x0F, 0x02, 0xC7, 0x00, 0x0F, 0x04, 0x50, 0x00, 0x0F,
	0x03, 0x51, 0x00, 0x23, 0x02, 0x86, 0x00, 0x3C, 0x02, 0x86, 0x00, 0x3C,
	0x02, 0x86, 0x00, 0x3C, 0x02, 0x86, 0x00, 0x3C, 0x01, 0x06, 0x00, 0x2E,
	0x01, 0x06, 0x00, 0x2E, 0x01, 0x06, 0x00, 0x17, 0x01, 0x06, 0xFF, 0xF3,
	0x02, 0xF3, 0x00, 0x14, 0x02, 0xC5, 0x00, 0x3C, 0x03, 0x6A, 0x00, 0x23,
	0x03, 0x6A, 0x00, 0x23, 0x03, 0x6A, 0x00, 0x23, 0x03, 0x6A, 0x00, 0x23,
	0x03, 0x6A, 0x00, 0x23, 0x02, 0x93, 0x00, 0x28, 0x03, 0x74, 0x00, 0x28,
	0x02, 0xCD, 0x00, 0x3C, 0x02, 0xCD, 0x00, 0x3C, 0x02, 0xCD, 0x00, 0x3C,
	0x02, 0xCD, 0x00, 0x3C, 0x02, 0xCB, 0x00, 0x0F, 0x02, 0x8A, 0x00, 0x3C,
	0x02, 0x62, 0x00, 0x3C, 0x02, 0xD6, 0x00, 0x28, 0x02, 0xD6, 0x00, 0x28,
	0x02, 0xD6, 0x00, 0x28, 0x02, 0xD6, 0x00, 0x28, 0x02, 0xD6, 0x00, 0x28,
	0x02, 0xD6, 0x00, 0x28, 0x04, 0xC4, 0x00, 0x28, 0x02, 0xB2, 0x00, 0x28,
	0x02, 0xC3, 0x00, 0x28, 0x02, 0xC3, 0x00, 0x28, 0x02, 0xC3, 0x00, 0x28,
	0x02, 0xC3, 0x00, 0x28, 0x01, 0x01, 0x00, 0x2B, 0x01, 0x02, 0x00, 0x2C,
	0x01, 0x01, 0x00, 0x14, 0x01, 0x01, 0xFF, 0xF0, 0x02, 0xA4, 0x00, 0x28,
	0x02, 0x8F, 0x00, 0x3C, 0x02, 0xC9, 0x00, 0x28, 0x02, 0xC9, 0x00, 0x28,
	0x02, 0xC9, 0x00, 0x28, 0x02, 0xC9, 0x00, 0x28, 0x02, 0xC9, 0x00, 0x28,
	0x02, 0xA7, 0x00, 0x32, 0x02, 0xD1, 0x00, 0x2C, 0x02, 0x8F, 0x00, 0x3C,
	0x02, 0x8F, 0x00, 0x3C, 0x02, 0x8F, 0x00, 0x3C, 0x02, 0x8F, 0x00, 0x3C,
	0x02, 0x67, 0x00, 0x0F, 0x02, 0xD7, 0x00, 0x3C, 0x02, 0x67, 0x00, 0x0F,
	0x01, 0x04, 0x00, 0x3C, 0x02, 0x63, 0x00, 0x14, 0x01, 0x29, 0x00, 0x14,
	0x04, 0xFF, 0x00, 0x23, 0x04, 0xA1, 0x00, 0x28, 0x02, 0x84, 0x00, 0x28,
	0x02, 0x4D, 0x00, 0x26, 0x02, 0xCB, 0x00, 0x0F, 0x02, 0x7F, 0x00, 0x1E,
	0x02, 0x3A, 0x00, 0x26, 0x01, 0x9E, 0x00, 0x0F, 0x01, 0x92, 0x00, 0x5D,
	0x01, 0x92, 0x00, 0x5D, 0x01, 0x33, 0x00, 0x3C, 0x01, 0x42, 0x00, 0x3C,
	0x01, 0x12, 0x00, 0x3C, 0x01, 0x5C, 0x00, 0x64, 0x01, 0x31, 0x00, 0x3C,
	0x01, 0xAB, 0x00, 0x64, 0x01, 0x6A, 0x00, 0x3C, 0x02, 0x50, 0x00, 0x14,
	0x03, 0x74, 0x00, 0x28, 0x02, 0x8F, 0x00, 0x3C, 0x02, 0x6C, 0x00, 0x14,
	0x02, 0x6B, 0x00, 0x2D, 0x03, 0x8D, 0x00, 0x2D, 0x00, 0xEA, 0x00, 0x32,
	0x00, 0xEA, 0x00, 0x1E, 0x00, 0xEA, 0x00, 0x32, 0x01, 0xA2, 0x00, 0x32,
	0x01, 0xA2, 0x00, 0x1E, 0x01, 0xA2, 0x00, 0x1E, 0x01, 0xFA, 0x00, 0x3C,
	0x02, 0x1C, 0x00, 0x3C, 0x01, 0xB7, 0x00, 0x64, 0x03, 0xE3, 0x00, 0x23,
	0x03, 0xA1, 0x00, 0x28, 0x01, 0x25, 0x00, 0x28, 0x01, 0x25, 0x00, 0x28,
	0x01, 0xEC, 0x00, 0x3C, 0x02, 0xB4, 0x00, 0x23, 0x01, 0x6B, 0x00, 0x28,
	0x03, 0x74, 0x00, 0x28, 0x02, 0xB8, 0x00, 0x28, 0x02, 0x50, 0x00, 0x14,
	0x02, 0x76, 0x00, 0x19, 0x02, 0x31, 0x00, 0x19, 0x02, 0xA7, 0x00, 0x32,
	0x01, 0xEC, 0x00, 0x3C, 0x01, 0x12, 0x00, 0x23, 0x02, 0x96, 0x00, 0x1E,
	0x02, 0x1B, 0x00, 0x32, 0x01, 0x28, 0x00, 0x14, 0x02, 0xA7, 0x00, 0x32,
	0x02, 0xA8, 0x00, 0x32, 0x01, 0xA6, 0x00, 0x28, 0x01, 0xA6, 0x00, 0x28,
	0x02, 0x2D, 0x00, 0x28, 0x01, 0xF4, 0x00, 0x00, 0x02, 0x6E, 0x00, 0x1E,
	0x02, 0x73, 0x00, 0x1E, 0x02, 0xB5, 0x00, 0x28, 0x02, 0xB1, 0x00, 0x19,
	0x02, 0xB1, 0x00, 0x1E, 0x03, 0xC7, 0x00, 0x1E, 0x03, 0xCF, 0x00, 0x1E,
	0x01, 0xF5, 0x00, 0x00, 0x00, 0x00, 0x00, 0x03, 0x00, 0x00, 0x00, 0x03,
	0x00, 0x00, 0x00, 0x1C, 0x00, 0x01, 0x00, 0x00, 0x00, 0x00, 0x01, 0x7C,
	0x00, 0x03, 0x00, 0x01, 0x00, 0x00, 0x00, 0x1C, 0x00, 0x04, 0x01, 0x60,
	0x00, 0x00, 0x00, 0x54, 0x00, 0x40, 0x00, 0x05, 0x00, 0x14, 0x00, 0x7E,
	0x00, 0xFF, 0x01, 0x31, 0x01, 0x42, 0x01, 0x53, 0x01, 0x61, 0x01, 0x78,
	0x01, 0x7E, 0x01, 0x92, 0x02, 0xC7, 0x02, 0xC9, 0x02, 0xDD, 0x03, 0x94,
	0x03, 0xA9, 0x03, 0xBC, 0x03, 0xC0, 0x20, 0x14, 0x20, 0x1A, 0x20, 0x1E,
	0x20, 0x22, 0x20, 0x26, 0x20, 0x30, 0x20, 0x3A, 0x20, 0x44, 0x20, 0xAC,
	0x21, 0x22, 0x21, 0x26, 0x22, 0x02, 0x22, 0x06, 0x22, 0x0F, 0x22, 0x12,
	0x22, 0x15, 0x22, 0x1A, 0x22, 0x1E, 0x22, 0x2B, 0x22, 0x48, 0x22, 0x60,
	0x22, 0x65, 0x25, 0xCA, 0xF8, 0xFF, 0xFB, 0x02, 0xFF, 0xFF, 0x00, 0x00,
	0x00, 0x20, 0x00, 0xA0, 0x01, 0x31, 0x01, 0x41, 0x01, 0x52, 0x01, 0x60,
	0x01, 0x78, 0x01, 0x7D, 0x01, 0x92, 0x02, 0xC6, 0x02, 0xC9, 0x02, 0xD8,
	0x03, 0x94, 0x03, 0xA9, 0x03, 0xBC, 0x03, 0xC0, 0x20, 0x13, 0x20, 0x18,
	0x20, 0x1C, 0x20, 0x20, 0x20, 0x26, 0x20, 0x30, 0x20, 0x39, 0x20, 0x44,
	0x20, 0xAC, 0x21, 0x22, 0x21, 0x26, 0x22, 0x02, 0x22, 0x06, 0x22, 0x0F,
	0x22, 0x11, 0x22, 0x15, 0x22, 0x19, 0x22, 0x1E, 0x22, 0x2B, 0x22, 0x48,
	0x22, 0x60, 0x22, 0x64, 0x25, 0xCA, 0xF8, 0xFF, 0xFB, 0x01, 0xFF, 0xFF,
	0xFF, 0xE3, 0xFF, 0xC2, 0xFF, 0x91, 0xFF, 0x82, 0xFF, 0x73, 0xFF, 0x67,
	0xFF, 0x51, 0xFF, 0x4D, 0xFF, 0x3A, 0xFE, 0x07, 0xFE, 0x06, 0xFD, 0xF8,
	0xFD, 0x42, 0xFD, 0x2E, 0xFD, 0x1C, 0xFD, 0x19, 0xE0, 0xC7, 0xE0, 0xC4,
	0xE0, 0xC3, 0xE0, 0xC2, 0xE0, 0xBF, 0xE0, 0xB6, 0xE0, 0xAE, 0xE0, 0xA5,
	0xE0, 0x3E, 0xDF, 0xC9, 0xDF, 0xC6, 0xDE, 0xEB, 0xDE, 0xE8, 0xDE, 0xE0,
	0xDE, 0xDF, 0xDE, 0xDD, 0xDE, 0xDA, 0xDE, 0xD7, 0xDE, 0xCB, 0xDE, 0xAF,
	0xDE, 0x98, 0xDE, 0x95, 0xDB, 0x31, 0x07, 0xFD, 0x05, 0xFC, 0x00, 0x01,
	0x00, 0x00, 0x00, 0x00, 0x00, 0x00, 0x00, 0x00, 0x00, 0x00, 0x00, 0x00,
	0x00, 0x00, 0x00, 0x00, 0x00, 0x00, 0x00, 0x00, 0x00, 0x00, 0x00, 0x00,
	0x00, 0x00, 0x00, 0x00, 0x00, 0x00, 0x00, 0x00, 0x00, 0x00, 0x00, 0x00,
	0x00, 0x00, 0x00, 0x00, 0x00, 0x00, 0x00, 0x00, 0x00, 0x00, 0x00, 0x00,
	0x00, 0x00, 0x00, 0x00, 0x00, 0x00, 0x00, 0x00, 0x00, 0x00, 0x00, 0x00,
	0x00, 0x00, 0x00, 0x00, 0x00, 0x00, 0x00, 0x00, 0x00, 0x00, 0x00, 0x00,
	0x00, 0x00, 0x00, 0x00, 0x00, 0x00, 0x00, 0x00, 0x00, 0x00, 0x00, 0x00,
	0x00, 0x00, 0x01, 0x06, 0x00, 0x00, 0x01, 0x00, 0x00, 0x00, 0x00, 0x00,
	0x00, 0x00, 0x01, 0x02, 0x00, 0x00, 0x00, 0x02, 0x00, 0x00, 0x00, 0x00,
	0x00, 0x00, 0x00, 0x00, 0x00, 0x00, 0x00, 0x00, 0x00, 0x00, 0x00, 0x01,
	0x00, 0x00, 0x03, 0x04, 0x05, 0x06, 0x07, 0x08, 0x09, 0x0A, 0x0B, 0x0C,
	0x0D, 0x0E, 0x0F, 0x10, 0x11, 0x12, 0x13, 0x14, 0x15, 0x16, 0x17, 0x18,
	0x19, 0x1A, 0x1B, 0x1C, 0x1D, 0x1E, 0x1F, 0x20, 0x21, 0x22, 0x23, 0x24,
	0x25, 0x26, 0x27, 0x28, 0x29, 0x2A, 0x2B, 0x2C, 0x2D, 0x2E, 0x2F, 0x30,
	0x31, 0x32, 0x33, 0x34, 0x35, 0x36, 0x37, 0x38, 0x39, 0x3A, 0x3B, 0x3C,
	0x3D, 0x3E, 0x3F, 0x40, 0x41, 0x42, 0x43, 0x44, 0x45, 0x46, 0x47, 0x48,
	0x49, 0x4A, 0x4B, 0x4C, 0x4D, 0x4E, 0x4F, 0x50, 0x51, 0x52, 0x53, 0x54,
	0x55, 0x56, 0x57, 0x58, 0x59, 0x5A, 0x5B, 0x5C, 0x5D, 0x5E, 0x5F, 0x60,
	0x61, 0x00, 0x86, 0x87, 0x89, 0x8B, 0x93, 0x98, 0x9E, 0xA3, 0xA2, 0xA4,
	0xA6, 0xA5, 0xA7, 0xA9, 0xAB, 0xAA, 0xAC, 0xAD, 0xAF, 0xAE, 0xB0, 0xB1,
	0xB3, 0xB5, 0xB4, 0xB6, 0xB8, 0xB7, 0xBC, 0xBB, 0xBD, 0xBE, 0xE2, 0x72,
	0x64, 0x65, 0x69, 0xE4, 0x78, 0xA1, 0x70, 0x6B, 0xEB, 0x76, 0x6A, 0xF8,
	0x88, 0x9A, 0xF5, 0x73, 0xF9, 0xFA, 0x67, 0x77, 0xED, 0xF0, 0xEF, 0xD9,
	0xF6, 0x6C, 0x7C, 0xD7, 0xA8, 0xBA, 0x81, 0x63, 0x6E, 0xF4, 0xCC, 0xF7,
	0xEE, 0x6D, 0x7D, 0xE5, 0x62, 0x82, 0x85, 0x97, 0xC5, 0xC6, 0xDA, 0xDB,
	0xDF, 0xE0, 0xDC, 0xDD, 0xB9, 0xFB, 0xC1, 0xC9, 0xE9, 0xEA, 0xE7, 0xE8,
	0xFD, 0xFE, 0xE3, 0x79, 0xDE, 0xE1, 0xE6, 0x84, 0x8C, 0x83, 0x8D, 0x8A,
	0x8F, 0x90, 0x91, 0x8E, 0x95, 0x96, 0xFC, 0x94, 0x9C, 0x9D, 0x9B, 0xC2,
	0xCD, 0xD4, 0x71, 0xD0, 0xD1, 0xD2, 0x7A, 0xD5, 0xD3, 0xCE, 0x00, 0x00,
	0x40, 0x4E, 0x54, 0x52, 0x4D, 0x4C, 0x4B, 0x4A, 0x49, 0x48, 0x47, 0x46,
	0x43, 0x42, 0x41, 0x40, 0x3F, 0x3E, 0x3D, 0x3C, 0x3B, 0x3A, 0x39, 0x38,
	0x37, 0x36, 0x35, 0x34, 0x33, 0x32, 0x31, 0x30, 0x2F, 0x2E, 0x2D, 0x2C,
	0x2B, 0x2A, 0x29, 0x28, 0x27, 0x26, 0x25, 0x24, 0x23, 0x22, 0x21, 0x20,
	0x1F, 0x1E, 0x1D, 0x1C, 0x1B, 0x1A, 0x19, 0x18, 0x17, 0x16, 0x15, 0x14,
	0x13, 0x12, 0x11, 0x10, 0x0F, 0x0E, 0x0D, 0x0C, 0x0B, 0x0A, 0x09, 0x08,
	0x07, 0x06, 0x05, 0x04, 0x03, 0x02, 0x01, 0x00, 0x2C, 0x01, 0x18, 0xB0,
	0x18, 0x43, 0x58, 0x45, 0x6A, 0xB0, 0x19, 0x43, 0x60, 0xB0, 0x0C, 0x23,
	0x44, 0x23, 0x10, 0x20, 0xB0, 0x0C, 0x4E, 0xF3, 0x4D, 0x2F, 0xB0, 0x00,
	0x12, 0x1B, 0x21, 0x23, 0x11, 0x20, 0x33, 0x2F, 0x59, 0x2D, 0x2C, 0x01,
	0x18, 0xB0, 0x18, 0x43, 0x58, 0xB0, 0x05, 0x2B, 0xB0, 0x00, 0x13, 0x4B,
	0xB0, 0x14, 0x50, 0x58, 0xB1, 0x00, 0x40, 0x38, 0x59, 0xB0, 0x06, 0x2B,
	0x1B, 0x21, 0x23, 0x11, 0x20, 0x33, 0x2F, 0x59, 0x2D, 0x2C, 0x01, 0x18,
	0xB0, 0x18, 0x43, 0x58, 0x4E, 0xB0, 0x03, 0x25, 0x10, 0xF2, 0x21, 0xB0,
	0x00, 0x12, 0x4D, 0x1B, 0x20, 0x45, 0xB0, 0x04, 0x25, 0xB0, 0x04, 0x25,
	0x23, 0x4A, 0x61, 0x64, 0xB0, 0x28, 0x52, 0x58, 0x21, 0x23, 0x10, 0xD6,
	0x1B, 0xB0, 0x03, 0x25, 0x10, 0xF2, 0x21, 0xB0, 0x00, 0x12, 0x59, 0x59,
	0x2D, 0x2C, 0xB0, 0x1A, 0x43, 0x58, 0x21, 0x21, 0x1B, 0xB0, 0x02, 0x25,
	0xB0, 0x02, 0x25, 0x49, 0xB0, 0x03, 0x25, 0xB0, 0x03, 0x25, 0x4A, 0x61,
	0x20, 0x64, 0xB0, 0x10, 0x50, 0x58, 0x21, 0x21, 0x21, 0x1B, 0xB0, 0x03,
	0x25, 0xB0, 0x03, 0x25, 0x49, 0xB0, 0x00, 0x50, 0x58, 0xB0, 0x00, 0x50,
	0x58, 0xB8, 0xFF, 0xE2, 0x38, 0x21, 0x1B, 0xB0, 0x00, 0x38, 0x21, 0x59,
	0x1B, 0xB0, 0x00, 0x52, 0x58, 0xB0, 0x1E, 0x38, 0x21, 0x1B, 0xB0, 0x00,
	0x38, 0x21, 0x59, 0x59, 0x59, 0x59, 0x2D, 0x2C, 0x01, 0x18, 0xB0, 0x18,
	0x43, 0x58, 0xB0, 0x05, 0x2B, 0xB0, 0x00, 0x13, 0x4B, 0xB0, 0x14, 0x50,
	0x58, 0xB9, 0x00, 0x00, 0xFF, 0xC0, 0x38, 0x59, 0xB0, 0x06, 0x2B, 0x1B,
	0x21, 0x23, 0x11, 0x20, 0x33, 0x2F, 0x59, 0x2D, 0x2C, 0x4E, 0x01, 0x8A,
	0x10, 0xB1, 0x0C, 0x19, 0x43, 0x44, 0xB0, 0x00, 0x14, 0xB1, 0x00, 0x0C,
	0xE2, 0xB0, 0x00, 0x15, 0xB9, 0x00, 0x00, 0xFF, 0xF0, 0x38, 0x00, 0xB0,
	0x00, 0x3C, 0xB0, 0x28, 0x2B, 0xB0, 0x02, 0x25, 0x10, 0xB0, 0x00, 0x3C,
	0x2D, 0x2C, 0x01, 0x18, 0xB0, 0x00, 0x2F, 0xB0, 0x01, 0x14, 0xF2, 0xB0,
	0x01, 0x13, 0xB0, 0x01, 0x15, 0x4D, 0xB0, 0x00, 0x12, 0x2D, 0x2C, 0x01,
	0x18, 0xB0, 0x18, 0x43, 0x58, 0xB0, 0x05, 0x2B, 0xB0, 0x00, 0x13, 0xB9,
	0x00, 0x00, 0xFF, 0xE0, 0x38, 0xB0, 0x06, 0x2B, 0x1B, 0x21, 0x23, 0x11,
	0x20, 0x33, 0x2F, 0x59, 0x2D, 0x2C, 0x01, 0x18, 0xB0, 0x18, 0x43, 0x58,
	0x45, 0x64, 0x6A, 0x23, 0x45, 0x64, 0x69, 0xB0, 0x19, 0x43, 0x64, 0x60,
	0x60, 0xB0, 0x0C, 0x23, 0x44, 0x23, 0x10, 0x20, 0xB0, 0x0C, 0xF3, 0x2F,
	0xB0, 0x00, 0x12, 0x1B, 0x21, 0x21, 0x20, 0x8A, 0x20, 0x8A, 0x52, 0x58,
	0x11, 0x33, 0x1B, 0x21, 0x21, 0x59, 0x59, 0x2D, 0x2C, 0x01, 0x4B, 0xB0,
	0xC8, 0x51, 0x58, 0xB1, 0x0B, 0x0A, 0x43, 0x23, 0x43, 0x65, 0x0A, 0x59,
	0x2D, 0x2C, 0x00, 0x4B, 0xB0, 0xC8, 0x51, 0x58, 0x00, 0xB1, 0x0A, 0x0B,
	0x43, 0x23, 0x43, 0x0B, 0x59, 0x2D, 0x2C, 0x00, 0xB0, 0x0C, 0x23, 0x70,
	0xB1, 0x01, 0x0C, 0x3E, 0x01, 0xB0, 0x0C, 0x23, 0x70, 0xB1, 0x02, 0x0C,
	0x45, 0x3A, 0xB1, 0x02, 0x00, 0x08, 0x0D, 0x2D, 0x2C, 0xB0, 0x12, 0x2B,
	0xB0, 0x02, 0x25, 0x45, 0xB0, 0x02, 0x25, 0x45, 0x6A, 0xB0, 0x40, 0x8B,
	0x60, 0xB0, 0x02, 0x25, 0x23, 0x44, 0x21, 0x21, 0x21, 0x2D, 0x2C, 0xB0,
	0x13, 0x2B, 0xB0, 0x02, 0x25, 0x45, 0xB0, 0x02, 0x25, 0x45, 0x6A, 0xB8,
	0xFF, 0xC0, 0x8C, 0x60, 0xB0, 0x02, 0x25, 0x23, 0x44, 0x21, 0x21, 0x21,
	0x2D, 0x2C, 0xB0, 0x00, 0xB0, 0x12, 0x2B, 0x21, 0x21, 0x21, 0x2D, 0x2C,
	0xB0, 0x00, 0xB0, 0x13, 0x2B, 0x21, 0x21, 0x21, 0x2D, 0x2C, 0x01, 0x4B,
	0xB0, 0xC8, 0x51, 0x58, 0xB0, 0x06, 0x43, 0xB0, 0x07, 0x43, 0x65, 0x0A,
	0x59, 0x2D, 0x2C, 0x20, 0x69, 0xB0, 0x40, 0x61, 0xB0, 0x00, 0x8B, 0x20,
	0xB1, 0x2C, 0xC0, 0x8A, 0x8C, 0xB8, 0x10, 0x00, 0x62, 0x60, 0x2B, 0x0C,
	0x64, 0x23, 0x64, 0x61, 0x5C, 0x58, 0xB0, 0x03, 0x61, 0x59, 0x2D, 0x2C,
	0xB1, 0x00, 0x03, 0x25, 0x45, 0x68, 0x54, 0xB0, 0x1C, 0x4B, 0x50, 0x5A,
	0x58, 0xB0, 0x03, 0x25, 0x45, 0xB0, 0x03, 0x25, 0x45, 0x60, 0x68, 0x20,
	0xB0, 0x04, 0x25, 0x23, 0x44, 0xB0, 0x04, 0x25, 0x23, 0x44, 0x1B, 0xB0,
	0x03, 0x25, 0x20, 0x45, 0x68, 0x20, 0x8A, 0x23, 0x44, 0xB0, 0x03, 0x25,
	0x45, 0x68, 0x60, 0xB0, 0x03, 0x25, 0x23, 0x44, 0x59, 0x2D, 0x2C, 0xB0,
	0x03, 0x25, 0x20, 0x45, 0x68, 0x20, 0x8A, 0x23, 0x44, 0xB0, 0x03, 0x25,
	0x45, 0x64, 0x68, 0x65, 0x60, 0xB0, 0x04, 0x25, 0xB0, 0x01, 0x60, 0x23,
	0x44, 0x2D, 0x2C, 0xB0, 0x09, 0x43, 0x58, 0x87, 0x21, 0xC3, 0x1B, 0xB0,
	0x12, 0x43, 0x58, 0x87, 0x45, 0xB0, 0x11, 0x2B, 0xB0, 0x0D, 0x23, 0x44,
	0xB0, 0x0D, 0x7A, 0xE7, 0x1B, 0x03, 0x8A, 0x45, 0x18, 0x69, 0x20, 0xB0,
	0x0D, 0x23, 0x44, 0x8A, 0x8A, 0x87, 0x20, 0xB0, 0xA0, 0x51, 0x58, 0xB0,
	0x11, 0x2B, 0xB0, 0x0D, 0x23, 0x44, 0xB0, 0x0D, 0x7A, 0xE7, 0x1B, 0x21,
	0xB0, 0x0D, 0x7A, 0xE7, 0x59, 0x59, 0x59, 0x18, 0x2D, 0x2C, 0x20, 0x8A,
	0x45, 0x23, 0x45, 0x68, 0x60, 0x44, 0x2D, 0x2C, 0x45, 0x6A, 0x42, 0x2D,
	0x2C, 0x01, 0x18, 0x2F, 0x2D, 0x2C, 0x01, 0x18, 0xB0, 0x18, 0x43, 0x58,
	0xB0, 0x04, 0x25, 0xB0, 0x04, 0x25, 0x49, 0x64, 0x23, 0x45, 0x64, 0x69,
	0xB0, 0x40, 0x8B, 0x61, 0x20, 0xB0, 0x80, 0x62, 0x6A, 0xB0, 0x02, 0x25,
	0xB0, 0x02, 0x25, 0x61, 0x8C, 0xB0, 0x19, 0x43, 0x60, 0xB0, 0x0C, 0x23,
	0x44, 0x21, 0x8A, 0x10, 0xB0, 0x0C, 0xF6, 0x21, 0x1B, 0x21, 0x21, 0x21,
	0x21, 0x59, 0x2D, 0x2C, 0x01, 0xB0, 0x18, 0x43, 0x58, 0xB0, 0x02, 0x25,
	0x45, 0xB0, 0x02, 0x25, 0x45, 0x64, 0x60, 0x6A, 0xB0, 0x03, 0x25, 0x45,
	0x6A, 0x61, 0x20, 0xB0, 0x04, 0x25, 0x45, 0x6A, 0x20, 0x8A, 0x8B, 0x65,
	0xB0, 0x04, 0x25, 0x23, 0x44, 0x8C, 0xB0, 0x03, 0x25, 0x23, 0x44, 0x21,
	0x21, 0x1B, 0x20, 0x45, 0x6A, 0x44, 0x20, 0x45, 0x6A, 0x44, 0x59, 0x2D,
	0x2C, 0x01, 0x20, 0x45, 0xB0, 0x00, 0x55, 0xB0, 0x18, 0x43, 0x5A, 0x58,
	0x45, 0x68, 0x23, 0x45, 0x69, 0xB0, 0x40, 0x8B, 0x61, 0x20, 0xB0, 0x80,
	0x62, 0x6A, 0x20, 0x8A, 0x23, 0x61, 0x20, 0xB0, 0x03, 0x25, 0x8B, 0x65,
	0xB0, 0x04, 0x25, 0x23, 0x44, 0x8C, 0xB0, 0x03, 0x25, 0x23, 0x44, 0x21,
	0x21, 0x1B, 0x21, 0x21, 0xB0, 0x19, 0x2B, 0x59, 0x2D, 0x2C, 0x01, 0x8A,
	0x8A, 0x45, 0x64, 0x23, 0x45, 0x64, 0x61, 0x64, 0x42, 0x2D, 0x2C, 0xB0,
	0x04, 0x25, 0xB0, 0x04, 0x25, 0xB0, 0x19, 0x2B, 0xB0, 0x18, 0x43, 0x58,
	0xB0, 0x04, 0x25, 0xB0, 0x04, 0x25, 0xB0, 0x03, 0x25, 0xB0, 0x1B, 0x2B,
	0x01, 0xB0, 0x02, 0x25, 0x43, 0xB0, 0x40, 0x54, 0xB0, 0x02, 0x25, 0x43,
	0xB0, 0x00, 0x54, 0x5A, 0x58, 0xB0, 0x03, 0x25, 0x20, 0x45, 0xB0, 0x40,
	0x61, 0x44, 0x59, 0xB0, 0x02, 0x25, 0x43, 0xB0, 0x00, 0x54, 0xB0, 0x02,
	0x25, 0x43, 0xB0, 0x40, 0x54, 0x5A, 0x58, 0xB0, 0x04, 0x25, 0x20, 0x45,
	0xB0, 0x40, 0x60, 0x44, 0x59, 0x59, 0x21, 0x21, 0x21, 0x21, 0x2D, 0x2C,
	0xB0, 0x03, 0x25, 0x20, 0xB0, 0x07, 0x25, 0x87, 0x05, 0x2E, 0x23, 0x20,
	0x8A, 0xB0, 0x04, 0x25, 0xB0, 0x07, 0x25, 0xB0, 0x14, 0x2B, 0x10, 0x21,
	0xC7, 0x21, 0x2D, 0x2C, 0xC3, 0x2D, 0x2C, 0x4B, 0x52, 0x58, 0x45, 0x44,
	0x1B, 0x21, 0x21, 0x59, 0x2D, 0x2C, 0xB0, 0x02, 0x43, 0x58, 0x3D, 0xED,
	0x18, 0x1B, 0xED, 0x59, 0x2D, 0x2C, 0x4B, 0x50, 0x58, 0x45, 0x44, 0x1B,
	0x21, 0x21, 0x59, 0x2D, 0x2C, 0x01, 0x18, 0x4B, 0x52, 0x58, 0x8A, 0x2F,
	0xED, 0x1B, 0x21, 0x21, 0x21, 0x59, 0x2D, 0x2C, 0x4B, 0x53, 0x23, 0x4B,
	0x51, 0x5A, 0x58, 0xB0, 0x03, 0x25, 0x45, 0x68, 0xB0, 0x03, 0x25, 0x45,
	0x68, 0xB0, 0x03, 0x25, 0x60, 0x54, 0x58, 0x21, 0x21, 0x21, 0x1B, 0xB0,
	0x02, 0x25, 0x45, 0x68, 0x60, 0xB0, 0x03, 0x25, 0x23, 0x44, 0x21, 0x21,
	0x59, 0x1B, 0x21, 0x21, 0x21, 0x59, 0x2D, 0x2C, 0xB0, 0x02, 0x43, 0x58,
	0x3D, 0xCD, 0x18, 0x1B, 0xCD, 0x59, 0x2D, 0x2C, 0x46, 0x23, 0x46, 0x60,
	0x8A, 0x8A, 0x46, 0x23, 0x20, 0x46, 0x8A, 0x60, 0x8A, 0x61, 0xB8, 0xFF,
	0x80, 0x62, 0x23, 0x20, 0x10, 0x23, 0x8A, 0xB1, 0x0C, 0x0C, 0x8A, 0x70,
	0x45, 0x60, 0x20, 0xB0, 0x00, 0x50, 0x58, 0xB0, 0x01, 0x61, 0xB8, 0xFF,
	0xBA, 0x8B, 0x1B, 0xB0, 0x46, 0x8C, 0x59, 0xB0, 0x10, 0x60, 0x68, 0x01,
	0x3A, 0x2D, 0x2C, 0x20, 0x45, 0xB0, 0x03, 0x25, 0x46, 0x52, 0x4B, 0xB0,
	0x13, 0x51, 0x5B, 0x58, 0xB0, 0x02, 0x25, 0x46, 0x20, 0x68, 0x61, 0xB0,
	0x03, 0x25, 0xB0, 0x03, 0x25, 0x3F, 0x23, 0x21, 0x38, 0x1B, 0x21, 0x11,
	0x59, 0x2D, 0x2C, 0x20, 0x45, 0xB0, 0x03, 0x25, 0x46, 0x50, 0x58, 0xB0,
	0x02, 0x25, 0x46, 0x20, 0x68, 0x61, 0xB0, 0x03, 0x25, 0xB0, 0x03, 0x25,
	0x3F, 0x23, 0x21, 0x38, 0x1B, 0x21, 0x11, 0x59, 0x2D, 0x2C, 0x00, 0x4B,
	0xB0, 0xC8, 0x51, 0x58, 0x00, 0xB0, 0x07, 0x43, 0xB0, 0x06, 0x43, 0x0B,
	0x59, 0x2D, 0x2C, 0x8A, 0x10, 0xEF, 0x2D, 0x2C, 0xB0, 0x0C, 0x43, 0x58,
	0x21, 0x1B, 0x20, 0x46, 0xB0, 0x00, 0x52, 0x58, 0xB8, 0xFF, 0xF0, 0x38,
	0x1B, 0xB0, 0x10, 0x38, 0x59, 0x59, 0x2D, 0x2C, 0x20, 0xB0, 0x00, 0x55,
	0x58, 0xB8, 0x10, 0x00, 0x63, 0xB0, 0x03, 0x25, 0x45, 0x64, 0xB0, 0x03,
	0x25, 0x45, 0x64, 0x61, 0xB0, 0x00, 0x53, 0x58, 0xB0, 0x02, 0x1B, 0xB0,
	0x40, 0x61, 0xB0, 0x03, 0x59, 0x25, 0x45, 0x69, 0x53, 0x58, 0x45, 0x44,
	0x1B, 0x21, 0x21, 0x59, 0x1B, 0x21, 0xB0, 0x02, 0x25, 0x45, 0xB0, 0x02,
	0x25, 0x45, 0x61, 0x64, 0xB0, 0x28, 0x51, 0x58, 0x45, 0x44, 0x1B, 0x21,
	0x21, 0x59, 0x59, 0x2D, 0x2C, 0x21, 0x21, 0x0C, 0x64, 0x23, 0x64, 0x8B,
	0xB8, 0x40, 0x00, 0x62, 0x2D, 0x2C, 0x21, 0xB0, 0x80, 0x51, 0x58, 0x0C,
	0x64, 0x23, 0x64, 0x8B, 0xB8, 0x20, 0x00, 0x62, 0x1B, 0xB2, 0x00, 0x40,
	0x2F, 0x2B, 0x59, 0xB0, 0x02, 0x60, 0x2D, 0x2C, 0x21, 0xB0, 0xC0, 0x51,
	0x58, 0x0C, 0x64, 0x23, 0x64, 0x8B, 0xB8, 0x15, 0x55, 0x62, 0x1B, 0xB2,
	0x00, 0x80, 0x2F, 0x2B, 0x59, 0xB0, 0x02, 0x60, 0x2D, 0x2C, 0x0C, 0x64,
	0x23, 0x64, 0x8B, 0xB8, 0x40, 0x00, 0x62, 0x60, 0x23, 0x21, 0x2D, 0x2C,
	0x18, 0x4B, 0x53, 0x58, 0xB0, 0x04, 0x25, 0xB0, 0x04, 0x25, 0x49, 0x64,
	0x23, 0x45, 0x64, 0x69, 0xB0, 0x40, 0x8B, 0x61, 0x20, 0xB0, 0x80, 0x62,
	0x6A, 0xB0, 0x02, 0x25, 0xB0, 0x02, 0x25, 0x61, 0x8C, 0xB0, 0x0C, 0x23,
	0x44, 0x21, 0x8A, 0x10, 0xB0, 0x0C, 0xF6, 0x21, 0x1B, 0x21, 0x8A, 0x11,
	0x23, 0x12, 0x20, 0x39, 0x2F, 0x59, 0x2D, 0x2C, 0xB0, 0x02, 0x25, 0xB0,
	0x02, 0x25, 0x49, 0x64, 0xB0, 0xC0, 0x54, 0x58, 0xB8, 0xFF, 0xF8, 0x38,
	0xB0, 0x08, 0x38, 0x1B, 0x21, 0x21, 0x59, 0x2D, 0x2C, 0xB0, 0x13, 0x43,
	0x58, 0x03, 0x1B, 0x02, 0x59, 0x2D, 0x2C, 0xB0, 0x13, 0x43, 0x58, 0x02,
	0x1B, 0x03, 0x59, 0x2D, 0x2C, 0xB0, 0x0A, 0x2B, 0x23, 0x10, 0x20, 0x3C,
	0xB0, 0x17, 0x2B, 0x2D, 0x2C, 0xB0, 0x02, 0x25, 0xB8, 0xFF, 0xF0, 0x38,
	0xB0, 0x28, 0x2B, 0x8A, 0x10, 0x23, 0x20, 0xD3, 0x23, 0xB0, 0x10, 0x2B,
	0xB0, 0x05, 0x43, 0x58, 0xC3, 0x1B, 0x3C, 0x59, 0x20, 0x10, 0x11, 0xB0,
	0x00, 0x12, 0x01, 0x2D, 0x2C, 0xB0, 0x48, 0x2B, 0x2D, 0x2C, 0x01, 0xB0,
	0x02, 0x25, 0x10, 0xD3, 0x23, 0xC9, 0x01, 0xB0, 0x01, 0x13, 0xB0, 0x00,
	0x14, 0x10, 0xB0, 0x01, 0x3C, 0xB0, 0x01, 0x16, 0x2D, 0x2C, 0x01, 0xB0,
	0x00, 0x13, 0xB0, 0x01, 0xB0, 0x03, 0x25, 0x49, 0xB0, 0x03, 0x17, 0x38,
	0xB0, 0x01, 0x13, 0x2D, 0x2C, 0x4B, 0x53, 0x23, 0x4B, 0x51, 0x5A, 0x58,
	0x20, 0x45, 0x8A, 0x60, 0x44, 0x1B, 0x21, 0x21, 0x59, 0x2D, 0x2C, 0x18,
	0x4B, 0x53, 0x58, 0xB0, 0x04, 0x25, 0xB0, 0x04, 0x25, 0x49, 0x64, 0xB0,
	0x03, 0x25, 0xB0, 0x03, 0x25, 0x49, 0x64, 0x68, 0xB0, 0x40, 0x8B, 0x61,
	0x20, 0xB0, 0x80, 0x62, 0x6A, 0xB0, 0x02, 0x25, 0xB0, 0x02, 0x25, 0x61,
	0x8C, 0xB0, 0x0C, 0x23, 0x44, 0x21, 0xB0, 0x04, 0x25, 0x10, 0x23, 0xB0,
	0x0C, 0xF6, 0x1B, 0xB0, 0x04, 0x25, 0xB0, 0x04, 0x25, 0x11, 0x12, 0x23,
	0x20, 0x39, 0x2F, 0x59, 0xCF, 0x21, 0x21, 0x2D, 0x2C, 0x01, 0x18, 0xB0,
	0x18, 0x43, 0x58, 0xB0, 0x05, 0x25, 0x46, 0x23, 0x45, 0x64, 0x61, 0x1B,
	0x21, 0xB0, 0x04, 0x25, 0xB0, 0x04, 0x25, 0x4A, 0x59, 0xB0, 0x0E, 0x23,
	0x44, 0x23, 0x10, 0xB0, 0x0E, 0xEF, 0x23, 0x10, 0xB0, 0x0E, 0xEF, 0x2D,
	0x2C, 0xB0, 0x1B, 0x43, 0x58, 0x20, 0xB0, 0x01, 0x60, 0x45, 0xB0, 0x00,
	0x51, 0x58, 0x20, 0xB0, 0x01, 0x60, 0x20, 0x45, 0x20, 0x68, 0xB0, 0x00,
	0x55, 0x58, 0xB0, 0x20, 0x60, 0x44, 0x21, 0x1B, 0x21, 0x21, 0x21, 0x59,
	0x1B, 0x20, 0xB0, 0x01, 0x60, 0x20, 0x45, 0x20, 0x68, 0xB0, 0x00, 0x55,
	0x58, 0xB8, 0xFF, 0xE0, 0x60, 0x44, 0xB0, 0x1C, 0x4B, 0x50, 0x58, 0x20,
	0x45, 0xB0, 0x20, 0x60, 0x44, 0x1B, 0x21, 0x59, 0x1B, 0x21, 0x21, 0x21,
	0x59, 0x59, 0x1B, 0x21, 0x59, 0x2D, 0x2C, 0xB0, 0x02, 0x25, 0x46, 0x20,
	0x68, 0x61, 0xB0, 0x03, 0x25, 0xB0, 0x03, 0x25, 0x3F, 0x23, 0x21, 0x38,
	0x2D, 0x2C, 0x46, 0x23, 0x46, 0x60, 0x8A, 0x8A, 0x46, 0x23, 0x20, 0x46,
	0x8A, 0x60, 0x8A, 0x61, 0xB8, 0xFF, 0x80, 0x62, 0x23, 0x20, 0x10, 0x23,
	0x8A, 0xB1, 0x0C, 0x0C, 0x8A, 0x70, 0x45, 0x60, 0x20, 0xB0, 0x00, 0x50,
	0x58, 0xB0, 0x01, 0x61, 0xB8, 0xFF, 0x80, 0x8B, 0x1B, 0xB0, 0x81, 0x8C,
	0x59, 0x68, 0x3A, 0x2D, 0x2C, 0xB0, 0x40, 0x2A, 0x21, 0x2D, 0x2C, 0x20,
	0x35, 0xB0, 0x01, 0x60, 0x2D, 0x2C, 0xB0, 0x02, 0x43, 0x54, 0x58, 0x4B,
	0x53, 0x23, 0x4B, 0x51, 0x5A, 0x58, 0x38, 0x1B, 0x21, 0x21, 0x59, 0x1B,
	0x21, 0x21, 0x21, 0x21, 0x59, 0x2D, 0x2C, 0x49, 0xB0, 0x0E, 0x23, 0x44,
	0x2D, 0x2C, 0xB0, 0x02, 0x43, 0x54, 0x58, 0x4B, 0x53, 0x23, 0x4B, 0x51,
	0x5A, 0x58, 0x20, 0x45, 0x8A, 0x60, 0x44, 0x1B, 0x21, 0x21, 0x59, 0x1B,
	0x21, 0x21, 0x21, 0x21, 0x59, 0x2D, 0x2C, 0x4B, 0x53, 0x23, 0x4B, 0x51,
	0x5A, 0x58, 0x20, 0x45, 0x8A, 0x60, 0x44, 0x1B, 0x21, 0x21, 0x59, 0x2D,
	0x2C, 0x4B, 0x54, 0x58, 0x20, 0x45, 0x8A, 0x60, 0x44, 0x1B, 0x21, 0x21,
	0x59, 0x2D, 0x2C, 0x4B, 0x53, 0x23, 0x4B, 0x51, 0x5A, 0x58, 0x38, 0x1B,
	0x21, 0x21, 0x59, 0x2D, 0x2C, 0x4B, 0x54, 0x58, 0x38, 0x1B, 0x21, 0x21,
	0x59, 0x2D, 0x2C, 0xB0, 0x02, 0x43, 0x54, 0x58, 0xB0, 0x46, 0x2B, 0x1B,
	0x21, 0x21, 0x21, 0x21, 0x59, 0x2D, 0x2C, 0xB0, 0x02, 0x43, 0x54, 0x58,
	0xB0, 0x47, 0x2B, 0x1B, 0x21, 0x21, 0x21, 0x59, 0x2D, 0x2C, 0xB0, 0x02,
	0x43, 0x54, 0x58, 0xB0, 0x48, 0x2B, 0x1B, 0x21, 0x21, 0x21, 0x21, 0x59,
	0x2D, 0x2C, 0xB0, 0x02, 0x43, 0x54, 0x58, 0xB0, 0x49, 0x2B, 0x1B, 0x21,
	0x21, 0x21, 0x59, 0x2D, 0x2C, 0x4B, 0x52, 0x58, 0x7D, 0x1B, 0x7A, 0x59,
	0x2D, 0x2C, 0xB1, 0x02, 0x00, 0x42, 0xB1, 0x23, 0x01, 0x88, 0x51, 0xB1,
	0x40, 0x01, 0x88, 0x53, 0x5A, 0x58, 0xB9, 0x10, 0x00, 0x00, 0x20, 0x88,
	0x54, 0x58, 0xB2, 0x02, 0x01, 0x02, 0x43, 0x60, 0x42, 0x59, 0xB1, 0x24,
	0x01, 0x88, 0x51, 0x58, 0xB9, 0x20, 0x00, 0x00, 0x40, 0x88, 0x54, 0x58,
	0xB2, 0x02, 0x02, 0x02, 0x43, 0x60, 0x42, 0xB1, 0x24, 0x01, 0x88, 0x54,
	0x58, 0xB2, 0x02, 0x20, 0x02, 0x43, 0x60, 0x42, 0x00, 0x4B, 0x01, 0x4B,
	0x52, 0x58, 0xB2, 0x02, 0x08, 0x02, 0x43, 0x60, 0x42, 0x59, 0x1B, 0xB9,
	0x40, 0x00, 0x00, 0x80, 0x88, 0x54, 0x58, 0xB2, 0x02, 0x04, 0x02, 0x43,
	0x60, 0x42, 0x59, 0xB9, 0x40, 0x00, 0x00, 0x80, 0x63, 0xB8, 0x01, 0x00,
	0x88, 0x54, 0x58, 0xB2, 0x02, 0x08, 0x02, 0x43, 0x60, 0x42, 0x59, 0xB9,
	0x40, 0x00, 0x01, 0x00, 0x63, 0xB8, 0x02, 0x00, 0x88, 0x54, 0x58, 0xB2,
	0x02, 0x10, 0x02, 0x43, 0x60, 0x42, 0x59, 0xB9, 0x40, 0x00, 0x02, 0x00,
	0x63, 0xB8, 0x04, 0x00, 0x88, 0x54, 0x58, 0xB2, 0x02, 0x40, 0x02, 0x43,
	0x60, 0x42, 0x59, 0x59, 0x59, 0x59, 0x59, 0x2D, 0x40, 0xFF, 0xDF, 0xE0,
	0x16, 0x17, 0x1C, 0xD4, 0xD5, 0x16, 0x17, 0x1C, 0x7B, 0x7C, 0x16, 0x1B,
	0x7B, 0x7C, 0x19, 0xD1, 0xD2, 0x16, 0x17, 0x1C, 0x76, 0x77, 0x16, 0x17,
	0x1C, 0x6D, 0x70, 0x16, 0x17, 0x1C, 0x6C, 0x6F, 0x16, 0x17, 0x1C, 0x6B,
	0x6E, 0x16, 0x1B, 0x6B, 0x6E, 0x7F, 0x72, 0x1A, 0x74, 0x75, 0x14, 0x15,
	0x1C, 0x67, 0x6A, 0x14, 0x15, 0x1C, 0x66, 0x69, 0x14, 0x15, 0x1C, 0x65,
	0x68, 0x14, 0x1B, 0x65, 0x68, 0x85, 0x71, 0x1A, 0x19, 0x73, 0x16, 0x7A,
	0x43, 0x19, 0x21, 0x79, 0x43, 0x19, 0x21, 0x9B, 0x99, 0x06, 0x2B, 0x9A,
	0x99, 0x09, 0x2B, 0x99, 0x95, 0x10, 0x2B, 0x9D, 0x91, 0x08, 0x2B, 0x94,
	0x91, 0x08, 0x2B, 0x93, 0x91, 0x08, 0x2B, 0x92, 0x91, 0x08, 0x2B, 0x91,
	0x95, 0x32, 0x2B, 0x9E, 0x95, 0x01, 0x2B, 0x99, 0x95, 0x01, 0x2B, 0x98,
	0x95, 0x07, 0x2B, 0x97, 0x95, 0x07, 0x2B, 0x96, 0x95, 0x08, 0x2B, 0x89,
	0x85, 0x05, 0x2B, 0x7F, 0x85, 0x05, 0x2B, 0x86, 0x85, 0x05, 0x2B, 0x84,
	0x85, 0x05, 0x2B, 0x83, 0x85, 0x05, 0x2B, 0x1B, 0x37, 0x15, 0x18, 0x36,
	0x15, 0x15, 0x35, 0x15, 0x12, 0x34, 0x15, 0x0F, 0x33, 0x15, 0x0C, 0x32,
	0x15, 0x09, 0x31, 0x15, 0x06, 0x30, 0x15, 0x03, 0x2F, 0x15, 0x00, 0x2E,
	0x15, 0x26, 0x27, 0x0E, 0x28, 0x27, 0x0F, 0x2A, 0x2B, 0x0E, 0x2C, 0x2B,
	0x0F, 0x22, 0x23, 0x0E, 0x24, 0x23, 0x0F, 0x1E, 0x1F, 0x0E, 0x20, 0x1F,
	0x0F, 0xED, 0xEE, 0xEF, 0x0C, 0x0F, 0x10, 0x11, 0x0C, 0x09, 0x0A, 0x0B,
	0x0C, 0x06, 0x07, 0x08, 0x0C, 0x03, 0x04, 0x05, 0x0C, 0x00, 0x01, 0x02,
	0x0C, 0x1B, 0x01, 0x1D, 0x0D, 0x18, 0x07, 0x1A, 0x0D, 0x15, 0x10, 0x17,
	0x0D, 0x12, 0x04, 0x14, 0x0D, 0x2C, 0x3C, 0x2A, 0x3C, 0x28, 0x3C, 0x26,
	0x3C, 0x40, 0x1D, 0x24, 0x3C, 0x22, 0x3C, 0x20, 0x3C, 0x1E, 0x3C, 0x1B,
	0x3C, 0x18, 0x3C, 0x15, 0x3C, 0x12, 0x3C, 0x0F, 0x3C, 0x09, 0x3C, 0x06,
	0x3C, 0x03, 0x3C, 0x00, 0x3C, 0x50, 0x33, 0x54, 0x01, 0xB0, 0x12, 0x4B,
	0x00, 0x4B, 0x54, 0x42, 0xB0, 0x13, 0x01, 0x4B, 0x00, 0x4B, 0x53, 0x42,
	0xB0, 0x33, 0x2B, 0x4B, 0xB8, 0x03, 0x20, 0x52, 0xB0, 0x32, 0x2B, 0x4B,
	0xB0, 0x09, 0x50, 0x5B, 0x58, 0xB1, 0x01, 0x01, 0x8E, 0x59, 0xB0, 0x33,
	0x2B, 0xB0, 0x02, 0x88, 0xB8, 0x01, 0x00, 0x54, 0xB0, 0x04, 0x88, 0xB8,
	0x02, 0x00, 0x54, 0xB0, 0x12, 0x43, 0x5A, 0x5B, 0x58, 0xBA, 0x01, 0x19,
	0x00, 0x01, 0x00, 0x01, 0x8E, 0x85, 0x1B, 0xB9, 0x00, 0x01, 0x01, 0x00,
	0xB0, 0x4B, 0x60, 0x85, 0x8D, 0x59, 0x2B, 0x2B, 0x1D, 0xB0, 0x64, 0x4B,
	0x53, 0x58, 0xB0, 0x80, 0x1D, 0x59, 0xB0, 0x32, 0x4B, 0x53, 0x58, 0xB0,
	0x90, 0x1D, 0x59, 0x00, 0x4B, 0xB0, 0x32, 0x51, 0xB0, 0x1B, 0x23, 0x42,
	0x2B, 0x2B, 0x2B, 0x2B, 0x2B, 0x2B, 0x2B, 0x2B, 0x2B, 0x2B, 0x2B, 0x2B,
	0x2B, 0x2B, 0x2B, 0x2B, 0x2B, 0x2B, 0x2B, 0x2B, 0x2B, 0x2B, 0x2B, 0x2B,
	0x2B, 0x2B, 0x2B, 0x2B, 0x2B, 0x2B, 0x2B, 0x2B, 0x2B, 0xB1, 0x28, 0x26,
	0x45, 0xB0, 0x2A, 0x45, 0x61, 0xB0, 0x2C, 0x45, 0x60, 0x44, 0x2B, 0x2B,
	0x2B, 0x2B, 0x2B, 0x2B, 0x2B, 0x2B, 0x2B, 0x2B, 0x2B, 0x2B, 0x01, 0x2B,
	0x2B, 0x2B, 0x2B, 0x2B, 0x00, 0x2B, 0x2B, 0x2B, 0x2B, 0x2B, 0xB0, 0x11,
	0x4B, 0x52, 0x58, 0xB1, 0x9E, 0x40, 0x44, 0x59, 0x2B, 0x2B, 0x2B, 0x2B,
	0x2B, 0x2B, 0x2B, 0x2B, 0x2B, 0x2B, 0xB0, 0x18, 0xB0, 0x3F, 0x4B, 0x53,
	0x42, 0x2B, 0x2B, 0x2B, 0x2B, 0x2B, 0x2B, 0x2B, 0x2B, 0x2B, 0x2B, 0x2B,
	0x2B, 0x2B, 0x2B, 0x2B, 0x2B, 0xB1, 0x09, 0x32, 0x2B, 0x4B, 0xB0, 0x50,
	0x52, 0x42, 0x4B, 0xB0, 0x08, 0x52, 0x4B, 0xB0, 0x08, 0x50, 0x5B, 0xB0,
	0x1A, 0x23, 0x42, 0x4B, 0xB0, 0xC8, 0x52, 0x4B, 0xB0, 0x36, 0x50, 0x5B,
	0xB0, 0x0C, 0x23, 0x42, 0xB1, 0x01, 0x02, 0x43, 0x54, 0x58, 0xB1, 0x01,
	0x01, 0x8E, 0x59, 0xB1, 0x24, 0x01, 0x88, 0x51, 0x58, 0xB8, 0x20, 0x00,
	0xB0, 0x40, 0x88, 0x55, 0x58, 0xB1, 0x01, 0x01, 0x8E, 0x59, 0x1B, 0xB1,
	0x01, 0x01, 0x8E, 0x59, 0xB1, 0x24, 0x01, 0x88, 0x51, 0x58, 0xB8, 0x20,
	0x00, 0xB0, 0x40, 0x88, 0x55, 0x58, 0xB1, 0x01, 0x01, 0x8E, 0x59, 0x1B,
	0xB1, 0x01, 0x01, 0x8E, 0x59, 0x00, 0x00, 0x00, 0x02, 0xEE, 0x00, 0x00,
	0x00, 0x00, 0x02, 0xEE, 0x00, 0x11, 0x00, 0x00, 0x02, 0xED, 0x00, 0x12,
	0x00, 0x00, 0x00, 0x00, 0x00, 0x00, 0x00, 0x00, 0x00, 0x00, 0x00, 0x00,
	0x00, 0x00, 0x02, 0x43, 0x00, 0x11, 0x00, 0x00, 0x00, 0x00, 0xFF, 0xEF,
	0x00, 0x00, 0x00, 0x00, 0xFF, 0xEF, 0x00, 0x00, 0x00, 0x00, 0xFF, 0xEF,
	0x00, 0x00, 0xFF, 0x44, 0x00, 0x11, 0x00, 0x00, 0x00, 0x00, 0x00, 0x00,
	0x00, 0x00, 0x00, 0x00, 0x00, 0x00, 0x00, 0x00, 0x00, 0x00, 0x00, 0x00,
	0x00, 0x00, 0x00, 0x00, 0x00, 0x00, 0x00, 0x00, 0x00, 0x00, 0x00, 0x00,
	0x00, 0x00, 0x00, 0x00, 0x00, 0x00, 0x00, 0x00, 0x00, 0x00, 0x00, 0x00,
	0x00, 0x00, 0x00, 0x00, 0x00, 0x00, 0x00, 0x00, 0x00, 0x00, 0x00, 0x00,
	0x00, 0x00, 0x00, 0x00, 0x00, 0x00, 0x00, 0x00, 0x00, 0x00, 0x00, 0x00,
	0x00, 0x00, 0x00, 0x00, 0x00, 0x00, 0x00, 0x00, 0x00, 0x00, 0x00, 0x00,
	0x00, 0x00, 0x00, 0x00, 0x00, 0x00, 0x00, 0x00, 0x00, 0x00, 0x00, 0x00,
	0x00, 0x00, 0x00, 0x00, 0x00, 0x00, 0x00, 0x00, 0x00, 0x00, 0x00, 0x00,
	0x00, 0x00, 0x00, 0x00, 0x00, 0x00, 0x00, 0x00, 0x00, 0x00, 0x00, 0x00,
	0x00, 0x00, 0x00, 0x00, 0x00, 0x00, 0x00, 0x00, 0x00, 0x00, 0x00, 0x00,
	0x00, 0x00, 0x00, 0x00, 0x00, 0x00, 0x00, 0x00, 0x00, 0x00, 0x00, 0x00,
	0x00, 0x00, 0x00, 0x00, 0x00, 0x00, 0x00, 0x00, 0x00, 0x00, 0x00, 0x00,
	0x00, 0x00, 0x00, 0x00, 0x00, 0x00, 0x00, 0x00, 0x00, 0x00, 0x00, 0x00,
	0x00, 0x00, 0x00, 0x00, 0x00, 0x00, 0x00, 0x00, 0x00, 0x00, 0x00, 0x00,
	0x00, 0x00, 0x00, 0x00, 0x00, 0x00, 0x00, 0x00, 0x00, 0x00, 0x00, 0x00,
	0x00, 0x00, 0x00, 0x00, 0x00, 0x00, 0x00, 0x8E, 0x00, 0x8D, 0x00, 0x93,
	0x00, 0x92, 0x00, 0x00, 0x00, 0x00, 0x00, 0x09, 0x00, 0x8C, 0x00, 0x93,
	0x00, 0x92, 0x00, 0x00, 0x00, 0x00, 0x00, 0x8C, 0x00, 0x00, 0x00, 0x00,
	0x00, 0x00, 0x00, 0x00, 0x00, 0x00, 0x00, 0x00, 0x00, 0x00, 0x00, 0x00,
	0x00, 0x00, 0x00, 0x00, 0x00, 0x00, 0x00, 0x00, 0x00, 0x00, 0x00, 0x00,
	0x00, 0x00, 0x00, 0x00, 0x00, 0x00, 0x00, 0x00, 0x00, 0x00, 0x00, 0x00,
	0x00, 0x00, 0x00, 0x00, 0x00, 0x00, 0x00, 0x00, 0x00, 0x00, 0x00, 0x00,
	0x00, 0x00, 0x00, 0x00, 0x00, 0x00, 0x00, 0x00, 0x00, 0x00, 0x00, 0x00,
	0x00, 0x00, 0x00, 0x00, 0x00, 0x00, 0x00, 0x00, 0x00, 0x00, 0x00, 0x00,
	0x00, 0x00, 0x00, 0x00, 0x00, 0x00, 0x00, 0x00, 0x00, 0x00, 0x00, 0x00,
	0x00, 0x00, 0x00, 0x00, 0x00, 0x00, 0x00, 0x00, 0x00, 0x00, 0x00, 0x00,
	0x00, 0x00, 0x00, 0x00, 0x00, 0x00, 0x00, 0x00, 0x00, 0x00, 0x00, 0x00,
	0x00, 0x00, 0x00, 0x00, 0x00, 0x00, 0x00, 0x00, 0x00, 0x00, 0x00, 0x00,
	0x00, 0x00, 0x00, 0x00, 0x00, 0x00, 0x00, 0x00, 0x00, 0x00, 0x00, 0x00,
	0x00, 0x00, 0x00, 0x00, 0x00, 0x00, 0x00, 0x00, 0x00, 0x00, 0x00, 0x00,
	0x00, 0x00, 0x00, 0x00, 0x00, 0x00, 0x00, 0x00, 0x00, 0x00, 0x00, 0x00,
	0x00, 0x00, 0x00, 0x00, 0x00, 0x00, 0x00, 0x00, 0x00, 0x00, 0x00, 0x00,
	0x00, 0x00, 0x00, 0x00, 0x00, 0x00, 0x00, 0x00, 0x00, 0x00, 0x00, 0x00,
	0x00, 0x00, 0x00, 0x00, 0x00, 0x00, 0x00, 0x00, 0x00, 0x00, 0x00, 0x00,
	0x00, 0x00, 0x01, 0x77, 0xFF, 0xF8, 0x00, 0x00, 0x00, 0x00, 0x00, 0x00,
	0x00, 0x00, 0x00, 0x00, 0x00, 0x00, 0x00, 0x00, 0x00, 0x00, 0x00, 0x2E,
	0x00, 0x52, 0x00, 0xA6, 0x01, 0x08, 0x01, 0x96, 0x02, 0x26, 0x02, 0x3E,
	0x02, 0x68, 0x02, 0x92, 0x02, 0xE6, 0x03, 0x0A, 0x03, 0x3A, 0x03, 0x52,
	0x03, 0x72, 0x03, 0x8E, 0x03, 0xDE, 0x04, 0x04, 0x04, 0x42, 0x04, 0x88,
	0x04, 0xB6, 0x05, 0x0A, 0x05, 0x5C, 0x05, 0x80, 0x05, 0xF4, 0x06, 0x46,
	0x06, 0x7C, 0x06, 0xC2, 0x06, 0xEA, 0x07, 0x0A, 0x07, 0x32, 0x07, 0x98,
	0x08, 0x2A, 0x08, 0x5A, 0x08, 0xB2, 0x08, 0xFE, 0x09, 0x3A, 0x09, 0x66,
	0x09, 0x8E, 0x09, 0xE6, 0x0A, 0x12, 0x0A, 0x2A, 0x0A, 0x60, 0x0A, 0x88,
	0x0A, 0xA6, 0x0A, 0xDC, 0x0B, 0x08, 0x0B, 0x54, 0x0B, 0x92, 0x0B, 0xE6,
	0x0C, 0x2A, 0x0C, 0x92, 0x0C, 0xB4, 0x0C, 0xEE, 0x0D, 0x12, 0x0D, 0x46,
	0x0D, 0x6E, 0x0D, 0x9C, 0x0D, 0xC8, 0x0D, 0xE6, 0x0E, 0x02, 0x0E, 0x20,
	0x0E, 0x42, 0x0E, 0x58, 0x0E, 0x78, 0x0E, 0xD0, 0x0F, 0x24, 0x0F, 0x70,
	0x0F, 0xC6, 0x10, 0x18, 0x10, 0x4C, 0x10, 0xBE, 0x10, 0xFC, 0x11, 0x2A,
	0x11, 0x66, 0x11, 0x8C, 0x11, 0xA4, 0x11, 0xFC, 0x12, 0x38, 0x12, 0x84,
	0x12, 0xDA, 0x13, 0x30, 0x13, 0x64, 0x13, 0xC6, 0x13, 0xFA, 0x14, 0x36,
	0x14, 0x56, 0x14, 0x88, 0x14, 0xB0, 0x14, 0xD4, 0x14, 0xFE, 0x15, 0x48,
	0x15, 0x60, 0x15, 0xAA, 0x15, 0xE8, 0x15, 0xE8, 0x16, 0x18, 0x16, 0x5E,
	0x16, 0xCA, 0x17, 0x2E, 0x17, 0x70, 0x17, 0x94, 0x18, 0x1E, 0x18, 0x50,
	0x18, 0xD2, 0x19, 0x1C, 0x19, 0x4A, 0x19, 0x62, 0x19, 0x7A, 0x19, 0xEC,
	0x1A, 0x02, 0x1A, 0x3C, 0x1A, 0x6A, 0x1A, 0xAE, 0x1A, 0xF8, 0x1B, 0x18,
	0x1B, 0x58, 0x1B, 0x98, 0x1B, 0xB8, 0x1B, 0xF8, 0x1C, 0x1E, 0x1C, 0x62,
	0x1C, 0x90, 0x1C, 0xE6, 0x1D, 0x54, 0x1D, 0xCE, 0x1E, 0x34, 0x1E, 0x74,
	0x1E, 0xB4, 0x1E, 0xF6, 0x1F, 0x4C, 0x1F, 0xA2, 0x1F, 0xF8, 0x20, 0x36,
	0x20, 0xAE, 0x20, 0xEC, 0x21, 0x2A, 0x21, 0x68, 0x21, 0xBA, 0x21, 0xE2,
	0x22, 0x0A, 0x22, 0x34, 0x22, 0x72, 0x22, 0xB8, 0x23, 0x0A, 0x23, 0x64,
	0x23, 0xBE, 0x24, 0x1C, 0x24, 0x8C, 0x24, 0xFC, 0x25, 0x24, 0x25, 0x84,
	0x25, 0xCC, 0x26, 0x14, 0x26, 0x5C, 0x26, 0xB8, 0x26, 0xF8, 0x27, 0x34,
	0x27, 0x90, 0x27, 0xFA, 0x28, 0x66, 0x28, 0xD0, 0x29, 0x4E, 0x29, 0xCC,
	0x2A, 0x4E, 0x2A, 0xE8, 0x2B, 0x5E, 0x2B, 0xC4, 0x2C, 0x2A, 0x2C, 0x90,
	0x2D, 0x0A, 0x2D, 0x34, 0x2D, 0x5E, 0x2D, 0x88, 0x2D, 0xC6, 0x2E, 0x42,
	0x2E, 0xA8, 0x2F, 0x06, 0x2F, 0x64, 0x2F, 0xC2, 0x30, 0x34, 0x30, 0xA4,
	0x30, 0xE6, 0x31, 0x5E, 0x31, 0xAC, 0x31, 0xFA, 0x32, 0x48, 0x32, 0xA8,
	0x32, 0xE0, 0x33, 0x36, 0x33, 0x80, 0x33, 0x98, 0x33, 0xD8, 0x34, 0x12,
	0x34, 0x74, 0x34, 0xFA, 0x35, 0x72, 0x35, 0xE8, 0x36, 0x3C, 0x36, 0x78,
	0x36, 0xB4, 0x37, 0x02, 0x37, 0x22, 0x37, 0x42, 0x37, 0x58, 0x37, 0x7C,
	0x37, 0x9E, 0x37, 0xD4, 0x38, 0x06, 0x38, 0x3A, 0x38, 0x5A, 0x38, 0x7E,
	0x38, 0xDA, 0x39, 0x1A, 0x39, 0x66, 0x39, 0x7E, 0x39, 0x96, 0x39, 0xCA,
	0x39, 0xFE, 0x3A, 0x2E, 0x3A, 0x86, 0x3A, 0xDE, 0x3B, 0x34, 0x3B, 0x5C,
	0x3B, 0x90, 0x3B, 0xBA, 0x3B, 0xFE, 0x3C, 0xBE, 0x3C, 0xDE, 0x3C, 0xFE,
	0x3D, 0x1A, 0x3D, 0x7E, 0x3D, 0xB8, 0x3E, 0x14, 0x3E, 0x7A, 0x3E, 0x9E,
	0x3E, 0xC8, 0x3E, 0xF6, 0x3F, 0x0E, 0x3F, 0x2A, 0x3F, 0x4A, 0x3F, 0x7A,
	0x3F, 0xEA, 0x40, 0x20, 0x40, 0x9E, 0x40, 0xD4, 0x41, 0x08, 0x41, 0x3C,
	0x41, 0x62, 0x41, 0x62, 0x41, 0xAE, 0x41, 0xE8, 0x42, 0x5E, 0x42, 0xB0,
	0x43, 0x02, 0x43, 0x6A, 0x43, 0xBE, 0x43, 0xBE, 0x00, 0x02, 0x00, 0x34,
	0xFF, 0xF9, 0x00, 0xCE, 0x02, 0xEE, 0x00, 0x0B, 0x00, 0x0F, 0x00, 0x22,
	0xB0, 0x09, 0x1C, 0x4B, 0x76, 0x2A, 0xA8, 0x25, 0x19, 0x2E, 0xB1, 0x40,
	0x0A, 0x09, 0x0C, 0x0C, 0x09, 0x03, 0x0D, 0x03, 0x12, 0x0D, 0x01, 0x00,
	0x3F, 0x3F, 0x11, 0x12, 0x39, 0x39, 0x2F, 0x2F, 0x31, 0x30, 0x37, 0x14,
	0x06, 0x23, 0x22, 0x26, 0x35, 0x34, 0x36, 0x33, 0x32, 0x16, 0x27, 0x03,
	0x33, 0x03, 0xCE, 0x2D, 0x20, 0x20, 0x2D, 0x2D, 0x20, 0x20, 0x2D, 0x83,
	0x0F, 0x89, 0x0F, 0x46, 0x21, 0x2C, 0x2C, 0x21, 0x20, 0x2B, 0x2B, 0x66,
	0x02, 0x22, 0xFD, 0xDE, 0x00, 0x02, 0x00, 0x32, 0x01, 0xDD, 0x01, 0x03,
	0x02, 0xEE, 0x00, 0x03, 0x00, 0x07, 0x00, 0x1D, 0xB0, 0x09, 0x1C, 0x4B,
	0x76, 0x2A, 0xA8, 0x25, 0x19, 0x2E, 0xB1, 0xB8, 0x00, 0x00, 0xB5, 0x06,
	0x01, 0x07, 0x01, 0x01, 0x01, 0x00, 0x3F, 0x3F, 0x10, 0xC5, 0x39, 0x31,
	0x30, 0x13, 0x11, 0x33, 0x11, 0x13, 0x11, 0x23, 0x11, 0x32, 0x49, 0x88,
	0x48, 0x01, 0xDD, 0x01, 0x11, 0xFE, 0xEF, 0x01, 0x11, 0xFE, 0xEF, 0x01,
	0x11, 0x00, 0x00, 0x00, 0x00, 0x02, 0x00, 0x14, 0x00, 0x00, 0x02, 0x58,
	0x02, 0xEE, 0x00, 0x03, 0x00, 0x1F, 0x00, 0x3E, 0xB0, 0x09, 0x1C, 0x4B,
	0x76, 0x2A, 0xA8, 0x25, 0x19, 0x2E, 0xB1, 0x40, 0x18, 0x0B, 0x07, 0x01,
	0x04, 0x0F, 0x10, 0x10, 0x0D, 0x16, 0x00, 0x1F, 0x18, 0x1C, 0x13, 0x14,
	0x14, 0x0D, 0x16, 0x09, 0x0D, 0x12, 0x1A, 0x16, 0x01, 0x00, 0x3F, 0x33,
	0x3F, 0x33, 0x11, 0x12, 0x39, 0x2F, 0xCD, 0x33, 0x33, 0x32, 0x32, 0x11,
	0x12, 0x39, 0x2F, 0xCD, 0x33, 0x33, 0x32, 0x32, 0x31, 0x30, 0x01, 0x07,
	0x33, 0x37, 0x17, 0x33, 0x15, 0x23, 0x03, 0x23, 0x13, 0x23, 0x03, 0x23,
	0x13, 0x23, 0x35, 0x33, 0x37, 0x23, 0x35, 0x33, 0x13, 0x33, 0x03, 0x33,
	0x13, 0x33, 0x03, 0x33, 0x15, 0x23, 0x01, 0x0E, 0x15, 0x66, 0x16, 0x2D,
	0xB6, 0xC4, 0x36, 0x45, 0x38, 0x67, 0x37, 0x43, 0x36, 0x92, 0xA0, 0x16,
	0xB6, 0xC4, 0x36, 0x45, 0x36, 0x66, 0x36, 0x45, 0x36, 0x90, 0xA0, 0x01,
	0xAA, 0x67, 0x67, 0x67, 0x43, 0xFF, 0x00, 0x01, 0x00, 0xFF, 0x00, 0x01,
	0x00, 0x43, 0x67, 0x44, 0x01, 0x00, 0xFF, 0x00, 0x01, 0x00, 0xFF, 0x00,
	0x44, 0x00, 0x00, 0x00, 0x00, 0x01, 0x00, 0x28, 0xFF, 0xB4, 0x02, 0x08,
	0x03, 0x2A, 0x00, 0x3D, 0x00, 0x20, 0xB0, 0x09, 0x1C, 0x4B, 0x76, 0x2A,
	0xA8, 0x25, 0x19, 0x2E, 0xB1, 0x40, 0x09, 0x18, 0x21, 0x15, 0x13, 0x35,
	0x05, 0x38, 0x01, 0x36, 0x00, 0x2F, 0x3F, 0xCD, 0x33, 0x3F, 0xCD, 0x33,
	0x31, 0x30, 0x01, 0x34, 0x2E, 0x02, 0x23, 0x22, 0x06, 0x15, 0x14, 0x16,
	0x33, 0x32, 0x1E, 0x02, 0x15, 0x14, 0x0E, 0x02, 0x07, 0x15, 0x23, 0x35,
	0x2E, 0x03, 0x35, 0x33, 0x14, 0x16, 0x33, 0x32, 0x3E, 0x02, 0x35, 0x34,
	0x2E, 0x02, 0x23, 0x22, 0x2E, 0x02, 0x35, 0x34, 0x3E, 0x02, 0x37, 0x35,
	0x33, 0x15, 0x1E, 0x03, 0x15, 0x01, 0x76, 0x0F, 0x19, 0x22, 0x13, 0x27,
	0x37, 0x37, 0x27, 0x2F, 0x57, 0x42, 0x27, 0x1B, 0x2F, 0x3F, 0x23, 0x88,
	0x23, 0x3C, 0x2B, 0x18, 0x89, 0x37, 0x27, 0x13, 0x22, 0x19, 0x0F, 0x0F,
	0x19, 0x22, 0x13, 0x30, 0x57, 0x43, 0x27, 0x1B, 0x2F, 0x3F, 0x23, 0x88,
	0x23, 0x3C, 0x2B, 0x18, 0x02, 0x11, 0x14, 0x22, 0x1A, 0x0E, 0x36, 0x28,
	0x27, 0x36, 0x22, 0x3E, 0x54, 0x32, 0x29, 0x47, 0x38, 0x29, 0x0B, 0x3E,
	0x3E, 0x0B, 0x2B, 0x39, 0x46, 0x27, 0x27, 0x37, 0x0F, 0x19, 0x22, 0x14,
	0x13, 0x22, 0x19, 0x0F, 0x23, 0x3D, 0x54, 0x32, 0x29, 0x47, 0x38, 0x29,
	0x0B, 0x3D, 0x3D, 0x0B, 0x2A, 0x3A, 0x46, 0x27, 0x00, 0x04, 0x00, 0x28,
	0xFF, 0xEF, 0x02, 0x44, 0x02, 0xFF, 0x00, 0x1E, 0x00, 0x32, 0x00, 0x3E,
	0x00, 0x4A, 0x00, 0x44, 0xB0, 0x09, 0x1C, 0x4B, 0x76, 0x2A, 0xA8, 0x25,
	0x19, 0x2E, 0xB1, 0x40, 0x1C, 0x02, 0x04, 0x04, 0x18, 0x18, 0x3C, 0x36,
	0x42, 0x2E, 0x2E, 0x48, 0x13, 0x09, 0x3C, 0x3C, 0x13, 0x00, 0x1E, 0x13,
	0x48, 0x24, 0x13, 0x1D, 0x1C, 0x04, 0x36, 0x13, 0x04, 0x00, 0x3F, 0xCD,
	0x3F, 0x33, 0x3F, 0xCD, 0x3F, 0x33, 0x11, 0x39, 0x2F, 0xCD, 0x11, 0x12,
	0x39, 0x2F, 0xCD, 0x11, 0x12, 0x39, 0x2F, 0x33, 0x11, 0x33, 0x31, 0x30,
	0x37, 0x13, 0x23, 0x22, 0x27, 0x0E, 0x03, 0x23, 0x22, 0x2E, 0x02, 0x35,
	0x34, 0x3E, 0x02, 0x33, 0x32, 0x16, 0x17, 0x16, 0x33, 0x32, 0x36, 0x3F,
	0x01, 0x17, 0x01, 0x25, 0x14, 0x0E, 0x02, 0x23, 0x22, 0x2E, 0x02, 0x35,
	0x34, 0x3E, 0x02, 0x33, 0x32, 0x1E, 0x02, 0x01, 0x34, 0x26, 0x23, 0x22,
	0x06, 0x15, 0x14, 0x16, 0x33, 0x32, 0x36, 0x01, 0x34, 0x26, 0x23, 0x22,
	0x06, 0x15, 0x14, 0x16, 0x33, 0x32, 0x36, 0x74, 0xF3, 0x0B, 0x15, 0x12,
	0x06, 0x19, 0x23, 0x2C, 0x18, 0x1C, 0x31, 0x25, 0x15, 0x15, 0x25, 0x31,
	0x1C, 0x26, 0x3F, 0x12, 0x12, 0x24, 0x14, 0x1F, 0x07, 0x19, 0x45, 0xFE,
	0xC5, 0x01, 0x8B, 0x15, 0x26, 0x32, 0x1C, 0x1C, 0x31, 0x25, 0x15, 0x15,
	0x25, 0x31, 0x1C, 0x1C, 0x32, 0x26, 0x15, 0xFE, 0xAA, 0x25, 0x1A, 0x19,
	0x25, 0x25, 0x19, 0x1A, 0x25, 0x01, 0x0C, 0x25, 0x1A, 0x19, 0x25, 0x25,
	0x19, 0x1A, 0x25, 0x0C, 0x02, 0x46, 0x06, 0x17, 0x26, 0x1C, 0x10, 0x15,
	0x25, 0x31, 0x1D, 0x1C, 0x32, 0x25, 0x15, 0x25, 0x1E, 0x20, 0x16, 0x11,
	0x3C, 0x1D, 0xFD, 0x0D, 0x89, 0x1D, 0x31, 0x26, 0x15, 0x15, 0x26, 0x31,
	0x1D, 0x1C, 0x32, 0x25, 0x15, 0x15, 0x25, 0x32, 0x01, 0xE3, 0x1A, 0x25,
	0x25, 0x1A, 0x1A, 0x24, 0x24, 0xFE, 0x1B, 0x1A, 0x25, 0x25, 0x1A, 0x1A,
	0x24, 0x24, 0x00, 0x00, 0x00, 0x02, 0x00, 0x28, 0xFF, 0xEF, 0x02, 0x7D,
	0x02, 0xFF, 0x00, 0x43, 0x00, 0x4F, 0x00, 0x4C, 0xB0, 0x09, 0x1C, 0x4B,
	0x76, 0x2A, 0xA8, 0x25, 0x19, 0x2E, 0xB1, 0x40, 0x20, 0x3B, 0x38, 0x4D,
	0x3B, 0x38, 0x3F, 0x4D, 0x47, 0x19, 0x2D, 0x42, 0x2D, 0x42, 0x04, 0x3F,
	0x10, 0x3F, 0x3F, 0x01, 0x19, 0x11, 0x23, 0x47, 0x47, 0x01, 0x19, 0x07,
	0x13, 0x01, 0x12, 0x19, 0x04, 0x00, 0x3F, 0x3F, 0x3F, 0x11, 0x12, 0x39,
	0x2F, 0xCD, 0x39, 0x11, 0x12, 0x39, 0x2F, 0x38, 0xCD, 0x39, 0x39, 0x2F,
	0x2F, 0x11, 0x12, 0x39, 0x12, 0x39, 0x39, 0x2F, 0x2F, 0x2F, 0x31, 0x30,
	0x21, 0x23, 0x22, 0x26, 0x27, 0x0E, 0x01, 0x23, 0x22, 0x2E, 0x02, 0x35,
	0x34, 0x3E, 0x02, 0x37, 0x2E, 0x01, 0x35, 0x34, 0x3E, 0x02, 0x33, 0x32,
	0x1E, 0x02, 0x15, 0x14, 0x0E, 0x02, 0x23, 0x22, 0x0E, 0x02, 0x15, 0x14,
	0x1E, 0x02, 0x33, 0x32, 0x3E, 0x02, 0x3D, 0x01, 0x34, 0x3E, 0x02, 0x3B,
	0x01, 0x15, 0x23, 0x22, 0x06, 0x1D, 0x01, 0x14, 0x16, 0x3B, 0x01, 0x01,
	0x14, 0x16, 0x33, 0x32, 0x36, 0x35, 0x34, 0x26, 0x23, 0x22, 0x06, 0x02,
	0x7D, 0x2A, 0x20, 0x38, 0x15, 0x23, 0x57, 0x32, 0x39, 0x64, 0x4A, 0x2B,
	0x13, 0x21, 0x2C, 0x19, 0x14, 0x1C, 0x20, 0x36, 0x49, 0x2A, 0x2A, 0x49,
	0x36, 0x20, 0x20, 0x38, 0x49, 0x28, 0x1B, 0x2E, 0x22, 0x14, 0x14, 0x22,
	0x2E, 0x1B, 0x1B, 0x2E, 0x23, 0x14, 0x18, 0x29, 0x38, 0x20, 0x2A, 0x2A,
	0x07, 0x0B, 0x0B, 0x07, 0x2A, 0xFE, 0x79, 0x27, 0x1D, 0x1C, 0x29, 0x29,
	0x1C, 0x1D, 0x27, 0x18, 0x16, 0x1E, 0x21, 0x26, 0x44, 0x5E, 0x37, 0x23,
	0x3D, 0x34, 0x2C, 0x11, 0x1A, 0x3C, 0x26, 0x2A, 0x47, 0x35, 0x1E, 0x1E,
	0x35, 0x47, 0x2A, 0x29, 0x47, 0x35, 0x1F, 0x14, 0x23, 0x2E, 0x1A, 0x1B,
	0x2F, 0x23, 0x14, 0x14, 0x23, 0x2F, 0x1B, 0x2A, 0x1F, 0x38, 0x2A, 0x19,
	0x89, 0x0A, 0x07, 0x88, 0x08, 0x0A, 0x01, 0xAB, 0x1D, 0x28, 0x28, 0x1D,
	0x1C, 0x27, 0x27, 0x00, 0x00, 0x01, 0x00, 0x32, 0x01, 0xDD, 0x00, 0x7B,
	0x02, 0xEE, 0x00, 0x03, 0x00, 0x14, 0xB0, 0x09, 0x1C, 0x4B, 0x76, 0x2A,
	0xA8, 0x25, 0x19, 0x2E, 0xB1, 0xB2, 0x03, 0x00, 0x01, 0x00, 0x3F, 0xC5,
	0x31, 0x30, 0x13, 0x33, 0x11, 0x23, 0x32, 0x49, 0x49, 0x02, 0xEE, 0xFE,
	0xEF, 0x00, 0x00, 0x00, 0x00, 0x01, 0x00, 0x50, 0xFF, 0x44, 0x01, 0x33,
	0x02, 0xFF, 0x00, 0x11, 0x00, 0x15, 0xB0, 0x09, 0x1C, 0x4B, 0x76, 0x2A,
	0xA8, 0x25, 0x19, 0x2E, 0xB1, 0xB3, 0x06, 0x1B, 0x0C, 0x04, 0x00, 0x3F,
	0x3F, 0x31, 0x30, 0x13, 0x14, 0x1E, 0x02, 0x17, 0x23, 0x2E, 0x01, 0x35,
	0x34, 0x36, 0x37, 0x33, 0x0E, 0x03, 0xB6, 0x0F, 0x1F, 0x2F, 0x20, 0x6D,
	0x38, 0x3E, 0x3D, 0x39, 0x6D, 0x21, 0x2F, 0x1E, 0x0F, 0x01, 0x1F, 0x41,
	0x80, 0x79, 0x71, 0x30, 0x66, 0xF7, 0x7E, 0x80, 0xF9, 0x67, 0x31, 0x72,
	0x7B, 0x82, 0x00, 0x00, 0x00, 0x01, 0x00, 0x1E, 0xFF, 0x44, 0x01, 0x01,
	0x02, 0xFF, 0x00, 0x11, 0x00, 0x15, 0xB0, 0x09, 0x1C, 0x4B, 0x76, 0x2A,
	0xA8, 0x25, 0x19, 0x2E, 0xB1, 0xB3, 0x0D, 0x1B, 0x05, 0x04, 0x00, 0x3F,
	0x3F, 0x31, 0x30, 0x13, 0x34, 0x2E, 0x02, 0x27, 0x33, 0x1E, 0x01, 0x15,
	0x14, 0x06, 0x07, 0x23, 0x3E, 0x03, 0x9B, 0x0F, 0x1E, 0x2F, 0x21, 0x6D,
	0x39, 0x3D, 0x3E, 0x38, 0x6D, 0x20, 0x2F, 0x1F, 0x0F, 0x01, 0x1F, 0x40,
	0x82, 0x7B, 0x72, 0x31, 0x67, 0xF9, 0x80, 0x7E, 0xF7, 0x66, 0x30, 0x71,
	0x79, 0x80, 0x00, 0x00, 0x00, 0x01, 0x00, 0x50, 0x02, 0x17, 0x01, 0x31,
	0x02, 0xF5, 0x00, 0x11, 0x00, 0x62, 0xB0, 0x09, 0x1C, 0x4B, 0x76, 0x2A,
	0xA8, 0x25, 0x19, 0x2E, 0xB1, 0x40, 0x0B, 0x05, 0x08, 0x08, 0x09, 0x03,
	0x0B, 0x11, 0x11, 0x0A, 0x00, 0x10, 0xB8, 0xFF, 0xF0, 0x40, 0x17, 0x10,
	0x0F, 0x0F, 0x0A, 0x07, 0x10, 0x07, 0x06, 0x06, 0x09, 0x03, 0x0E, 0x02,
	0x02, 0x00, 0x10, 0x00, 0x01, 0x01, 0x03, 0x0D, 0x0D, 0x09, 0xB8, 0xFF,
	0xF0, 0xB3, 0x09, 0x0A, 0x03, 0x01, 0x00, 0x3F, 0x2F, 0xCD, 0x38, 0x33,
	0x2F, 0x11, 0x39, 0x2F, 0xCD, 0x38, 0x39, 0x11, 0x33, 0x11, 0x12, 0x39,
	0x2F, 0xCD, 0x38, 0x11, 0x33, 0x2F, 0xCD, 0x38, 0x11, 0x12, 0x39, 0x11,
	0x33, 0x11, 0x12, 0x39, 0x11, 0x33, 0x31, 0x30, 0x13, 0x37, 0x17, 0x27,
	0x33, 0x07, 0x37, 0x17, 0x07, 0x17, 0x07, 0x27, 0x17, 0x23, 0x37, 0x07,
	0x27, 0x37, 0x50, 0x22, 0x34, 0x06, 0x42, 0x06, 0x35, 0x20, 0x3B, 0x3B,
	0x20, 0x35, 0x06, 0x42, 0x06, 0x34, 0x22, 0x3B, 0x02, 0xA1, 0x39, 0x26,
	0x41, 0x41, 0x26, 0x39, 0x1A, 0x1C, 0x38, 0x25, 0x41, 0x41, 0x25, 0x38,
	0x1C, 0x00, 0x00, 0x00, 0x00, 0x01, 0x00, 0x32, 0x00, 0x00, 0x02, 0x76,
	0x02, 0x43, 0x00, 0x0B, 0x00, 0x1E, 0xB0, 0x09, 0x1C, 0x4B, 0x76, 0x2A,
	0xA8, 0x25, 0x19, 0x2E, 0xB1, 0xB7, 0x08, 0x12, 0x01, 0x01, 0x06, 0x03,
	0x0A, 0x0B, 0x00, 0x2F, 0xCD, 0x33, 0x32, 0x32, 0x2F, 0x3F, 0x31, 0x30,
	0x01, 0x35, 0x33, 0x15, 0x33, 0x15, 0x23, 0x15, 0x23, 0x35, 0x23, 0x35,
	0x01, 0x22, 0x66, 0xEE, 0xEE, 0x66, 0xF0, 0x01, 0x54, 0xEF, 0xEF, 0x66,
	0xEE, 0xEE, 0x66, 0x00, 0x00, 0x01, 0x00, 0x23, 0xFF, 0x87, 0x00, 0xBD,
	0x00, 0x92, 0x00, 0x14, 0x00, 0x1D, 0xB0, 0x09, 0x1C, 0x4B, 0x76, 0x2A,
	0xA8, 0x25, 0x19, 0x2E, 0xB1, 0xB7, 0x11, 0x11, 0x05, 0x06, 0x0B, 0x12,
	0x09, 0x12, 0x00, 0x3F, 0x3F, 0x2F, 0xCD, 0x32, 0x2F, 0x31, 0x30, 0x17,
	0x14, 0x0E, 0x02, 0x23, 0x35, 0x32, 0x36, 0x37, 0x06, 0x23, 0x22, 0x26,
	0x35, 0x34, 0x36, 0x33, 0x32, 0x16, 0x15, 0xBD, 0x12, 0x20, 0x29, 0x18,
	0x14, 0x1E, 0x01, 0x05, 0x08, 0x20, 0x2D, 0x2D, 0x20, 0x20, 0x2D, 0x05,
	0x18, 0x2A, 0x20, 0x12, 0x41, 0x1D, 0x15, 0x02, 0x2D, 0x20, 0x20, 0x2D,
	0x2D, 0x20, 0x00, 0x00, 0x00, 0x01, 0x00, 0x46, 0x00, 0xEE, 0x01, 0x8B,
	0x01, 0x54, 0x00, 0x03, 0x00, 0x13, 0xB0, 0x09, 0x1C, 0x4B, 0x76, 0x2A,
	0xA8, 0x25, 0x19, 0x2E, 0xB1, 0xB1, 0x02, 0x03, 0x00, 0x2F, 0xCD, 0x31,
	0x30, 0x01, 0x15, 0x21, 0x35, 0x01, 0x8B, 0xFE, 0xBB, 0x01, 0x54, 0x66,
	0x66, 0x00, 0x00, 0x00, 0x00, 0x01, 0x00, 0x23, 0xFF, 0xF8, 0x00, 0xBD,
	0x00, 0x92, 0x00, 0x0B, 0x00, 0x14, 0xB0, 0x09, 0x1C, 0x4B, 0x76, 0x2A,
	0xA8, 0x25, 0x19, 0x2E, 0xB1, 0xB2, 0x06, 0x00, 0x12, 0x00, 0x3F, 0xC5,
	0x31, 0x30, 0x17, 0x22, 0x26, 0x35, 0x34, 0x36, 0x33, 0x32, 0x16, 0x15,
	0x14, 0x06, 0x70, 0x20, 0x2D, 0x2D, 0x20, 0x20, 0x2D, 0x2D, 0x08, 0x2D,
	0x20, 0x20, 0x2D, 0x2D, 0x20, 0x20, 0x2D, 0x00, 0x00, 0x01, 0x00, 0x3C,
	0xFF, 0xEF, 0x01, 0xBA, 0x02, 0xFF, 0x00, 0x03, 0x00, 0x19, 0xB0, 0x09,
	0x1C, 0x4B, 0x76, 0x2A, 0xA8, 0x25, 0x19, 0x2E, 0xB1, 0xB5, 0x03, 0x02,
	0x13, 0x01, 0x00, 0x04, 0x00, 0x3F, 0x33, 0x3F, 0x33, 0x31, 0x30, 0x01,
	0x17, 0x01, 0x27, 0x01, 0x76, 0x44, 0xFE, 0xC6, 0x44, 0x02, 0xFF, 0x1D,
	0xFD, 0x0D, 0x1D, 0x00, 0x00, 0x02, 0x00, 0x34, 0xFF, 0xEF, 0x02, 0x4D,
	0x02, 0xFF, 0x00, 0x15, 0x00, 0x2B, 0x00, 0x22, 0xB0, 0x09, 0x1C, 0x4B,
	0x76, 0x2A, 0xA8, 0x25, 0x19, 0x2E, 0xB1, 0x40, 0x0A, 0x26, 0x1B, 0x1B,
	0x26, 0x05, 0x10, 0x05, 0x13, 0x10, 0x04, 0x00, 0x3F, 0x3F, 0x11, 0x12,
	0x39, 0x39, 0x2F, 0x2F, 0x31, 0x30, 0x25, 0x14, 0x0E, 0x02, 0x23, 0x22,
	0x2E, 0x02, 0x35, 0x11, 0x34, 0x3E, 0x02, 0x33, 0x32, 0x1E, 0x02, 0x15,
	0x23, 0x34, 0x2E, 0x02, 0x23, 0x22, 0x0E, 0x02, 0x15, 0x11, 0x14, 0x1E,
	0x02, 0x33, 0x32, 0x3E, 0x02, 0x35, 0x02, 0x4D, 0x2B, 0x49, 0x61, 0x37,
	0x37, 0x62, 0x49, 0x2B, 0x2B, 0x49, 0x62, 0x37, 0x37, 0x61, 0x49, 0x2B,
	0x8C, 0x14, 0x23, 0x2F, 0x1A, 0x1B, 0x2F, 0x23, 0x14, 0x14, 0x23, 0x2F,
	0x1B, 0x1A, 0x2F, 0x23, 0x14, 0xF6, 0x36, 0x60, 0x48, 0x29, 0x29, 0x48,
	0x60, 0x36, 0x01, 0x01, 0x36, 0x60, 0x48, 0x2A, 0x2A, 0x48, 0x60, 0x36,
	0x1A, 0x2E, 0x23, 0x14, 0x14, 0x23, 0x2E, 0x1A, 0xFE, 0xFF, 0x1A, 0x2F,
	0x22, 0x14, 0x14, 0x22, 0x2F, 0x1A, 0x00, 0x00, 0x00, 0x01, 0x00, 0x32,
	0x00, 0x00, 0x01, 0x4D, 0x02, 0xEE, 0x00, 0x07, 0x00, 0x27, 0xB0, 0x09,
	0x1C, 0x4B, 0x76, 0x2A, 0xA8, 0x25, 0x19, 0x2E, 0xB1, 0xB3, 0x04, 0x12,
	0x00, 0x07, 0xB8, 0xFF, 0xF0, 0xB6, 0x07, 0x07, 0x05, 0x06, 0x06, 0x01,
	0x01, 0x00, 0x3F, 0x33, 0x11, 0x33, 0x33, 0x2F, 0x38, 0x33, 0x3F, 0x31,
	0x30, 0x13, 0x37, 0x33, 0x11, 0x23, 0x11, 0x27, 0x07, 0x32, 0x8E, 0x8D,
	0x8D, 0x03, 0x8B, 0x02, 0x99, 0x55, 0xFD, 0x12, 0x02, 0x5B, 0x03, 0x4D,
	0x00, 0x01, 0x00, 0x28, 0x00, 0x00, 0x02, 0x39, 0x02, 0xFF, 0x00, 0x22,
	0x00, 0x15, 0xB0, 0x09, 0x1C, 0x4B, 0x76, 0x2A, 0xA8, 0x25, 0x19, 0x2E,
	0xB1, 0xB3, 0x03, 0x12, 0x1A, 0x04, 0x00, 0x3F, 0x3F, 0x31, 0x30, 0x25,
	0x21, 0x15, 0x21, 0x35, 0x01, 0x3E, 0x01, 0x35, 0x34, 0x2E, 0x02, 0x23,
	0x22, 0x0E, 0x02, 0x1D, 0x01, 0x23, 0x35, 0x34, 0x3E, 0x02, 0x33, 0x32,
	0x1E, 0x02, 0x15, 0x14, 0x06, 0x07, 0x01, 0x0E, 0x01, 0x14, 0xFE, 0x1B,
	0x01, 0x40, 0x14, 0x16, 0x13, 0x20, 0x2B, 0x19, 0x19, 0x2B, 0x20, 0x13,
	0x91, 0x29, 0x47, 0x60, 0x38, 0x37, 0x61, 0x48, 0x29, 0x39, 0x2A, 0x89,
	0x89, 0x89, 0x01, 0x1B, 0x14, 0x2C, 0x1B, 0x19, 0x2C, 0x21, 0x13, 0x13,
	0x21, 0x2C, 0x19, 0x21, 0x21, 0x37, 0x5E, 0x45, 0x26, 0x26, 0x45, 0x5E,
	0x37, 0x3A, 0x64, 0x23, 0x00, 0x01, 0x00, 0x26, 0xFF, 0xEF, 0x02, 0x2F,
	0x02, 0xEE, 0x00, 0x28, 0x00, 0x15, 0xB0, 0x09, 0x1C, 0x4B, 0x76, 0x2A,
	0xA8, 0x25, 0x19, 0x2E, 0xB1, 0xB3, 0x0F, 0x13, 0x02, 0x01, 0x00, 0x3F,
	0x3F, 0x31, 0x30, 0x01, 0x23, 0x35, 0x21, 0x15, 0x07, 0x1E, 0x03, 0x15,
	0x14, 0x0E, 0x02, 0x23, 0x22, 0x2E, 0x02, 0x35, 0x33, 0x14, 0x1E, 0x02,
	0x33, 0x32, 0x3E, 0x02, 0x35, 0x34, 0x2E, 0x02, 0x23, 0x22, 0x06, 0x07,
	0x27, 0x01, 0x33, 0xDA, 0x01, 0x9B, 0x89, 0x28, 0x47, 0x36, 0x1F, 0x29,
	0x48, 0x61, 0x37, 0x35, 0x5E, 0x45, 0x28, 0x88, 0x13, 0x21, 0x2B, 0x19,
	0x18, 0x2C, 0x20, 0x13, 0x13, 0x20, 0x2C, 0x18, 0x1A, 0x2B, 0x10, 0x60,
	0x02, 0x67, 0x87, 0x87, 0x85, 0x09, 0x2D, 0x40, 0x51, 0x2E, 0x37, 0x5D,
	0x44, 0x26, 0x28, 0x45, 0x5C, 0x35, 0x19, 0x2B, 0x20, 0x13, 0x13, 0x20,
	0x2B, 0x19, 0x19, 0x2C, 0x20, 0x13, 0x12, 0x10, 0x60, 0x00, 0x00, 0x00,
	0x00, 0x02, 0x00, 0x24, 0x00, 0x00, 0x02, 0x4E, 0x02, 0xEE, 0x00, 0x0A,
	0x00, 0x0D, 0x00, 0x27, 0xB0, 0x09, 0x1C, 0x4B, 0x76, 0x2A, 0xA8, 0x25,
	0x19, 0x2E, 0xB1, 0x40, 0x0F, 0x0A, 0x0B, 0x0D, 0x00, 0x0B, 0x03, 0x0A,
	0x06, 0x06, 0x08, 0x01, 0x08, 0x12, 0x01, 0x01, 0x00, 0x3F, 0x3F, 0x11,
	0x12, 0x17, 0x39, 0x2F, 0x2F, 0x31, 0x30, 0x13, 0x01, 0x33, 0x11, 0x33,
	0x15, 0x23, 0x15, 0x23, 0x35, 0x21, 0x37, 0x33, 0x35, 0x24, 0x01, 0x48,
	0x8E, 0x54, 0x54, 0x8E, 0xFE, 0xB8, 0x99, 0xAF, 0x01, 0x10, 0x01, 0xDE,
	0xFE, 0x22, 0x88, 0x88, 0x88, 0x88, 0xF2, 0x00, 0x00, 0x01, 0x00, 0x26,
	0xFF, 0xEF, 0x02, 0x46, 0x02, 0xEC, 0x00, 0x29, 0x00, 0x2F, 0xB0, 0x09,
	0x1C, 0x4B, 0x76, 0x2A, 0xA8, 0x25, 0x19, 0x2E, 0xB1, 0x40, 0x14, 0x1D,
	0x17, 0x27, 0x08, 0x05, 0x05, 0x08, 0x06, 0x27, 0x01, 0x00, 0x17, 0x1D,
	0x08, 0x12, 0x02, 0x12, 0x13, 0x02, 0x01, 0x00, 0x3F, 0x3F, 0x11, 0x12,
	0x17, 0x39, 0x2F, 0x2F, 0x2F, 0x2F, 0x2F, 0x31, 0x30, 0x13, 0x27, 0x13,
	0x21, 0x15, 0x23, 0x07, 0x36, 0x33, 0x32, 0x1E, 0x02, 0x15, 0x14, 0x0E,
	0x02, 0x23, 0x22, 0x2E, 0x02, 0x35, 0x33, 0x14, 0x1E, 0x02, 0x33, 0x32,
	0x3E, 0x02, 0x35, 0x34, 0x2E, 0x02, 0x23, 0x22, 0x06, 0xD2, 0x86, 0x46,
	0x01, 0x67, 0xF5, 0x13, 0x20, 0x22, 0x3E, 0x66, 0x48, 0x27, 0x2B, 0x4A,
	0x65, 0x39, 0x39, 0x62, 0x49, 0x29, 0x8D, 0x14, 0x23, 0x2F, 0x1A, 0x1B,
	0x2F, 0x23, 0x14, 0x14, 0x23, 0x2F, 0x1B, 0x1D, 0x32, 0x01, 0x49, 0x17,
	0x01, 0x8C, 0x87, 0x6F, 0x08, 0x27, 0x47, 0x61, 0x39, 0x39, 0x60, 0x47,
	0x27, 0x27, 0x47, 0x60, 0x39, 0x1B, 0x2E, 0x23, 0x14, 0x14, 0x23, 0x2E,
	0x1B, 0x1B, 0x2E, 0x22, 0x14, 0x18, 0x00, 0x00, 0x00, 0x02, 0x00, 0x28,
	0xFF, 0xEF, 0x02, 0x4D, 0x02, 0xEE, 0x00, 0x15, 0x00, 0x29, 0x00, 0x27,
	0xB0, 0x09, 0x1C, 0x4B, 0x76, 0x2A, 0xA8, 0x25, 0x19, 0x2E, 0xB1, 0x40,
	0x0E, 0x25, 0x1B, 0x01, 0x00, 0x01, 0x1B, 0x25, 0x04, 0x0B, 0x14, 0x0B,
	0x13, 0x14, 0x01, 0x00, 0x3F, 0x3F, 0x11, 0x12, 0x17, 0x39, 0x2F, 0x2F,
	0x2F, 0x31, 0x30, 0x01, 0x15, 0x1E, 0x03, 0x15, 0x14, 0x0E, 0x02, 0x23,
	0x22, 0x2E, 0x02, 0x35, 0x34, 0x36, 0x37, 0x13, 0x33, 0x03, 0x34, 0x2E,
	0x02, 0x23, 0x22, 0x0E, 0x02, 0x15, 0x14, 0x1E, 0x02, 0x33, 0x32, 0x3E,
	0x02, 0x01, 0x35, 0x37, 0x66, 0x4D, 0x2E, 0x2B, 0x4B, 0x64, 0x39, 0x39,
	0x63, 0x4B, 0x2B, 0x13, 0x11, 0xE0, 0x9D, 0x10, 0x14, 0x22, 0x2E, 0x1B,
	0x1B, 0x2E, 0x22, 0x14, 0x14, 0x22, 0x2E, 0x1B, 0x1B, 0x2E, 0x22, 0x14,
	0x02, 0x00, 0x03, 0x01, 0x28, 0x45, 0x5F, 0x38, 0x39, 0x62, 0x46, 0x28,
	0x28, 0x46, 0x62, 0x39, 0x24, 0x42, 0x1E, 0x01, 0x72, 0xFE, 0x0A, 0x1A,
	0x2E, 0x23, 0x14, 0x14, 0x23, 0x2E, 0x1A, 0x1B, 0x2F, 0x23, 0x14, 0x14,
	0x23, 0x2F, 0x00, 0x00, 0x00, 0x01, 0x00, 0x1A, 0x00, 0x00, 0x02, 0x0E,
	0x02, 0xEE, 0x00, 0x06, 0x00, 0x21, 0xB0, 0x09, 0x1C, 0x4B, 0x76, 0x2A,
	0xA8, 0x25, 0x19, 0x2E, 0xB1, 0xB8, 0x00, 0x00, 0xB7, 0x00, 0x03, 0x05,
	0x01, 0x05, 0x12, 0x01, 0x01, 0x00, 0x3F, 0x3F, 0x11, 0x12, 0x39, 0x39,
	0x2F, 0x31, 0x30, 0x13, 0x35, 0x21, 0x15, 0x01, 0x23, 0x01, 0x1A, 0x01,
	0xF4, 0xFF, 0x00, 0x93, 0x00, 0xFF, 0x02, 0x66, 0x88, 0x88, 0xFD, 0x9A,
	0x02, 0x66, 0x00, 0x00, 0x00, 0x03, 0x00, 0x28, 0xFF, 0xEF, 0x02, 0x4C,
	0x02, 0xFF, 0x00, 0x13, 0x00, 0x1F, 0x00, 0x3F, 0x00, 0x34, 0xB0, 0x09,
	0x1C, 0x4B, 0x76, 0x2A, 0xA8, 0x25, 0x19, 0x2E, 0xB1, 0x40, 0x13, 0x0F,
	0x17, 0x0F, 0x28, 0x05, 0x17, 0x1D, 0x38, 0x30, 0x20, 0x05, 0x1D, 0x1D,
	0x28, 0x38, 0x28, 0x13, 0x38, 0x04, 0x00, 0x3F, 0x3F, 0x11, 0x12, 0x39,
	0x2F, 0xCD, 0x39, 0x39, 0x11, 0x12, 0x39, 0x11, 0x12, 0x39, 0x2F, 0x2F,
	0x31, 0x30, 0x25, 0x34, 0x2E, 0x02, 0x23, 0x22, 0x0E, 0x02, 0x15, 0x14,
	0x1E, 0x02, 0x33, 0x32, 0x3E, 0x02, 0x03, 0x34, 0x26, 0x23, 0x22, 0x06,
	0x15, 0x14, 0x16, 0x33, 0x32, 0x36, 0x17, 0x1E, 0x01, 0x15, 0x14, 0x0E,
	0x02, 0x23, 0x22, 0x2E, 0x02, 0x35, 0x34, 0x36, 0x37, 0x2E, 0x01, 0x35,
	0x34, 0x3E, 0x02, 0x33, 0x32, 0x1E, 0x02, 0x15, 0x14, 0x06, 0x01, 0xBA,
	0x14, 0x22, 0x2E, 0x1B, 0x1B, 0x2E, 0x23, 0x14, 0x14, 0x23, 0x2E, 0x1B,
	0x1B, 0x2E, 0x22, 0x14, 0x36, 0x2C, 0x1D, 0x1F, 0x2B, 0x2B, 0x1F, 0x1D,
	0x2C, 0x52, 0x33, 0x43, 0x2B, 0x49, 0x64, 0x39, 0x3A, 0x64, 0x4A, 0x2B,
	0x44, 0x33, 0x17, 0x20, 0x21, 0x39, 0x4D, 0x2C, 0x2C, 0x4C, 0x39, 0x20,
	0x1F, 0xF8, 0x1A, 0x2E, 0x23, 0x14, 0x14, 0x23, 0x2E, 0x1A, 0x1B, 0x2F,
	0x23, 0x14, 0x14, 0x23, 0x2F, 0x01, 0x56, 0x1D, 0x2C, 0x2C, 0x1D, 0x1F,
	0x2B, 0x2B, 0x54, 0x22, 0x68, 0x48, 0x38, 0x5D, 0x44, 0x26, 0x26, 0x44,
	0x5D, 0x38, 0x48, 0x68, 0x22, 0x1A, 0x40, 0x25, 0x2A, 0x46, 0x33, 0x1D,
	0x1D, 0x33, 0x46, 0x2A, 0x25, 0x40, 0x00, 0x00, 0x00, 0x02, 0x00, 0x28,
	0x00, 0x00, 0x02, 0x4D, 0x02, 0xFF, 0x00, 0x15, 0x00, 0x29, 0x00, 0x27,
	0xB0, 0x09, 0x1C, 0x4B, 0x76, 0x2A, 0xA8, 0x25, 0x19, 0x2E, 0xB1, 0x40,
	0x0E, 0x01, 0x1B, 0x25, 0x25, 0x1B, 0x01, 0x00, 0x04, 0x15, 0x0B, 0x15,
	0x12, 0x0B, 0x04, 0x00, 0x3F, 0x3F, 0x11, 0x12, 0x17, 0x39, 0x2F, 0x2F,
	0x2F, 0x31, 0x30, 0x25, 0x35, 0x2E, 0x03, 0x35, 0x34, 0x3E, 0x02, 0x33,
	0x32, 0x1E, 0x02, 0x15, 0x14, 0x06, 0x07, 0x03, 0x23, 0x13, 0x14, 0x1E,
	0x02, 0x33, 0x32, 0x3E, 0x02, 0x35, 0x34, 0x2E, 0x02, 0x23, 0x22, 0x0E,
	0x02, 0x01, 0x40, 0x38, 0x65, 0x4D, 0x2E, 0x2B, 0x4B, 0x64, 0x39, 0x39,
	0x63, 0x4B, 0x2B, 0x13, 0x11, 0xE0, 0x9D, 0x10, 0x14, 0x22, 0x2E, 0x1B,
	0x1B, 0x2E, 0x22, 0x14, 0x14, 0x22, 0x2E, 0x1B, 0x1B, 0x2E, 0x22, 0x14,
	0xEE, 0x03, 0x01, 0x28, 0x45, 0x5F, 0x38, 0x39, 0x62, 0x46, 0x28, 0x28,
	0x46, 0x62, 0x39, 0x24, 0x42, 0x1E, 0xFE, 0x8E, 0x01, 0xF6, 0x1A, 0x2E,
	0x23, 0x14, 0x14, 0x23, 0x2E, 0x1A, 0x1B, 0x2F, 0x23, 0x14, 0x14, 0x23,
	0x2F, 0x00, 0x00, 0x00, 0x00, 0x02, 0x00, 0x23, 0xFF, 0xF8, 0x00, 0xBD,
	0x02, 0x4B, 0x00, 0x0B, 0x00, 0x17, 0x00, 0x21, 0xB0, 0x09, 0x1C, 0x4B,
	0x76, 0x2A, 0xA8, 0x25, 0x19, 0x2E, 0xB1, 0x40, 0x09, 0x09, 0x15, 0x15,
	0x09, 0x03, 0x0F, 0x0F, 0x03, 0x12, 0x00, 0x3F, 0xC5, 0x11, 0x12, 0x39,
	0x39, 0x2F, 0x2F, 0x31, 0x30, 0x37, 0x14, 0x06, 0x23, 0x22, 0x26, 0x35,
	0x34, 0x36, 0x33, 0x32, 0x16, 0x03, 0x34, 0x36, 0x33, 0x32, 0x16, 0x15,
	0x14, 0x06, 0x23, 0x22, 0x26, 0xBD, 0x2D, 0x20, 0x20, 0x2D, 0x2D, 0x20,
	0x20, 0x2D, 0x9A, 0x2D, 0x20, 0x20, 0x2D, 0x2D, 0x20, 0x20, 0x2D, 0x45,
	0x20, 0x2D, 0x2D, 0x20, 0x20, 0x2D, 0x2D, 0x01, 0x99, 0x20, 0x2D, 0x2D,
	0x20, 0x20, 0x2D, 0x2D, 0x00, 0x02, 0x00, 0x23, 0xFF, 0x87, 0x00, 0xBD,
	0x02, 0x4B, 0x00, 0x0B, 0x00, 0x20, 0x00, 0x28, 0xB0, 0x09, 0x1C, 0x4B,
	0x76, 0x2A, 0xA8, 0x25, 0x19, 0x2E, 0xB1, 0x40, 0x0D, 0x1D, 0x09, 0x1D,
	0x09, 0x12, 0x03, 0x11, 0x12, 0x17, 0x12, 0x15, 0x12, 0x03, 0x00, 0x2F,
	0x3F, 0x3F, 0x2F, 0xCD, 0x11, 0x12, 0x39, 0x39, 0x2F, 0x2F, 0x31, 0x30,
	0x13, 0x34, 0x36, 0x33, 0x32, 0x16, 0x15, 0x14, 0x06, 0x23, 0x22, 0x26,
	0x13, 0x14, 0x0E, 0x02, 0x23, 0x35, 0x32, 0x36, 0x37, 0x06, 0x23, 0x22,
	0x26, 0x35, 0x34, 0x36, 0x33, 0x32, 0x16, 0x15, 0x23, 0x2D, 0x20, 0x20,
	0x2D, 0x2D, 0x20, 0x20, 0x2D, 0x9A, 0x12, 0x20, 0x29, 0x18, 0x14, 0x1E,
	0x01, 0x05, 0x08, 0x20, 0x2D, 0x2D, 0x20, 0x20, 0x2D, 0x01, 0xFE, 0x20,
	0x2D, 0x2D, 0x20, 0x20, 0x2D, 0x2D, 0xFE, 0x1D, 0x18, 0x2A, 0x20, 0x12,
	0x41, 0x1D, 0x15, 0x02, 0x2D, 0x20, 0x20, 0x2D, 0x2D, 0x20, 0x00, 0x00,
	0x00, 0x01, 0x00, 0x28, 0x00, 0x00, 0x01, 0x7D, 0x02, 0x43, 0x00, 0x07,
	0x00, 0x29, 0xB0, 0x09, 0x1C, 0x4B, 0x76, 0x2A, 0xA8, 0x25, 0x19, 0x2E,
	0xB1, 0xB5, 0x05, 0x06, 0x06, 0x07, 0x03, 0x04, 0xB8, 0xFF, 0xF0, 0xB5,
	0x04, 0x12, 0x00, 0x07, 0x10, 0x07, 0x00, 0x2F, 0x38, 0xCD, 0x3F, 0x38,
	0xCD, 0x11, 0x39, 0x2F, 0xCD, 0x31, 0x30, 0x01, 0x07, 0x15, 0x17, 0x15,
	0x25, 0x35, 0x25, 0x01, 0x7D, 0xF3, 0xF3, 0xFE, 0xAB, 0x01, 0x55, 0x01,
	0xC6, 0xA2, 0x05, 0xA2, 0x7D, 0xEE, 0x66, 0xEF, 0x00, 0x02, 0x00, 0x32,
	0x00, 0x9A, 0x02, 0x75, 0x01, 0xAA, 0x00, 0x03, 0x00, 0x07, 0x00, 0x19,
	0xB0, 0x09, 0x1C, 0x4B, 0x76, 0x2A, 0xA8, 0x25, 0x19, 0x2E, 0xB1, 0xB4,
	0x02, 0x03, 0x03, 0x04, 0x05, 0x00, 0x2F, 0xCD, 0x33, 0x2F, 0xCD, 0x31,
	0x30, 0x01, 0x15, 0x21, 0x3D, 0x02, 0x21, 0x15, 0x02, 0x75, 0xFD, 0xBD,
	0x02, 0x43, 0x01, 0x00, 0x66, 0x66, 0x43, 0x67, 0x67, 0x00, 0x00, 0x00,
	0x00, 0x01, 0x00, 0x28, 0x00, 0x00, 0x01, 0x7D, 0x02, 0x43, 0x00, 0x07,
	0x00, 0x29, 0xB0, 0x09, 0x1C, 0x4B, 0x76, 0x2A, 0xA8, 0x25, 0x19, 0x2E,
	0xB1, 0xB5, 0x02, 0x01, 0x01, 0x00, 0x04, 0x03, 0xB8, 0xFF, 0xF0, 0xB5,
	0x03, 0x12, 0x07, 0x00, 0x10, 0x00, 0x00, 0x2F, 0x38, 0xCD, 0x3F, 0x38,
	0xCD, 0x11, 0x39, 0x2F, 0xCD, 0x31, 0x30, 0x13, 0x05, 0x15, 0x05, 0x35,
	0x37, 0x35, 0x27, 0x28, 0x01, 0x55, 0xFE, 0xAB, 0xF3, 0xF3, 0x02, 0x43,
	0xEF, 0x66, 0xEE, 0x7D, 0xA2, 0x05, 0xA2, 0x00, 0x00, 0x02, 0x00, 0x28,
	0xFF, 0xF9, 0x01, 0xDD, 0x02, 0xFF, 0x00, 0x0B, 0x00, 0x37, 0x00, 0x33,
	0xB0, 0x09, 0x1C, 0x4B, 0x76, 0x2A, 0xA8, 0x25, 0x19, 0x2E, 0xB1, 0x40,
	0x16, 0x03, 0x1A, 0x17, 0x11, 0x24, 0x2E, 0x2A, 0x2A, 0x2E, 0x24, 0x11,
	0x14, 0x17, 0x1A, 0x03, 0x08, 0x09, 0x33, 0x09, 0x12, 0x33, 0x04, 0x00,
	0x3F, 0x3F, 0x11, 0x12, 0x17, 0x39, 0x2F, 0x2F, 0x2F, 0x2F, 0x2F, 0x2F,
	0x2F, 0x31, 0x30, 0x37, 0x34, 0x36, 0x33, 0x32, 0x16, 0x15, 0x14, 0x06,
	0x23, 0x22, 0x26, 0x01, 0x14, 0x0E, 0x02, 0x23, 0x22, 0x06, 0x15, 0x14,
	0x16, 0x3B, 0x01, 0x15, 0x23, 0x22, 0x2E, 0x02, 0x35, 0x34, 0x3E, 0x02,
	0x33, 0x32, 0x36, 0x35, 0x34, 0x26, 0x23, 0x22, 0x06, 0x15, 0x23, 0x34,
	0x3E, 0x02, 0x33, 0x32, 0x1E, 0x02, 0xB1, 0x2C, 0x20, 0x20, 0x2D, 0x2D,
	0x20, 0x20, 0x2C, 0x01, 0x2C, 0x23, 0x3C, 0x52, 0x2F, 0x07, 0x0A, 0x0A,
	0x07, 0x34, 0x34, 0x22, 0x3B, 0x2C, 0x1A, 0x1A, 0x2C, 0x3B, 0x22, 0x20,
	0x2D, 0x2D, 0x20, 0x20, 0x2C, 0x89, 0x22, 0x3A, 0x4D, 0x2C, 0x2F, 0x52,
	0x3C, 0x23, 0x46, 0x20, 0x2B, 0x2B, 0x20, 0x21, 0x2C, 0x2C, 0x02, 0x05,
	0x2F, 0x4E, 0x39, 0x20, 0x09, 0x08, 0x07, 0x09, 0x88, 0x16, 0x28, 0x38,
	0x22, 0x22, 0x39, 0x29, 0x16, 0x2D, 0x20, 0x20, 0x2C, 0x2C, 0x20, 0x2C,
	0x4E, 0x3A, 0x21, 0x1F, 0x39, 0x4E, 0x00, 0x00, 0x00, 0x02, 0x00, 0x28,
	0xFF, 0xEF, 0x03, 0x38, 0x02, 0xFF, 0x00, 0x47, 0x00, 0x53, 0x00, 0x42,
	0xB0, 0x09, 0x1C, 0x4B, 0x76, 0x2A, 0xA8, 0x25, 0x19, 0x2E, 0xB1, 0x40,
	0x1A, 0x13, 0x12, 0x12, 0x0F, 0x20, 0x2B, 0x44, 0x44, 0x0F, 0x20, 0x2E,
	0x31, 0x51, 0x51, 0x0F, 0x20, 0x4B, 0x3B, 0x3B, 0x20, 0x0F, 0x16, 0x13,
	0x05, 0x20, 0x04, 0x00, 0x3F, 0xCD, 0x3F, 0xCD, 0x11, 0x39, 0x2F, 0xCD,
	0x11, 0x12, 0x39, 0x2F, 0xCD, 0x33, 0x11, 0x12, 0x39, 0x2F, 0xCD, 0x11,
	0x12, 0x39, 0x2F, 0xCD, 0x31, 0x30, 0x01, 0x34, 0x2E, 0x02, 0x23, 0x22,
	0x0E, 0x02, 0x15, 0x14, 0x1E, 0x02, 0x33, 0x32, 0x36, 0x37, 0x17, 0x0E,
	0x01, 0x23, 0x22, 0x2E, 0x02, 0x35, 0x34, 0x3E, 0x02, 0x33, 0x32, 0x1E,
	0x02, 0x1D, 0x01, 0x14, 0x0E, 0x02, 0x23, 0x22, 0x26, 0x27, 0x0E, 0x01,
	0x23, 0x22, 0x2E, 0x02, 0x35, 0x34, 0x3E, 0x02, 0x33, 0x32, 0x1E, 0x02,
	0x1D, 0x01, 0x1E, 0x01, 0x33, 0x32, 0x36, 0x35, 0x27, 0x34, 0x26, 0x23,
	0x22, 0x06, 0x15, 0x14, 0x16, 0x33, 0x32, 0x36, 0x02, 0xC1, 0x2B, 0x4A,
	0x64, 0x38, 0x39, 0x63, 0x4A, 0x2B, 0x2B, 0x4A, 0x63, 0x39, 0x21, 0x3D,
	0x1C, 0x35, 0x28, 0x57, 0x30, 0x51, 0x8F, 0x6B, 0x3D, 0x3D, 0x6B, 0x8F,
	0x51, 0x51, 0x8F, 0x6A, 0x3E, 0x19, 0x2B, 0x39, 0x21, 0x20, 0x39, 0x14,
	0x1A, 0x40, 0x23, 0x29, 0x47, 0x35, 0x1F, 0x1F, 0x35, 0x47, 0x29, 0x28,
	0x48, 0x35, 0x1F, 0x02, 0x15, 0x0F, 0x11, 0x16, 0xC4, 0x2D, 0x20, 0x20,
	0x2D, 0x2D, 0x20, 0x20, 0x2D, 0x01, 0x77, 0x38, 0x64, 0x4A, 0x2B, 0x2B,
	0x4A, 0x64, 0x38, 0x38, 0x64, 0x4A, 0x2B, 0x0F, 0x0E, 0x6B, 0x14, 0x15,
	0x3E, 0x6A, 0x8F, 0x51, 0x51, 0x8F, 0x6A, 0x3E, 0x3E, 0x6A, 0x8F, 0x51,
	0x26, 0x21, 0x39, 0x2B, 0x19, 0x18, 0x15, 0x15, 0x18, 0x1F, 0x35, 0x47,
	0x29, 0x28, 0x48, 0x35, 0x1F, 0x1F, 0x35, 0x48, 0x28, 0x2A, 0x0E, 0x15,
	0x16, 0x11, 0x26, 0x20, 0x2D, 0x2D, 0x20, 0x20, 0x2D, 0x2D, 0x00, 0x00,
	0x00, 0x02, 0x00, 0x0F, 0x00, 0x00, 0x02, 0xB8, 0x02, 0xEE, 0x00, 0x03,
	0x00, 0x0B, 0x00, 0x27, 0xB0, 0x09, 0x1C, 0x4B, 0x76, 0x2A, 0xA8, 0x25,
	0x19, 0x2E, 0xB1, 0x40, 0x0D, 0x07, 0x03, 0x02, 0x07, 0x03, 0x09, 0x0A,
	0x05, 0x12, 0x09, 0x12, 0x0A, 0x01, 0x00, 0x3F, 0x3F, 0x3F, 0x11, 0x12,
	0x39, 0x39, 0x39, 0x2F, 0x2F, 0x31, 0x30, 0x01, 0x03, 0x23, 0x03, 0x01,
	0x23, 0x27, 0x21, 0x07, 0x23, 0x01, 0x33, 0x01, 0xC0, 0x58, 0x08, 0x58,
	0x01, 0xB0, 0x98, 0x30, 0xFE, 0xE8, 0x2F, 0x9A, 0x01, 0x09, 0x99, 0x01,
	0x11, 0x01, 0x31, 0xFE, 0xCF, 0xFE, 0xEF, 0x88, 0x88, 0x02, 0xEE, 0x00,
	0x00, 0x03, 0x00, 0x3C, 0x00, 0x00, 0x02, 0x8E, 0x02, 0xEE, 0x00, 0x16,
	0x00, 0x23, 0x00, 0x2C, 0x00, 0x2A, 0xB0, 0x09, 0x1C, 0x4B, 0x76, 0x2A,
	0xA8, 0x25, 0x19, 0x2E, 0xB1, 0x40, 0x10, 0x1E, 0x1D, 0x24, 0x2C, 0x2C,
	0x24, 0x12, 0x1D, 0x1E, 0x05, 0x06, 0x07, 0x06, 0x12, 0x07, 0x01, 0x00,
	0x3F, 0x3F, 0x11, 0x12, 0x17, 0x39, 0x2F, 0x2F, 0x2F, 0x2F, 0x31, 0x30,
	0x25, 0x14, 0x0E, 0x02, 0x23, 0x21, 0x11, 0x21, 0x32, 0x1E, 0x02, 0x15,
	0x14, 0x0E, 0x02, 0x07, 0x1E, 0x03, 0x07, 0x34, 0x2E, 0x02, 0x2B, 0x01,
	0x15, 0x33, 0x32, 0x3E, 0x02, 0x25, 0x33, 0x32, 0x36, 0x35, 0x34, 0x26,
	0x2B, 0x01, 0x02, 0x8E, 0x26, 0x41, 0x58, 0x31, 0xFE, 0x9E, 0x01, 0x51,
	0x2E, 0x51, 0x3D, 0x23, 0x11, 0x19, 0x1F, 0x0F, 0x16, 0x2C, 0x22, 0x16,
	0x92, 0x0F, 0x19, 0x23, 0x13, 0xD4, 0xD4, 0x13, 0x23, 0x19, 0x0F, 0xFE,
	0xCE, 0xC3, 0x20, 0x2C, 0x2C, 0x20, 0xC3, 0xDD, 0x30, 0x51, 0x3B, 0x21,
	0x02, 0xEE, 0x1E, 0x36, 0x4B, 0x2D, 0x1D, 0x2D, 0x24, 0x1A, 0x09, 0x0A,
	0x20, 0x2D, 0x39, 0x1B, 0x13, 0x22, 0x19, 0x0F, 0xBB, 0x0F, 0x19, 0x22,
	0xFA, 0x2C, 0x20, 0x20, 0x2D, 0x00, 0x00, 0x00, 0x00, 0x01, 0x00, 0x23,
	0xFF, 0xEF, 0x03, 0x2E, 0x02, 0xFF, 0x00, 0x25, 0x00, 0x29, 0xB0, 0x09,
	0x1C, 0x4B, 0x76, 0x2A, 0xA8, 0x25, 0x19, 0x2E, 0xB1, 0x40, 0x0F, 0x13,
	0x16, 0x06, 0x09, 0x09, 0x06, 0x16, 0x13, 0x04, 0x1C, 0x00, 0x1C, 0x13,
	0x00, 0x04, 0x00, 0x3F, 0x3F, 0x11, 0x12, 0x17, 0x39, 0x2F, 0x2F, 0x2F,
	0x2F, 0x31, 0x30, 0x01, 0x32, 0x1E, 0x02, 0x17, 0x23, 0x2E, 0x01, 0x23,
	0x22, 0x0E, 0x02, 0x15, 0x14, 0x1E, 0x02, 0x33, 0x32, 0x36, 0x37, 0x33,
	0x0E, 0x03, 0x23, 0x22, 0x2E, 0x02, 0x35, 0x34, 0x3E, 0x02, 0x01, 0xB5,
	0x45, 0x7D, 0x63, 0x45, 0x0F, 0x92, 0x20, 0x7A, 0x4D, 0x35, 0x5C, 0x46,
	0x28, 0x28, 0x46, 0x5C, 0x35, 0x4D, 0x7A, 0x20, 0x92, 0x0F, 0x45, 0x63,
	0x7D, 0x45, 0x54, 0x92, 0x6D, 0x3F, 0x3F, 0x6D, 0x92, 0x02, 0xFF, 0x27,
	0x4A, 0x68, 0x40, 0x40, 0x50, 0x28, 0x45, 0x5D, 0x35, 0x35, 0x5E, 0x45,
	0x28, 0x50, 0x41, 0x41, 0x67, 0x4A, 0x27, 0x3C, 0x69, 0x8F, 0x54, 0x54,
	0x8F, 0x69, 0x3C, 0x00, 0x00, 0x02, 0x00, 0x3C, 0x00, 0x00, 0x02, 0xC2,
	0x02, 0xEE, 0x00, 0x0C, 0x00, 0x19, 0x00, 0x22, 0xB0, 0x09, 0x1C, 0x4B,
	0x76, 0x2A, 0xA8, 0x25, 0x19, 0x2E, 0xB1, 0x40, 0x0A, 0x14, 0x13, 0x13,
	0x14, 0x0B, 0x0C, 0x0B, 0x12, 0x0C, 0x01, 0x00, 0x3F, 0x3F, 0x11, 0x12,
	0x39, 0x39, 0x2F, 0x2F, 0x31, 0x30, 0x01, 0x32, 0x1E, 0x02, 0x15, 0x14,
	0x0E, 0x02, 0x23, 0x21, 0x11, 0x01, 0x34, 0x2E, 0x02, 0x2B, 0x01, 0x11,
	0x33, 0x32, 0x3E, 0x02, 0x01, 0x41, 0x51, 0x8D, 0x68, 0x3B, 0x3B, 0x68,
	0x8D, 0x51, 0xFE, 0xFB, 0x01, 0xF3, 0x26, 0x40, 0x57, 0x31, 0x77, 0x77,
	0x31, 0x57, 0x40, 0x26, 0x02, 0xEE, 0x38, 0x64, 0x8A, 0x51, 0x51, 0x8A,
	0x64, 0x38, 0x02, 0xEE, 0xFE, 0x89, 0x31, 0x57, 0x40, 0x26, 0xFE, 0x23,
	0x26, 0x40, 0x57, 0x00, 0x00, 0x01, 0x00, 0x3C, 0x00, 0x00, 0x02, 0x63,
	0x02, 0xEE, 0x00, 0x0B, 0x00, 0x29, 0xB0, 0x09, 0x1C, 0x4B, 0x76, 0x2A,
	0xA8, 0x25, 0x19, 0x2E, 0xB1, 0x40, 0x0F, 0x0B, 0x0A, 0x07, 0x06, 0x06,
	0x07, 0x0A, 0x0B, 0x04, 0x02, 0x03, 0x02, 0x12, 0x03, 0x01, 0x00, 0x3F,
	0x3F, 0x11, 0x12, 0x17, 0x39, 0x2F, 0x2F, 0x2F, 0x2F, 0x31, 0x30, 0x25,
	0x15, 0x21, 0x11, 0x21, 0x15, 0x21, 0x15, 0x21, 0x15, 0x21, 0x15, 0x02,
	0x63, 0xFD, 0xD9, 0x02, 0x27, 0xFE, 0x67, 0x01, 0x54, 0xFE, 0xAC, 0x88,
	0x88, 0x02, 0xEE, 0x89, 0xA9, 0x89, 0xAB, 0x00, 0x00, 0x01, 0x00, 0x3C,
	0x00, 0x00, 0x02, 0x51, 0x02, 0xEE, 0x00, 0x09, 0x00, 0x26, 0xB0, 0x09,
	0x1C, 0x4B, 0x76, 0x2A, 0xA8, 0x25, 0x19, 0x2E, 0xB1, 0x40, 0x0C, 0x04,
	0x01, 0x00, 0x00, 0x04, 0x01, 0x06, 0x07, 0x06, 0x12, 0x07, 0x01, 0x00,
	0x3F, 0x3F, 0x11, 0x12, 0x39, 0x39, 0x39, 0x2F, 0x2F, 0x2F, 0x31, 0x30,
	0x13, 0x15, 0x21, 0x15, 0x21, 0x11, 0x23, 0x11, 0x21, 0x15, 0xCA, 0x01,
	0x43, 0xFE, 0xBD, 0x8E, 0x02, 0x15, 0x02, 0x65, 0xA9, 0x8A, 0xFE, 0xCE,
	0x02, 0xEE, 0x89, 0x00, 0x00, 0x01, 0x00, 0x23, 0xFF, 0xEF, 0x03, 0x24,
	0x02, 0xFF, 0x00, 0x2D, 0x00, 0x30, 0xB0, 0x09, 0x1C, 0x4B, 0x76, 0x2A,
	0xA8, 0x25, 0x19, 0x2E, 0xB1, 0x40, 0x14, 0x24, 0x2A, 0x2B, 0x17, 0x1A,
	0x1A, 0x17, 0x2B, 0x2A, 0x02, 0x24, 0x06, 0x00, 0x11, 0x07, 0x13, 0x00,
	0x12, 0x11, 0x04, 0x00, 0x3F, 0x3F, 0x3F, 0x11, 0x12, 0x17, 0x39, 0x2F,
	0x2F, 0x2F, 0x2F, 0x2F, 0x31, 0x30, 0x21, 0x35, 0x23, 0x0E, 0x03, 0x23,
	0x22, 0x2E, 0x02, 0x35, 0x34, 0x3E, 0x02, 0x33, 0x32, 0x1E, 0x02, 0x17,
	0x23, 0x2E, 0x01, 0x23, 0x22, 0x0E, 0x02, 0x15, 0x14, 0x1E, 0x02, 0x33,
	0x32, 0x3E, 0x02, 0x37, 0x23, 0x35, 0x21, 0x11, 0x02, 0xAA, 0x04, 0x11,
	0x30, 0x3E, 0x4D, 0x2F, 0x56, 0x90, 0x68, 0x3A, 0x3F, 0x6D, 0x92, 0x54,
	0x3D, 0x75, 0x62, 0x47, 0x0F, 0x95, 0x23, 0x6F, 0x43, 0x35, 0x5D, 0x45,
	0x28, 0x28, 0x45, 0x5D, 0x35, 0x29, 0x4B, 0x3B, 0x28, 0x07, 0xDE, 0x01,
	0x6F, 0x79, 0x1E, 0x32, 0x25, 0x15, 0x3C, 0x69, 0x8F, 0x54, 0x54, 0x8F,
	0x69, 0x3C, 0x23, 0x40, 0x5E, 0x3A, 0x34, 0x3E, 0x28, 0x45, 0x5D, 0x35,
	0x35, 0x5E, 0x45, 0x28, 0x1C, 0x32, 0x44, 0x29, 0x8A, 0xFE, 0x44, 0x00,
	0x00, 0x01, 0x00, 0x3C, 0x00, 0x00, 0x02, 0x89, 0x02, 0xEE, 0x00, 0x0B,
	0x00, 0x28, 0xB0, 0x09, 0x1C, 0x4B, 0x76, 0x2A, 0xA8, 0x25, 0x19, 0x2E,
	0xB1, 0x40, 0x0E, 0x02, 0x07, 0x07, 0x02, 0x04, 0x05, 0x00, 0x12, 0x04,
	0x12, 0x09, 0x01, 0x05, 0x01, 0x00, 0x3F, 0x3F, 0x3F, 0x3F, 0x11, 0x12,
	0x39, 0x39, 0x2F, 0x2F, 0x31, 0x30, 0x21, 0x11, 0x21, 0x11, 0x23, 0x11,
	0x33, 0x11, 0x21, 0x11, 0x33, 0x11, 0x01, 0xFD, 0xFE, 0xCD, 0x8E, 0x8E,
	0x01, 0x33, 0x8C, 0x01, 0x33, 0xFE, 0xCD, 0x02, 0xEE, 0xFE, 0xCE, 0x01,
	0x32, 0xFD, 0x12, 0x00, 0x00, 0x01, 0x00, 0x3C, 0x00, 0x00, 0x00, 0xCA,
	0x02, 0xEE, 0x00, 0x03, 0x00, 0x15, 0xB0, 0x09, 0x1C, 0x4B, 0x76, 0x2A,
	0xA8, 0x25, 0x19, 0x2E, 0xB1, 0xB3, 0x03, 0x12, 0x00, 0x01, 0x00, 0x3F,
	0x3F, 0x31, 0x30, 0x13, 0x33, 0x11, 0x23, 0x3C, 0x8E, 0x8E, 0x02, 0xEE,
	0xFD, 0x12, 0x00, 0x00, 0x00, 0x01, 0x00, 0x14, 0xFF, 0xEF, 0x01, 0xF1,
	0x02, 0xEE, 0x00, 0x17, 0x00, 0x22, 0xB0, 0x09, 0x1C, 0x4B, 0x76, 0x2A,
	0xA8, 0x25, 0x19, 0x2E, 0xB1, 0x40, 0x0A, 0x0B, 0x05, 0x05, 0x0B, 0x00,
	0x11, 0x00, 0x13, 0x11, 0x01, 0x00, 0x3F, 0x3F, 0x11, 0x12, 0x39, 0x39,
	0x2F, 0x2F, 0x31, 0x30, 0x05, 0x22, 0x2E, 0x02, 0x35, 0x33, 0x14, 0x1E,
	0x02, 0x33, 0x32, 0x3E, 0x02, 0x35, 0x11, 0x33, 0x11, 0x14, 0x0E, 0x02,
	0x01, 0x03, 0x34, 0x58, 0x3F, 0x24, 0x89, 0x10, 0x1C, 0x25, 0x15, 0x15,
	0x26, 0x1B, 0x10, 0x88, 0x24, 0x3F, 0x57, 0x11, 0x24, 0x3F, 0x57, 0x34,
	0x15, 0x26, 0x1C, 0x10, 0x10, 0x1C, 0x26, 0x15, 0x02, 0x11, 0xFD, 0xEF,
	0x34, 0x57, 0x3F, 0x24, 0x00, 0x01, 0x00, 0x3C, 0x00, 0x00, 0x02, 0xA7,
	0x02, 0xEE, 0x00, 0x0B, 0x00, 0x1B, 0xB0, 0x09, 0x1C, 0x4B, 0x76, 0x2A,
	0xA8, 0x25, 0x19, 0x2E, 0xB1, 0xB7, 0x01, 0x12, 0x05, 0x12, 0x09, 0x01,
	0x06, 0x01, 0x00, 0x3F, 0x3F, 0x3F, 0x3F, 0x31, 0x30, 0x21, 0x23, 0x03,
	0x07, 0x15, 0x23, 0x11, 0x33, 0x11, 0x01, 0x33, 0x01, 0x02, 0xA7, 0xB4,
	0xEC, 0x42, 0x89, 0x89, 0x01, 0x2E, 0xB4, 0xFE, 0xBA, 0x01, 0x0E, 0x4B,
	0xC3, 0x02, 0xEE, 0xFE, 0xA5, 0x01, 0x5B, 0xFE, 0x89, 0x00, 0x00, 0x00,
	0x00, 0x01, 0x00, 0x3C, 0x00, 0x00, 0x02, 0x40, 0x02, 0xEE, 0x00, 0x05,
	0x00, 0x1D, 0xB0, 0x09, 0x1C, 0x4B, 0x76, 0x2A, 0xA8, 0x25, 0x19, 0x2E,
	0xB1, 0xB7, 0x04, 0x04, 0x01, 0x02, 0x01, 0x12, 0x02, 0x01, 0x00, 0x3F,
	0x3F, 0x11, 0x12, 0x39, 0x2F, 0x31, 0x30, 0x29, 0x01, 0x11, 0x33, 0x11,
	0x21, 0x02, 0x40, 0xFD, 0xFC, 0x8E, 0x01, 0x76, 0x02, 0xEE, 0xFD, 0x9A,
	0x00, 0x01, 0x00, 0x3C, 0x00, 0x00, 0x03, 0x34, 0x02, 0xEE, 0x00, 0x0F,
	0x00, 0x2E, 0xB0, 0x09, 0x1C, 0x4B, 0x76, 0x2A, 0xA8, 0x25, 0x19, 0x2E,
	0xB1, 0x40, 0x11, 0x0F, 0x03, 0x08, 0x06, 0x08, 0x01, 0x01, 0x05, 0x06,
	0x0D, 0x12, 0x05, 0x12, 0x0A, 0x01, 0x06, 0x01, 0x00, 0x3F, 0x3F, 0x3F,
	0x3F, 0x11, 0x12, 0x39, 0x2F, 0x33, 0x11, 0x12, 0x39, 0x39, 0x31, 0x30,
	0x25, 0x23, 0x03, 0x23, 0x13, 0x23, 0x11, 0x33, 0x13, 0x33, 0x13, 0x33,
	0x11, 0x23, 0x13, 0x23, 0x01, 0xFA, 0x84, 0xAE, 0x04, 0x01, 0x89, 0xA2,
	0xD8, 0x04, 0xD8, 0xA2, 0x88, 0x01, 0x04, 0xEC, 0x01, 0x2C, 0xFD, 0xE8,
	0x02, 0xEE, 0xFE, 0x92, 0x01, 0x6E, 0xFD, 0x12, 0x02, 0x18, 0x00, 0x00,
	0x00, 0x01, 0x00, 0x3C, 0x00, 0x00, 0x02, 0x89, 0x02, 0xEE, 0x00, 0x0B,
	0x00, 0x24, 0xB0, 0x09, 0x1C, 0x4B, 0x76, 0x2A, 0xA8, 0x25, 0x19, 0x2E,
	0xB1, 0x40, 0x0C, 0x03, 0x08, 0x05, 0x06, 0x01, 0x12, 0x05, 0x12, 0x0A,
	0x01, 0x06, 0x01, 0x00, 0x3F, 0x3F, 0x3F, 0x3F, 0x11, 0x12, 0x39, 0x39,
	0x31, 0x30, 0x21, 0x23, 0x01, 0x23, 0x13, 0x23, 0x11, 0x33, 0x01, 0x33,
	0x03, 0x33, 0x02, 0x89, 0x8C, 0xFE, 0xCF, 0x03, 0x01, 0x8E, 0x8E, 0x01,
	0x31, 0x03, 0x01, 0x8C, 0x01, 0xF4, 0xFE, 0x0C, 0x02, 0xEE, 0xFE, 0x0B,
	0x01, 0xF5, 0x00, 0x00, 0x00, 0x02, 0x00, 0x23, 0xFF, 0xEF, 0x03, 0x47,
	0x02, 0xFF, 0x00, 0x13, 0x00, 0x27, 0x00, 0x22, 0xB0, 0x09, 0x1C, 0x4B,
	0x76, 0x2A, 0xA8, 0x25, 0x19, 0x2E, 0xB1, 0x40, 0x0A, 0x0F, 0x05, 0x05,
	0x0F, 0x19, 0x23, 0x19, 0x13, 0x23, 0x04, 0x00, 0x3F, 0x3F, 0x11, 0x12,
	0x39, 0x39, 0x2F, 0x2F, 0x31, 0x30, 0x01, 0x34, 0x2E, 0x02, 0x23, 0x22,
	0x0E, 0x02, 0x15, 0x14, 0x1E, 0x02, 0x33, 0x32, 0x3E, 0x02, 0x37, 0x14,
	0x0E, 0x02, 0x23, 0x22, 0x2E, 0x02, 0x35, 0x34, 0x3E, 0x02, 0x33, 0x32,
	0x1E, 0x02, 0x02, 0xB5, 0x28, 0x45, 0x5E, 0x35, 0x35, 0x5D, 0x45, 0x28,
	0x28, 0x45, 0x5D, 0x35, 0x35, 0x5E, 0x45, 0x28, 0x92, 0x3F, 0x6D, 0x93,
	0x53, 0x54, 0x92, 0x6D, 0x3F, 0x3F, 0x6D, 0x92, 0x54, 0x53, 0x93, 0x6D,
	0x3F, 0x01, 0x77, 0x35, 0x5D, 0x45, 0x28, 0x28, 0x45, 0x5D, 0x35, 0x35,
	0x5E, 0x45, 0x28, 0x28, 0x45, 0x5E, 0x35, 0x53, 0x90, 0x69, 0x3C, 0x3C,
	0x69, 0x90, 0x53, 0x53, 0x90, 0x69, 0x3C, 0x3C, 0x69, 0x90, 0x00, 0x00,
	0x00, 0x02, 0x00, 0x3C, 0x00, 0x00, 0x02, 0x8E, 0x02, 0xEE, 0x00, 0x0E,
	0x00, 0x1B, 0x00, 0x26, 0xB0, 0x09, 0x1C, 0x4B, 0x76, 0x2A, 0xA8, 0x25,
	0x19, 0x2E, 0xB1, 0x40, 0x0C, 0x06, 0x16, 0x15, 0x15, 0x06, 0x16, 0x08,
	0x09, 0x08, 0x12, 0x09, 0x01, 0x00, 0x3F, 0x3F, 0x11, 0x12, 0x39, 0x39,
	0x39, 0x2F, 0x2F, 0x2F, 0x31, 0x30, 0x01, 0x14, 0x0E, 0x02, 0x2B, 0x01,
	0x15, 0x23, 0x11, 0x21, 0x32, 0x1E, 0x02, 0x07, 0x34, 0x2E, 0x02, 0x2B,
	0x01, 0x15, 0x33, 0x32, 0x3E, 0x02, 0x02, 0x8E, 0x29, 0x48, 0x60, 0x37,
	0xBC, 0x8E, 0x01, 0x4A, 0x37, 0x60, 0x48, 0x29, 0x91, 0x13, 0x20, 0x2C,
	0x18, 0xBC, 0xBC, 0x18, 0x2C, 0x20, 0x13, 0x01, 0xEE, 0x37, 0x5E, 0x44,
	0x27, 0xEE, 0x02, 0xEE, 0x27, 0x44, 0x5E, 0x37, 0x19, 0x2B, 0x20, 0x13,
	0xEE, 0x13, 0x20, 0x2B, 0x00, 0x02, 0x00, 0x23, 0x00, 0x00, 0x03, 0x47,
	0x02, 0xFE, 0x00, 0x17, 0x00, 0x2B, 0x00, 0x27, 0xB0, 0x09, 0x1C, 0x4B,
	0x76, 0x2A, 0xA8, 0x25, 0x19, 0x2E, 0xB1, 0x40, 0x0E, 0x18, 0x16, 0x22,
	0x22, 0x15, 0x16, 0x18, 0x04, 0x01, 0x0B, 0x01, 0x12, 0x0B, 0x04, 0x00,
	0x3F, 0x3F, 0x11, 0x12, 0x17, 0x39, 0x2F, 0x2F, 0x2F, 0x31, 0x30, 0x29,
	0x01, 0x22, 0x2E, 0x02, 0x35, 0x34, 0x3E, 0x02, 0x33, 0x32, 0x1E, 0x02,
	0x15, 0x14, 0x0E, 0x02, 0x07, 0x17, 0x33, 0x05, 0x32, 0x3E, 0x02, 0x37,
	0x34, 0x2E, 0x02, 0x23, 0x22, 0x0E, 0x02, 0x15, 0x14, 0x1E, 0x02, 0x03,
	0x47, 0xFE, 0x6E, 0x54, 0x92, 0x6D, 0x3F, 0x3F, 0x6D, 0x92, 0x54, 0x54,
	0x92, 0x6D, 0x3F, 0x13, 0x21, 0x2B, 0x17, 0x03, 0x73, 0xFE, 0x6E, 0x34,
	0x5D, 0x45, 0x29, 0x01, 0x28, 0x45, 0x5E, 0x35, 0x35, 0x5D, 0x45, 0x28,
	0x28, 0x45, 0x5D, 0x38, 0x64, 0x8B, 0x53, 0x53, 0x8E, 0x68, 0x3B, 0x3B,
	0x68, 0x8E, 0x53, 0x25, 0x43, 0x3C, 0x36, 0x19, 0x04, 0x01, 0x26, 0x42,
	0x5B, 0x35, 0x34, 0x5C, 0x44, 0x27, 0x27, 0x44, 0x5C, 0x34, 0x34, 0x5A,
	0x43, 0x27, 0x00, 0x00, 0x00, 0x02, 0x00, 0x3C, 0x00, 0x00, 0x02, 0x8E,
	0x02, 0xEE, 0x00, 0x0F, 0x00, 0x1C, 0x00, 0x2A, 0xB0, 0x09, 0x1C, 0x4B,
	0x76, 0x2A, 0xA8, 0x25, 0x19, 0x2E, 0xB1, 0x40, 0x10, 0x07, 0x17, 0x16,
	0x16, 0x17, 0x03, 0x07, 0x04, 0x09, 0x0A, 0x05, 0x12, 0x09, 0x12, 0x0A,
	0x01, 0x00, 0x3F, 0x3F, 0x3F, 0x11, 0x12, 0x17, 0x39, 0x2F, 0x2F, 0x2F,
	0x31, 0x30, 0x01, 0x14, 0x06, 0x07, 0x13, 0x23, 0x27, 0x23, 0x15, 0x23,
	0x11, 0x21, 0x32, 0x1E, 0x02, 0x07, 0x34, 0x2E, 0x02, 0x2B, 0x01, 0x15,
	0x33, 0x32, 0x3E, 0x02, 0x02, 0x8E, 0x55, 0x43, 0x83, 0x9E, 0x77, 0x9A,
	0x8E, 0x01, 0x4A, 0x37, 0x60, 0x48, 0x29, 0x91, 0x13, 0x20, 0x2C, 0x18,
	0xBC, 0xBC, 0x18, 0x2C, 0x20, 0x13, 0x01, 0xEE, 0x51, 0x7A, 0x1D, 0xFE,
	0xFA, 0xEE, 0xEE, 0x02, 0xEE, 0x27, 0x44, 0x5E, 0x37, 0x19, 0x2B, 0x20,
	0x13, 0xEE, 0x13, 0x20, 0x2B, 0x00, 0x00, 0x00, 0x00, 0x01, 0x00, 0x28,
	0xFF, 0xEF, 0x02, 0x5C, 0x02, 0xFF, 0x00, 0x3B, 0x00, 0x2D, 0xB0, 0x09,
	0x1C, 0x4B, 0x76, 0x2A, 0xA8, 0x25, 0x19, 0x2E, 0xB1, 0x40, 0x13, 0x23,
	0x1D, 0x00, 0x05, 0x05, 0x00, 0x0D, 0x0E, 0x2C, 0x2B, 0x1D, 0x23, 0x08,
	0x18, 0x36, 0x18, 0x13, 0x36, 0x04, 0x00, 0x3F, 0x3F, 0x11, 0x12, 0x17,
	0x39, 0x2F, 0x2F, 0x2F, 0x2F, 0x31, 0x30, 0x01, 0x34, 0x2E, 0x02, 0x23,
	0x22, 0x0E, 0x02, 0x15, 0x14, 0x16, 0x1F, 0x01, 0x1E, 0x03, 0x15, 0x14,
	0x0E, 0x02, 0x23, 0x22, 0x2E, 0x02, 0x35, 0x33, 0x14, 0x1E, 0x02, 0x33,
	0x32, 0x3E, 0x02, 0x35, 0x34, 0x26, 0x2F, 0x01, 0x2E, 0x03, 0x35, 0x34,
	0x3E, 0x02, 0x33, 0x32, 0x1E, 0x02, 0x15, 0x01, 0xBE, 0x15, 0x22, 0x2D,
	0x19, 0x19, 0x2B, 0x20, 0x13, 0x2B, 0x20, 0x77, 0x2B, 0x4B, 0x39, 0x21,
	0x2B, 0x4C, 0x68, 0x3C, 0x3B, 0x67, 0x4C, 0x2B, 0x89, 0x18, 0x28, 0x34,
	0x1C, 0x1C, 0x32, 0x24, 0x15, 0x31, 0x28, 0x7D, 0x26, 0x45, 0x33, 0x1E,
	0x2A, 0x48, 0x61, 0x38, 0x37, 0x5F, 0x47, 0x29, 0x02, 0x1D, 0x14, 0x22,
	0x18, 0x0E, 0x0E, 0x17, 0x1E, 0x11, 0x1A, 0x28, 0x09, 0x20, 0x0A, 0x29,
	0x3B, 0x48, 0x2A, 0x34, 0x56, 0x3E, 0x23, 0x23, 0x40, 0x59, 0x37, 0x18,
	0x28, 0x1D, 0x11, 0x10, 0x1C, 0x25, 0x15, 0x20, 0x31, 0x0B, 0x21, 0x0A,
	0x26, 0x34, 0x43, 0x27, 0x30, 0x51, 0x39, 0x20, 0x21, 0x3C, 0x53, 0x32,
	0x00, 0x01, 0x00, 0x0F, 0x00, 0x00, 0x02, 0x58, 0x02, 0xEE, 0x00, 0x07,
	0x00, 0x20, 0xB0, 0x09, 0x1C, 0x4B, 0x76, 0x2A, 0xA8, 0x25, 0x19, 0x2E,
	0xB1, 0x40, 0x09, 0x04, 0x04, 0x00, 0x02, 0x05, 0x02, 0x12, 0x05, 0x01,
	0x00, 0x3F, 0x3F, 0x11, 0x12, 0x39, 0x39, 0x2F, 0x31, 0x30, 0x01, 0x11,
	0x23, 0x11, 0x23, 0x35, 0x21, 0x15, 0x01, 0x7B, 0x8D, 0xDF, 0x02, 0x49,
	0x02, 0x65, 0xFD, 0x9B, 0x02, 0x65, 0x89, 0x89, 0x00, 0x01, 0x00, 0x3C,
	0xFF, 0xEF, 0x02, 0x91, 0x02, 0xEE, 0x00, 0x19, 0x00, 0x21, 0xB0, 0x09,
	0x1C, 0x4B, 0x76, 0x2A, 0xA8, 0x25, 0x19, 0x2E, 0xB1, 0x40, 0x0A, 0x12,
	0x12, 0x05, 0x0B, 0x05, 0x13, 0x18, 0x01, 0x0B, 0x01, 0x00, 0x3F, 0x3F,
	0x3F, 0x11, 0x12, 0x39, 0x2F, 0x31, 0x30, 0x01, 0x14, 0x0E, 0x02, 0x23,
	0x22, 0x2E, 0x02, 0x35, 0x11, 0x33, 0x11, 0x14, 0x1E, 0x02, 0x33, 0x32,
	0x3E, 0x02, 0x35, 0x11, 0x33, 0x02, 0x91, 0x2D, 0x4F, 0x6E, 0x40, 0x41,
	0x6E, 0x4F, 0x2D, 0x8E, 0x18, 0x2A, 0x3A, 0x21, 0x21, 0x3A, 0x2A, 0x18,
	0x8D, 0x01, 0x05, 0x41, 0x67, 0x48, 0x26, 0x26, 0x48, 0x67, 0x41, 0x01,
	0xE9, 0xFE, 0x17, 0x21, 0x36, 0x26, 0x14, 0x14, 0x26, 0x36, 0x21, 0x01,
	0xE9, 0x00, 0x00, 0x00, 0x00, 0x01, 0x00, 0x0F, 0x00, 0x00, 0x02, 0xB0,
	0x02, 0xEE, 0x00, 0x07, 0x00, 0x1F, 0xB0, 0x09, 0x1C, 0x4B, 0x76, 0x2A,
	0xA8, 0x25, 0x19, 0x2E, 0xB1, 0x40, 0x09, 0x04, 0x01, 0x02, 0x01, 0x12,
	0x06, 0x01, 0x02, 0x01, 0x00, 0x3F, 0x3F, 0x3F, 0x11, 0x12, 0x39, 0x31,
	0x30, 0x21, 0x23, 0x01, 0x33, 0x13, 0x33, 0x13, 0x33, 0x01, 0xA5, 0x89,
	0xFE, 0xF3, 0x96, 0xB9, 0x04, 0xBA, 0x94, 0x02, 0xEE, 0xFD, 0xEA, 0x02,
	0x16, 0x00, 0x00, 0x00, 0x00, 0x01, 0x00, 0x0F, 0x00, 0x00, 0x03, 0xDC,
	0x02, 0xEE, 0x00, 0x0F, 0x00, 0x29, 0xB0, 0x09, 0x1C, 0x4B, 0x76, 0x2A,
	0xA8, 0x25, 0x19, 0x2E, 0xB1, 0x40, 0x0F, 0x03, 0x0C, 0x08, 0x05, 0x06,
	0x01, 0x12, 0x05, 0x12, 0x0E, 0x01, 0x0A, 0x01, 0x06, 0x01, 0x00, 0x3F,
	0x3F, 0x3F, 0x3F, 0x3F, 0x11, 0x12, 0x39, 0x39, 0x39, 0x31, 0x30, 0x21,
	0x23, 0x03, 0x23, 0x03, 0x23, 0x03, 0x33, 0x13, 0x33, 0x13, 0x33, 0x13,
	0x33, 0x13, 0x33, 0x03, 0x08, 0x8A, 0x86, 0x04, 0x87, 0x8A, 0xD4, 0x91,
	0x86, 0x04, 0x87, 0x88, 0x87, 0x04, 0x86, 0x92, 0x01, 0xEF, 0xFE, 0x11,
	0x02, 0xEE, 0xFE, 0x10, 0x01, 0xF0, 0xFE, 0x10, 0x01, 0xF0, 0x00, 0x00,
	0x00, 0x01, 0x00, 0x0F, 0x00, 0x00, 0x02, 0xA6, 0x02, 0xEE, 0x00, 0x0D,
	0x00, 0x1B, 0xB0, 0x09, 0x1C, 0x4B, 0x76, 0x2A, 0xA8, 0x25, 0x19, 0x2E,
	0xB1, 0xB7, 0x01, 0x12, 0x05, 0x12, 0x0B, 0x01, 0x07, 0x01, 0x00, 0x3F,
	0x3F, 0x3F, 0x3F, 0x31, 0x30, 0x21, 0x23, 0x27, 0x23, 0x07, 0x23, 0x13,
	0x03, 0x33, 0x17, 0x33, 0x37, 0x33, 0x03, 0x02, 0xA6, 0xAA, 0x9F, 0x04,
	0xA0, 0xAA, 0xF2, 0xF2, 0xAA, 0xA0, 0x04, 0x9F, 0xAA, 0xF2, 0xFD, 0xFD,
	0x01, 0x77, 0x01, 0x77, 0xFE, 0xFE, 0xFE, 0x89, 0x00, 0x01, 0x00, 0x0F,
	0x00, 0x00, 0x02, 0xBC, 0x02, 0xEE, 0x00, 0x09, 0x00, 0x2B, 0xB0, 0x09,
	0x1C, 0x4B, 0x76, 0x2A, 0xA8, 0x25, 0x19, 0x2E, 0xB1, 0xB2, 0x01, 0x07,
	0x04, 0xB8, 0xFF, 0xF0, 0x40, 0x0A, 0x04, 0x04, 0x03, 0x05, 0x03, 0x12,
	0x09, 0x01, 0x05, 0x01, 0x00, 0x3F, 0x3F, 0x3F, 0x11, 0x12, 0x39, 0x2F,
	0x38, 0x33, 0x33, 0x31, 0x30, 0x09, 0x01, 0x11, 0x23, 0x11, 0x01, 0x33,
	0x13, 0x33, 0x13, 0x02, 0xBC, 0xFE, 0xF1, 0x8C, 0xFE, 0xEE, 0xA8, 0xAE,
	0x04, 0xAB, 0x02, 0xEE, 0xFE, 0x4D, 0xFE, 0xC5, 0x01, 0x3B, 0x01, 0xB3,
	0xFE, 0xE2, 0x01, 0x1E, 0x00, 0x01, 0x00, 0x1E, 0x00, 0x00, 0x02, 0x61,
	0x02, 0xEE, 0x00, 0x0B, 0x00, 0x25, 0xB0, 0x09, 0x1C, 0x4B, 0x76, 0x2A,
	0xA8, 0x25, 0x19, 0x2E, 0xB1, 0x40, 0x0D, 0x0A, 0x05, 0x05, 0x08, 0x02,
	0x0A, 0x04, 0x01, 0x06, 0x01, 0x12, 0x06, 0x01, 0x00, 0x3F, 0x3F, 0x11,
	0x12, 0x17, 0x39, 0x2F, 0x2F, 0x31, 0x30, 0x29, 0x01, 0x35, 0x01, 0x35,
	0x21, 0x35, 0x21, 0x15, 0x01, 0x15, 0x21, 0x02, 0x61, 0xFD, 0xBD, 0x01,
	0x92, 0xFE, 0x6E, 0x02, 0x43, 0xFE, 0x6F, 0x01, 0x91, 0x88, 0x01, 0xDB,
	0x02, 0x89, 0x89, 0xFE, 0x25, 0x02, 0x00, 0x00, 0x00, 0x01, 0x00, 0x50,
	0xFF, 0x55, 0x01, 0x1C, 0x02, 0xEE, 0x00, 0x07, 0x00, 0x19, 0xB0, 0x09,
	0x1C, 0x4B, 0x76, 0x2A, 0xA8, 0x25, 0x19, 0x2E, 0xB1, 0xB5, 0x07, 0x02,
	0x1C, 0x06, 0x03, 0x01, 0x00, 0x3F, 0xCD, 0x3F, 0xCD, 0x31, 0x30, 0x05,
	0x15, 0x23, 0x11, 0x33, 0x15, 0x23, 0x11, 0x01, 0x1C, 0xCC, 0xCC, 0x66,
	0x45, 0x66, 0x03, 0x99, 0x66, 0xFD, 0x33, 0x00, 0x00, 0x01, 0x00, 0x3C,
	0xFF, 0xEF, 0x01, 0xBA, 0x02, 0xFF, 0x00, 0x03, 0x00, 0x1B, 0xB0, 0x09,
	0x1C, 0x4B, 0x76, 0x2A, 0xA8, 0x25, 0x19, 0x2E, 0xB1, 0xB8, 0x00, 0x00,
	0xB4, 0x01, 0x13, 0x02, 0x03, 0x04, 0x00, 0x3F, 0x33, 0x3F, 0x33, 0x31,
	0x30, 0x25, 0x07, 0x01, 0x37, 0x01, 0xBA, 0x44, 0xFE, 0xC6, 0x44, 0x0C,
	0x1D, 0x02, 0xF3, 0x1D, 0x00, 0x01, 0x00, 0x1E, 0xFF, 0x55, 0x00, 0xEA,
	0x02, 0xEE, 0x00, 0x07, 0x00, 0x19, 0xB0, 0x09, 0x1C, 0x4B, 0x76, 0x2A,
	0xA8, 0x25, 0x19, 0x2E, 0xB1, 0xB5, 0x07, 0x06, 0x1C, 0x02, 0x03, 0x01,
	0x00, 0x3F, 0xCD, 0x3F, 0xCD, 0x31, 0x30, 0x17, 0x11, 0x23, 0x35, 0x33,
	0x11, 0x23, 0x35, 0x84, 0x66, 0xCC, 0xCC, 0x45, 0x02, 0xCD, 0x66, 0xFC,
	0x67, 0x66, 0x00, 0x00, 0x00, 0x01, 0x00, 0x3C, 0x01, 0x77, 0x02, 0x1A,
	0x02, 0xEE, 0x00, 0x07, 0x00, 0x1C, 0xB0, 0x09, 0x1C, 0x4B, 0x76, 0x2A,
	0xA8, 0x25, 0x19, 0x2E, 0xB1, 0xB6, 0x06, 0x06, 0x02, 0x02, 0x04, 0x07,
	0x01, 0x00, 0x3F, 0xCD, 0x33, 0x2F, 0x33, 0x2F, 0x31, 0x30, 0x01, 0x13,
	0x23, 0x27, 0x23, 0x07, 0x23, 0x13, 0x01, 0x5E, 0xBC, 0x73, 0x7A, 0x02,
	0x7C, 0x73, 0xBC, 0x02, 0xEE, 0xFE, 0x89, 0xF9, 0xF9, 0x01, 0x77, 0x00,
	0x00, 0x01, 0x00, 0x00, 0xFF, 0x8C, 0x02, 0x43, 0xFF, 0xA5, 0x00, 0x03,
	0x00, 0x13, 0xB0, 0x09, 0x1C, 0x4B, 0x76, 0x2A, 0xA8, 0x25, 0x19, 0x2E,
	0xB1, 0xB1, 0x02, 0x03, 0x00, 0x2F, 0xCD, 0x31, 0x30, 0x05, 0x15, 0x21,
	0x35, 0x02, 0x43, 0xFD, 0xBD, 0x5B, 0x19, 0x19, 0x00, 0x01, 0x00, 0x5A,
	0x02, 0x82, 0x01, 0x05, 0x02, 0xFF, 0x00, 0x03, 0x00, 0x23, 0xB0, 0x09,
	0x1C, 0x4B, 0x76, 0x2A, 0xA8, 0x25, 0x19, 0x2E, 0xB1, 0xB1, 0x01, 0x02,
	0xB8, 0xFF, 0xF0, 0xB6, 0x02, 0x02, 0x03, 0x00, 0x10, 0x00, 0x04, 0x00,
	0x3F, 0x38, 0xCD, 0x32, 0x2F, 0x38, 0xCD, 0x31, 0x30, 0x13, 0x17, 0x15,
	0x27, 0x5A, 0xAB, 0xAB, 0x02, 0xFF, 0x3B, 0x42, 0x2A, 0x00, 0x00, 0x00,
	0x00, 0x02, 0x00, 0x28, 0xFF, 0xEF, 0x02, 0x9A, 0x02, 0x54, 0x00, 0x13,
	0x00, 0x2E, 0x00, 0x2C, 0xB0, 0x09, 0x1C, 0x4B, 0x76, 0x2A, 0xA8, 0x25,
	0x19, 0x2E, 0xB1, 0x40, 0x11, 0x0F, 0x05, 0x2B, 0x2B, 0x29, 0x05, 0x0F,
	0x15, 0x05, 0x2E, 0x24, 0x24, 0x2E, 0x1A, 0x13, 0x2E, 0x12, 0x00, 0x3F,
	0x3F, 0x10, 0xC5, 0x11, 0x12, 0x17, 0x39, 0x2F, 0x2F, 0x2F, 0x31, 0x30,
	0x01, 0x34, 0x2E, 0x02, 0x23, 0x22, 0x0E, 0x02, 0x15, 0x14, 0x1E, 0x02,
	0x33, 0x32, 0x3E, 0x02, 0x15, 0x23, 0x0E, 0x03, 0x23, 0x22, 0x2E, 0x02,
	0x35, 0x34, 0x3E, 0x02, 0x33, 0x32, 0x1E, 0x02, 0x17, 0x33, 0x35, 0x33,
	0x11, 0x23, 0x02, 0x0F, 0x1A, 0x2E, 0x3E, 0x24, 0x23, 0x3E, 0x2E, 0x1B,
	0x1B, 0x2E, 0x3E, 0x23, 0x24, 0x3E, 0x2E, 0x1A, 0x02, 0x0F, 0x27, 0x30,
	0x3A, 0x22, 0x3C, 0x6A, 0x4F, 0x2E, 0x2E, 0x4F, 0x6A, 0x3C, 0x22, 0x3A,
	0x30, 0x27, 0x0F, 0x02, 0x8B, 0x8B, 0x01, 0x22, 0x23, 0x3E, 0x2E, 0x1B,
	0x1B, 0x2E, 0x3E, 0x23, 0x23, 0x3F, 0x2E, 0x1B, 0x1B, 0x2E, 0x3F, 0xAA,
	0x14, 0x25, 0x1C, 0x11, 0x2E, 0x53, 0x70, 0x42, 0x42, 0x70, 0x52, 0x2E,
	0x10, 0x1C, 0x25, 0x14, 0x54, 0xFD, 0xBD, 0x00, 0x00, 0x02, 0x00, 0x3C,
	0xFF, 0xEF, 0x02, 0xAF, 0x02, 0xEE, 0x00, 0x18, 0x00, 0x2C, 0x00, 0x2B,
	0xB0, 0x09, 0x1C, 0x4B, 0x76, 0x2A, 0xA8, 0x25, 0x19, 0x2E, 0xB1, 0x40,
	0x11, 0x1E, 0x28, 0x08, 0x08, 0x04, 0x28, 0x1E, 0x18, 0x05, 0x01, 0x02,
	0x12, 0x13, 0x01, 0x12, 0x02, 0x01, 0x00, 0x3F, 0x3F, 0x3F, 0x11, 0x12,
	0x17, 0x39, 0x2F, 0x2F, 0x2F, 0x31, 0x30, 0x33, 0x23, 0x11, 0x33, 0x15,
	0x33, 0x3E, 0x01, 0x33, 0x32, 0x1E, 0x02, 0x15, 0x14, 0x0E, 0x02, 0x23,
	0x22, 0x2E, 0x02, 0x27, 0x23, 0x37, 0x14, 0x1E, 0x02, 0x33, 0x32, 0x3E,
	0x02, 0x35, 0x34, 0x2E, 0x02, 0x23, 0x22, 0x0E, 0x02, 0xBD, 0x81, 0x8C,
	0x02, 0x1F, 0x5E, 0x45, 0x3C, 0x6A, 0x4F, 0x2E, 0x2E, 0x4F, 0x6A, 0x3C,
	0x24, 0x3E, 0x33, 0x28, 0x10, 0x02, 0x0B, 0x1B, 0x2E, 0x3E, 0x23, 0x24,
	0x3E, 0x2E, 0x1A, 0x1A, 0x2E, 0x3E, 0x24, 0x23, 0x3E, 0x2E, 0x1B, 0x02,
	0xEE, 0xFF, 0x29, 0x3C, 0x2E, 0x52, 0x70, 0x42, 0x42, 0x70, 0x53, 0x2E,
	0x12, 0x1F, 0x2A, 0x17, 0xC1, 0x23, 0x3F, 0x2E, 0x1B, 0x1B, 0x2E, 0x3F,
	0x23, 0x23, 0x3E, 0x2E, 0x1B, 0x1B, 0x2E, 0x3E, 0x00, 0x01, 0x00, 0x28,
	0xFF, 0xEF, 0x02, 0x94, 0x02, 0x55, 0x00, 0x25, 0x00, 0x28, 0xB0, 0x09,
	0x1C, 0x4B, 0x76, 0x2A, 0xA8, 0x25, 0x19, 0x2E, 0xB1, 0x40, 0x0E, 0x0D,
	0x10, 0x00, 0x03, 0x03, 0x00, 0x10, 0x0D, 0x04, 0x16, 0x20, 0x20, 0x16,
	0x13, 0x00, 0x3F, 0xC5, 0x11, 0x12, 0x17, 0x39, 0x2F, 0x2F, 0x2F, 0x2F,
	0x31, 0x30, 0x01, 0x2E, 0x01, 0x23, 0x22, 0x0E, 0x02, 0x15, 0x14, 0x1E,
	0x02, 0x33, 0x32, 0x36, 0x37, 0x33, 0x0E, 0x03, 0x23, 0x22, 0x2E, 0x02,
	0x35, 0x34, 0x3E, 0x02, 0x33, 0x32, 0x1E, 0x02, 0x17, 0x02, 0x03, 0x13,
	0x54, 0x37, 0x23, 0x3E, 0x2E, 0x1B, 0x1B, 0x2E, 0x3E, 0x23, 0x37, 0x54,
	0x13, 0x91, 0x0B, 0x34, 0x4F, 0x66, 0x3B, 0x42, 0x74, 0x56, 0x31, 0x31,
	0x56, 0x74, 0x42, 0x3B, 0x66, 0x4E, 0x35, 0x0B, 0x01, 0x67, 0x2F, 0x39,
	0x1C, 0x2F, 0x3F, 0x23, 0x23, 0x3F, 0x2F, 0x1C, 0x39, 0x2F, 0x36, 0x58,
	0x3E, 0x22, 0x2E, 0x53, 0x70, 0x42, 0x42, 0x70, 0x53, 0x2E, 0x22, 0x3E,
	0x58, 0x36, 0x00, 0x00, 0x00, 0x02, 0x00, 0x28, 0xFF, 0xEF, 0x02, 0x9B,
	0x02, 0xEE, 0x00, 0x18, 0x00, 0x2C, 0x00, 0x2B, 0xB0, 0x09, 0x1C, 0x4B,
	0x76, 0x2A, 0xA8, 0x25, 0x19, 0x2E, 0xB1, 0x40, 0x11, 0x28, 0x1E, 0x10,
	0x10, 0x13, 0x1E, 0x28, 0x01, 0x05, 0x18, 0x15, 0x06, 0x13, 0x18, 0x12,
	0x15, 0x01, 0x00, 0x3F, 0x3F, 0x3F, 0x11, 0x12, 0x17, 0x39, 0x2F, 0x2F,
	0x2F, 0x31, 0x30, 0x25, 0x23, 0x0E, 0x03, 0x23, 0x22, 0x2E, 0x02, 0x35,
	0x34, 0x3E, 0x02, 0x33, 0x32, 0x16, 0x17, 0x33, 0x11, 0x33, 0x11, 0x23,
	0x03, 0x34, 0x2E, 0x02, 0x23, 0x22, 0x0E, 0x02, 0x15, 0x14, 0x1E, 0x02,
	0x33, 0x32, 0x3E, 0x02, 0x02, 0x1A, 0x02, 0x10, 0x28, 0x33, 0x3E, 0x24,
	0x3C, 0x6A, 0x4F, 0x2E, 0x2E, 0x4F, 0x6A, 0x3C, 0x45, 0x5E, 0x1F, 0x02,
	0x8C, 0x81, 0x0B, 0x1B, 0x2E, 0x3E, 0x23, 0x24, 0x3E, 0x2E, 0x1A, 0x1A,
	0x2E, 0x3E, 0x24, 0x23, 0x3E, 0x2E, 0x1B, 0x61, 0x17, 0x2A, 0x1F, 0x12,
	0x2E, 0x53, 0x70, 0x42, 0x42, 0x70, 0x52, 0x2E, 0x3C, 0x29, 0x00, 0xFF,
	0xFD, 0x12, 0x01, 0x22, 0x23, 0x3E, 0x2E, 0x1B, 0x1B, 0x2E, 0x3E, 0x23,
	0x23, 0x3F, 0x2E, 0x1B, 0x1B, 0x2E, 0x3F, 0x00, 0x00, 0x02, 0x00, 0x28,
	0xFF, 0xEF, 0x02, 0x9B, 0x02, 0x54, 0x00, 0x1E, 0x00, 0x25, 0x00, 0x2F,
	0xB0, 0x09, 0x1C, 0x4B, 0x76, 0x2A, 0xA8, 0x25, 0x19, 0x2E, 0xB1, 0x40,
	0x10, 0x07, 0x0A, 0x22, 0x07, 0x0A, 0x10, 0x04, 0x22, 0x25, 0x1A, 0x10,
	0x13, 0x1A, 0x1A, 0x04, 0x25, 0x00, 0x2F, 0xCD, 0x32, 0x2F, 0x3F, 0x11,
	0x12, 0x39, 0x11, 0x12, 0x39, 0x39, 0x2F, 0x2F, 0x2F, 0x31, 0x30, 0x01,
	0x14, 0x06, 0x07, 0x21, 0x1E, 0x01, 0x33, 0x32, 0x36, 0x37, 0x33, 0x0E,
	0x03, 0x23, 0x22, 0x2E, 0x02, 0x35, 0x34, 0x3E, 0x02, 0x33, 0x32, 0x1E,
	0x02, 0x07, 0x2E, 0x01, 0x23, 0x22, 0x06, 0x07, 0x02, 0x9B, 0x04, 0x04,
	0xFE, 0x31, 0x13, 0x54, 0x37, 0x27, 0x42, 0x19, 0x9A, 0x0F, 0x39, 0x4A,
	0x5A, 0x30, 0x3D, 0x72, 0x57, 0x34, 0x32, 0x56, 0x73, 0x41, 0x40, 0x71,
	0x55, 0x31, 0x98, 0x12, 0x56, 0x37, 0x36, 0x56, 0x12, 0x01, 0x22, 0x11,
	0x1F, 0x11, 0x30, 0x3D, 0x1F, 0x1B, 0x2C, 0x47, 0x31, 0x1B, 0x30, 0x53,
	0x70, 0x40, 0x42, 0x70, 0x52, 0x2E, 0x30, 0x52, 0x70, 0x06, 0x35, 0x3E,
	0x3E, 0x35, 0x00, 0x00, 0x00, 0x01, 0x00, 0x1E, 0x00, 0x00, 0x01, 0x2F,
	0x02, 0xEE, 0x00, 0x15, 0x00, 0x26, 0xB0, 0x09, 0x1C, 0x4B, 0x76, 0x2A,
	0xA8, 0x25, 0x19, 0x2E, 0xB1, 0x40, 0x0C, 0x02, 0x15, 0x06, 0x07, 0x07,
	0x04, 0x0E, 0x04, 0x12, 0x11, 0x0E, 0x01, 0x00, 0x3F, 0xCD, 0x3F, 0x11,
	0x12, 0x39, 0x2F, 0xCD, 0x33, 0x32, 0x31, 0x30, 0x01, 0x15, 0x23, 0x11,
	0x23, 0x11, 0x23, 0x35, 0x33, 0x35, 0x34, 0x3E, 0x02, 0x3B, 0x01, 0x15,
	0x23, 0x22, 0x06, 0x1D, 0x01, 0x01, 0x2F, 0x56, 0x87, 0x34, 0x34, 0x1A,
	0x2E, 0x3E, 0x24, 0x33, 0x33, 0x0E, 0x15, 0x02, 0x43, 0x7C, 0xFE, 0x39,
	0x01, 0xC7, 0x7C, 0x0A, 0x21, 0x3B, 0x2C, 0x19, 0x7E, 0x15, 0x0E, 0x0A,
	0x00, 0x02, 0x00, 0x28, 0xFF, 0x44, 0x02, 0x86, 0x02, 0x54, 0x00, 0x2C,
	0x00, 0x40, 0x00, 0x2F, 0xB0, 0x09, 0x1C, 0x4B, 0x76, 0x2A, 0xA8, 0x25,
	0x19, 0x2E, 0xB1, 0x40, 0x10, 0x05, 0x05, 0x0F, 0x10, 0x15, 0x2D, 0x2D,
	0x1F, 0x09, 0x00, 0x1B, 0x26, 0x24, 0x26, 0x37, 0x1F, 0x00, 0x2F, 0xCD,
	0x39, 0x39, 0x2F, 0x3F, 0xCD, 0x11, 0x39, 0x2F, 0xCD, 0x39, 0x39, 0x32,
	0x2F, 0x31, 0x30, 0x05, 0x22, 0x2E, 0x02, 0x27, 0x33, 0x1E, 0x01, 0x33,
	0x32, 0x3E, 0x02, 0x3D, 0x01, 0x27, 0x0E, 0x03, 0x23, 0x22, 0x2E, 0x02,
	0x35, 0x34, 0x3E, 0x02, 0x33, 0x32, 0x1E, 0x02, 0x17, 0x37, 0x35, 0x33,
	0x11, 0x14, 0x0E, 0x02, 0x03, 0x32, 0x3E, 0x02, 0x35, 0x34, 0x2E, 0x02,
	0x23, 0x22, 0x0E, 0x02, 0x15, 0x14, 0x1E, 0x02, 0x01, 0x5C, 0x36, 0x60,
	0x4B, 0x33, 0x0B, 0x95, 0x11, 0x4C, 0x2D, 0x21, 0x3B, 0x2C, 0x1A, 0x03,
	0x0F, 0x25, 0x2C, 0x33, 0x1D, 0x3D, 0x6A, 0x4F, 0x2D, 0x2D, 0x4F, 0x6A,
	0x3D, 0x23, 0x3B, 0x2E, 0x23, 0x0B, 0x03, 0x7E, 0x2C, 0x50, 0x6D, 0x41,
	0x21, 0x3B, 0x2C, 0x1A, 0x1A, 0x2C, 0x3B, 0x21, 0x21, 0x3B, 0x2C, 0x1A,
	0x1A, 0x2C, 0x3B, 0xBC, 0x1D, 0x36, 0x4C, 0x2F, 0x27, 0x2E, 0x19, 0x2D,
	0x3E, 0x25, 0x14, 0x02, 0x11, 0x1F, 0x1A, 0x0F, 0x2A, 0x4B, 0x67, 0x3D,
	0x3D, 0x66, 0x4B, 0x2A, 0x12, 0x1B, 0x23, 0x10, 0x02, 0x4D, 0xFE, 0x1A,
	0x3D, 0x67, 0x4B, 0x2A, 0x01, 0x56, 0x19, 0x2C, 0x3B, 0x22, 0x21, 0x3B,
	0x2C, 0x19, 0x19, 0x2C, 0x3B, 0x21, 0x22, 0x3B, 0x2C, 0x19, 0x00, 0x00,
	0x00, 0x01, 0x00, 0x3C, 0x00, 0x00, 0x02, 0x53, 0x02, 0xEE, 0x00, 0x1D,
	0x00, 0x27, 0xB0, 0x09, 0x1C, 0x4B, 0x76, 0x2A, 0xA8, 0x25, 0x19, 0x2E,
	0xB1, 0x40, 0x0D, 0x17, 0x0A, 0x0A, 0x17, 0x03, 0x00, 0x01, 0x11, 0x12,
	0x00, 0x12, 0x01, 0x01, 0x00, 0x3F, 0x3F, 0x3F, 0x11, 0x12, 0x39, 0x39,
	0x39, 0x2F, 0x2F, 0x31, 0x30, 0x33, 0x11, 0x33, 0x15, 0x32, 0x31, 0x3E,
	0x03, 0x33, 0x32, 0x1E, 0x02, 0x15, 0x11, 0x23, 0x11, 0x34, 0x2E, 0x02,
	0x23, 0x22, 0x0E, 0x02, 0x15, 0x11, 0x3C, 0x8C, 0x03, 0x0C, 0x22, 0x2B,
	0x32, 0x1D, 0x33, 0x52, 0x3B, 0x20, 0x8C, 0x14, 0x23, 0x2E, 0x1A, 0x1B,
	0x2E, 0x23, 0x14, 0x02, 0xEE, 0xF3, 0x11, 0x20, 0x19, 0x0F, 0x24, 0x40,
	0x5B, 0x37, 0xFE, 0xA2, 0x01, 0x4C, 0x1B, 0x2E, 0x23, 0x14, 0x14, 0x23,
	0x2E, 0x1B, 0xFE, 0xB4, 0x00, 0x02, 0x00, 0x33, 0x00, 0x00, 0x00, 0xD1,
	0x03, 0x03, 0x00, 0x03, 0x00, 0x0F, 0x00, 0x22, 0xB0, 0x09, 0x1C, 0x4B,
	0x76, 0x2A, 0xA8, 0x25, 0x19, 0x2E, 0xB1, 0x40, 0x0A, 0x03, 0x0D, 0x0D,
	0x03, 0x02, 0x07, 0x02, 0x12, 0x07, 0x04, 0x00, 0x3F, 0x3F, 0x11, 0x12,
	0x39, 0x39, 0x2F, 0x2F, 0x31, 0x30, 0x13, 0x11, 0x23, 0x11, 0x27, 0x34,
	0x36, 0x33, 0x32, 0x16, 0x15, 0x14, 0x06, 0x23, 0x22, 0x26, 0xC8, 0x8C,
	0x09, 0x2E, 0x21, 0x21, 0x2E, 0x2E, 0x21, 0x21, 0x2E, 0x02, 0x43, 0xFD,
	0xBD, 0x02, 0x43, 0x71, 0x21, 0x2E, 0x2E, 0x21, 0x21, 0x2E, 0x2E, 0x00,
	0x00, 0x02, 0xFF, 0xF8, 0xFF, 0x55, 0x00, 0xCF, 0x02, 0xFF, 0x00, 0x0B,
	0x00, 0x19, 0x00, 0x26, 0xB0, 0x09, 0x1C, 0x4B, 0x76, 0x2A, 0xA8, 0x25,
	0x19, 0x2E, 0xB1, 0x40, 0x0C, 0x0C, 0x11, 0x09, 0x09, 0x0C, 0x11, 0x19,
	0x03, 0x19, 0x1C, 0x03, 0x04, 0x00, 0x3F, 0x3F, 0x11, 0x12, 0x39, 0x39,
	0x39, 0x2F, 0x2F, 0x2F, 0x31, 0x30, 0x13, 0x34, 0x36, 0x33, 0x32, 0x16,
	0x15, 0x14, 0x06, 0x23, 0x22, 0x26, 0x03, 0x33, 0x32, 0x36, 0x35, 0x11,
	0x33, 0x11, 0x14, 0x0E, 0x02, 0x2B, 0x01, 0x32, 0x2F, 0x20, 0x20, 0x2E,
	0x2E, 0x20, 0x20, 0x2F, 0x3A, 0x23, 0x0E, 0x13, 0x88, 0x1B, 0x2E, 0x3D,
	0x23, 0x23, 0x02, 0xB1, 0x20, 0x2E, 0x2E, 0x20, 0x21, 0x2D, 0x2D, 0xFD,
	0x4E, 0x14, 0x0E, 0x02, 0x43, 0xFD, 0xBD, 0x23, 0x3F, 0x2E, 0x1B, 0x00,
	0x00, 0x01, 0x00, 0x3C, 0x00, 0x00, 0x02, 0x68, 0x02, 0xEE, 0x00, 0x0B,
	0x00, 0x18, 0xB0, 0x09, 0x1C, 0x4B, 0x76, 0x2A, 0xA8, 0x25, 0x19, 0x2E,
	0xB1, 0xB5, 0x03, 0x12, 0x07, 0x12, 0x08, 0x01, 0x00, 0x3F, 0x3F, 0x3F,
	0x31, 0x30, 0x09, 0x02, 0x23, 0x27, 0x07, 0x15, 0x23, 0x11, 0x33, 0x11,
	0x37, 0x02, 0x68, 0xFE, 0xFC, 0x01, 0x04, 0xB2, 0xB1, 0x41, 0x88, 0x88,
	0xE7, 0x02, 0x43, 0xFE, 0xF3, 0xFE, 0xCA, 0xD4, 0x44, 0x90, 0x02, 0xEE,
	0xFE, 0x66, 0xEF, 0x00, 0x00, 0x01, 0x00, 0x3C, 0x00, 0x00, 0x00, 0xC8,
	0x02, 0xEE, 0x00, 0x03, 0x00, 0x15, 0xB0, 0x09, 0x1C, 0x4B, 0x76, 0x2A,
	0xA8, 0x25, 0x19, 0x2E, 0xB1, 0xB3, 0x03, 0x12, 0x00, 0x01, 0x00, 0x3F,
	0x3F, 0x31, 0x30, 0x13, 0x33, 0x11, 0x23, 0x3C, 0x8C, 0x8C, 0x02, 0xEE,
	0xFD, 0x12, 0x00, 0x00, 0x00, 0x01, 0x00, 0x3C, 0x00, 0x00, 0x03, 0x78,
	0x02, 0x54, 0x00, 0x2D, 0x00, 0x31, 0xB0, 0x09, 0x1C, 0x4B, 0x76, 0x2A,
	0xA8, 0x25, 0x19, 0x2E, 0xB1, 0x40, 0x12, 0x1C, 0x0F, 0x1C, 0x16, 0x0C,
	0x0F, 0x09, 0x16, 0x12, 0x23, 0x12, 0x00, 0x12, 0x09, 0x09, 0x03, 0x27,
	0x01, 0x00, 0x2F, 0xCD, 0x32, 0x33, 0x2F, 0x3F, 0x3F, 0x3F, 0x11, 0x33,
	0x33, 0x12, 0x39, 0x2F, 0x2F, 0x31, 0x30, 0x33, 0x11, 0x33, 0x15, 0x33,
	0x3E, 0x03, 0x33, 0x32, 0x16, 0x17, 0x3E, 0x01, 0x33, 0x32, 0x1E, 0x02,
	0x15, 0x11, 0x23, 0x11, 0x34, 0x2E, 0x02, 0x23, 0x22, 0x0E, 0x02, 0x15,
	0x11, 0x23, 0x11, 0x34, 0x26, 0x23, 0x22, 0x0E, 0x02, 0x15, 0x11, 0x3C,
	0x81, 0x02, 0x0A, 0x1E, 0x25, 0x2F, 0x1C, 0x39, 0x4D, 0x1B, 0x1D, 0x54,
	0x35, 0x30, 0x50, 0x3A, 0x20, 0x8C, 0x10, 0x1C, 0x26, 0x15, 0x15, 0x25,
	0x1C, 0x10, 0x8B, 0x3B, 0x2B, 0x15, 0x25, 0x1C, 0x10, 0x02, 0x43, 0x4F,
	0x12, 0x22, 0x1B, 0x11, 0x39, 0x2B, 0x27, 0x3D, 0x24, 0x3F, 0x57, 0x34,
	0xFE, 0x9A, 0x01, 0x66, 0x15, 0x26, 0x1B, 0x10, 0x10, 0x1B, 0x26, 0x15,
	0xFE, 0x9A, 0x01, 0x66, 0x2B, 0x3B, 0x10, 0x1B, 0x26, 0x15, 0xFE, 0x9A,
	0x00, 0x01, 0x00, 0x3C, 0x00, 0x00, 0x02, 0x53, 0x02, 0x54, 0x00, 0x1A,
	0x00, 0x28, 0xB0, 0x09, 0x1C, 0x4B, 0x76, 0x2A, 0xA8, 0x25, 0x19, 0x2E,
	0xB1, 0x40, 0x0D, 0x14, 0x01, 0x01, 0x14, 0x03, 0x00, 0x07, 0x07, 0x00,
	0x0E, 0x12, 0x00, 0x12, 0x00, 0x3F, 0x3F, 0x10, 0xC5, 0x11, 0x12, 0x39,
	0x39, 0x39, 0x2F, 0x2F, 0x31, 0x30, 0x33, 0x11, 0x33, 0x15, 0x33, 0x3E,
	0x01, 0x33, 0x32, 0x1E, 0x02, 0x15, 0x11, 0x23, 0x11, 0x34, 0x2E, 0x02,
	0x23, 0x22, 0x0E, 0x02, 0x15, 0x11, 0x3C, 0x81, 0x02, 0x17, 0x5B, 0x42,
	0x32, 0x52, 0x3B, 0x21, 0x8C, 0x14, 0x23, 0x2E, 0x1A, 0x1B, 0x2E, 0x23,
	0x14, 0x02, 0x43, 0x53, 0x2A, 0x3A, 0x24, 0x41, 0x5B, 0x36, 0xFE, 0xA2,
	0x01, 0x4C, 0x1B, 0x2E, 0x23, 0x14, 0x14, 0x23, 0x2E, 0x1B, 0xFE, 0xB4,
	0x00, 0x02, 0x00, 0x28, 0xFF, 0xEF, 0x02, 0xA1, 0x02, 0x54, 0x00, 0x13,
	0x00, 0x27, 0x00, 0x21, 0xB0, 0x09, 0x1C, 0x4B, 0x76, 0x2A, 0xA8, 0x25,
	0x19, 0x2E, 0xB1, 0x40, 0x09, 0x0F, 0x05, 0x05, 0x0F, 0x19, 0x23, 0x23,
	0x19, 0x13, 0x00, 0x3F, 0xC5, 0x11, 0x12, 0x39, 0x39, 0x2F, 0x2F, 0x31,
	0x30, 0x01, 0x34, 0x2E, 0x02, 0x23, 0x22, 0x0E, 0x02, 0x15, 0x14, 0x1E,
	0x02, 0x33, 0x32, 0x3E, 0x02, 0x37, 0x14, 0x0E, 0x02, 0x23, 0x22, 0x2E,
	0x02, 0x35, 0x34, 0x3E, 0x02, 0x33, 0x32, 0x1E, 0x02, 0x02, 0x0F, 0x1B,
	0x2E, 0x3E, 0x24, 0x23, 0x3D, 0x2E, 0x1B, 0x1B, 0x2E, 0x3D, 0x23, 0x24,
	0x3E, 0x2E, 0x1B, 0x92, 0x32, 0x55, 0x74, 0x42, 0x42, 0x73, 0x55, 0x32,
	0x32, 0x55, 0x73, 0x42, 0x42, 0x74, 0x55, 0x32, 0x01, 0x22, 0x23, 0x3E,
	0x2E, 0x1B, 0x1B, 0x2E, 0x3E, 0x23, 0x23, 0x3F, 0x2E, 0x1B, 0x1B, 0x2E,
	0x3F, 0x23, 0x42, 0x70, 0x53, 0x2E, 0x2E, 0x53, 0x70, 0x42, 0x42, 0x70,
	0x52, 0x2E, 0x2E, 0x52, 0x70, 0x00, 0x00, 0x00, 0x00, 0x02, 0x00, 0x3C,
	0xFF, 0x55, 0x02, 0xAF, 0x02, 0x54, 0x00, 0x18, 0x00, 0x2C, 0x00, 0x2A,
	0xB0, 0x09, 0x1C, 0x4B, 0x76, 0x2A, 0xA8, 0x25, 0x19, 0x2E, 0xB1, 0x40,
	0x10, 0x16, 0x1C, 0x1E, 0x28, 0x17, 0x17, 0x00, 0x28, 0x1E, 0x14, 0x05,
	0x10, 0x06, 0x06, 0x10, 0x13, 0x00, 0x3F, 0xC5, 0x11, 0x12, 0x17, 0x39,
	0x2F, 0x2F, 0x2F, 0x3F, 0x31, 0x30, 0x13, 0x33, 0x3E, 0x03, 0x33, 0x32,
	0x1E, 0x02, 0x15, 0x14, 0x0E, 0x02, 0x23, 0x22, 0x26, 0x27, 0x23, 0x15,
	0x23, 0x11, 0x33, 0x13, 0x14, 0x1E, 0x02, 0x33, 0x32, 0x3E, 0x02, 0x35,
	0x34, 0x2E, 0x02, 0x23, 0x22, 0x0E, 0x02, 0xBD, 0x02, 0x10, 0x28, 0x33,
	0x3E, 0x24, 0x3C, 0x6A, 0x4F, 0x2E, 0x2E, 0x4F, 0x6A, 0x3C, 0x45, 0x5E,
	0x1F, 0x02, 0x8C, 0x81, 0x0B, 0x1B, 0x2E, 0x3E, 0x23, 0x24, 0x3E, 0x2E,
	0x1A, 0x1A, 0x2E, 0x3E, 0x24, 0x23, 0x3E, 0x2E, 0x1B, 0x01, 0xE2, 0x17,
	0x2A, 0x1F, 0x12, 0x2E, 0x53, 0x70, 0x42, 0x42, 0x70, 0x52, 0x2E, 0x3C,
	0x29, 0xFF, 0x02, 0xEE, 0xFE, 0xDE, 0x23, 0x3E, 0x2E, 0x1B, 0x1B, 0x2E,
	0x3E, 0x23, 0x23, 0x3E, 0x2F, 0x1B, 0x1B, 0x2F, 0x3E, 0x00, 0x00, 0x00,
	0x00, 0x02, 0x00, 0x28, 0xFF, 0x55, 0x02, 0x9B, 0x02, 0x54, 0x00, 0x18,
	0x00, 0x2C, 0x00, 0x2A, 0xB0, 0x09, 0x1C, 0x4B, 0x76, 0x2A, 0xA8, 0x25,
	0x19, 0x2E, 0xB1, 0x40, 0x10, 0x03, 0x1C, 0x28, 0x1E, 0x00, 0x00, 0x17,
	0x1E, 0x28, 0x05, 0x05, 0x08, 0x12, 0x12, 0x08, 0x13, 0x00, 0x3F, 0xC5,
	0x11, 0x12, 0x17, 0x39, 0x2F, 0x2F, 0x2F, 0x3F, 0x31, 0x30, 0x01, 0x33,
	0x11, 0x23, 0x11, 0x23, 0x0E, 0x01, 0x23, 0x22, 0x2E, 0x02, 0x35, 0x34,
	0x3E, 0x02, 0x33, 0x32, 0x1E, 0x02, 0x17, 0x33, 0x07, 0x34, 0x2E, 0x02,
	0x23, 0x22, 0x0E, 0x02, 0x15, 0x14, 0x1E, 0x02, 0x33, 0x32, 0x3E, 0x02,
	0x02, 0x1A, 0x81, 0x8C, 0x02, 0x1F, 0x5E, 0x45, 0x3C, 0x6A, 0x4F, 0x2E,
	0x2E, 0x4F, 0x6A, 0x3C, 0x24, 0x3E, 0x33, 0x28, 0x10, 0x02, 0x0B, 0x1B,
	0x2E, 0x3E, 0x23, 0x24, 0x3E, 0x2E, 0x1A, 0x1A, 0x2E, 0x3E, 0x24, 0x23,
	0x3E, 0x2E, 0x1B, 0x02, 0x43, 0xFD, 0x12, 0x00, 0xFF, 0x29, 0x3C, 0x2E,
	0x52, 0x70, 0x42, 0x42, 0x70, 0x53, 0x2E, 0x12, 0x1F, 0x2A, 0x17, 0xC1,
	0x23, 0x3E, 0x2F, 0x1B, 0x1B, 0x2F, 0x3E, 0x23, 0x23, 0x3E, 0x2E, 0x1B,
	0x1B, 0x2E, 0x3E, 0x00, 0x00, 0x01, 0x00, 0x3C, 0x00, 0x00, 0x01, 0x66,
	0x02, 0x54, 0x00, 0x14, 0x00, 0x24, 0xB0, 0x09, 0x1C, 0x4B, 0x76, 0x2A,
	0xA8, 0x25, 0x19, 0x2E, 0xB1, 0x40, 0x0C, 0x0D, 0x00, 0x00, 0x02, 0x0D,
	0x0A, 0x04, 0x14, 0x08, 0x08, 0x14, 0x12, 0x00, 0x3F, 0xC5, 0x11, 0x12,
	0x17, 0x39, 0x2F, 0x2F, 0x31, 0x30, 0x13, 0x33, 0x15, 0x33, 0x3E, 0x03,
	0x3B, 0x01, 0x15, 0x2E, 0x01, 0x23, 0x22, 0x0E, 0x02, 0x07, 0x11, 0x23,
	0x3C, 0x7E, 0x02, 0x0B, 0x1E, 0x27, 0x30, 0x1E, 0x0C, 0x08, 0x10, 0x09,
	0x1A, 0x2C, 0x23, 0x15, 0x02, 0x89, 0x02, 0x43, 0x50, 0x13, 0x23, 0x1B,
	0x10, 0x95, 0x02, 0x03, 0x13, 0x20, 0x2C, 0x19, 0xFE, 0xB4, 0x00, 0x00,
	0x00, 0x01, 0x00, 0x26, 0xFF, 0xEF, 0x02, 0x25, 0x02, 0x54, 0x00, 0x39,
	0x00, 0x23, 0xB0, 0x09, 0x1C, 0x4B, 0x76, 0x2A, 0xA8, 0x25, 0x19, 0x2E,
	0xB1, 0x40, 0x0A, 0x1D, 0x00, 0x1D, 0x00, 0x05, 0x23, 0x18, 0x13, 0x05,
	0x34, 0x00, 0x2F, 0xCD, 0x3F, 0xCD, 0x11, 0x39, 0x39, 0x2F, 0x2F, 0x31,
	0x30, 0x01, 0x34, 0x2E, 0x02, 0x23, 0x22, 0x0E, 0x02, 0x15, 0x14, 0x16,
	0x1F, 0x01, 0x1E, 0x03, 0x15, 0x14, 0x0E, 0x02, 0x23, 0x22, 0x2E, 0x02,
	0x35, 0x33, 0x14, 0x1E, 0x02, 0x33, 0x32, 0x36, 0x35, 0x34, 0x26, 0x2F,
	0x01, 0x2E, 0x03, 0x35, 0x34, 0x3E, 0x02, 0x33, 0x32, 0x1E, 0x02, 0x15,
	0x01, 0x8A, 0x0E, 0x19, 0x25, 0x17, 0x13, 0x23, 0x1A, 0x10, 0x1B, 0x16,
	0x7C, 0x24, 0x41, 0x30, 0x1C, 0x29, 0x46, 0x5E, 0x36, 0x35, 0x5C, 0x44,
	0x27, 0x89, 0x13, 0x1F, 0x2A, 0x17, 0x2F, 0x42, 0x1F, 0x1E, 0x7B, 0x22,
	0x3D, 0x2E, 0x1B, 0x27, 0x42, 0x59, 0x32, 0x32, 0x56, 0x3F, 0x24, 0x01,
	0x90, 0x0C, 0x1C, 0x17, 0x0F, 0x0A, 0x11, 0x18, 0x0E, 0x14, 0x0F, 0x07,
	0x20, 0x09, 0x1A, 0x28, 0x39, 0x29, 0x2D, 0x44, 0x2F, 0x17, 0x1D, 0x34,
	0x48, 0x2B, 0x0E, 0x1B, 0x16, 0x0E, 0x21, 0x1F, 0x14, 0x12, 0x07, 0x1F,
	0x09, 0x1C, 0x2A, 0x38, 0x24, 0x2D, 0x44, 0x2E, 0x18, 0x1F, 0x35, 0x47,
	0x29, 0x00, 0x00, 0x00, 0x00, 0x01, 0x00, 0x19, 0x00, 0x00, 0x01, 0x3F,
	0x02, 0xC6, 0x00, 0x15, 0x00, 0x27, 0xB0, 0x09, 0x1C, 0x4B, 0x76, 0x2A,
	0xA8, 0x25, 0x19, 0x2E, 0xB1, 0x40, 0x0C, 0x14, 0x14, 0x01, 0x08, 0x01,
	0x12, 0x0B, 0x0B, 0x10, 0x0D, 0x08, 0x09, 0x00, 0x2F, 0xCD, 0x33, 0x32,
	0x33, 0x2F, 0x3F, 0x11, 0x12, 0x39, 0x2F, 0x31, 0x30, 0x21, 0x23, 0x22,
	0x2E, 0x02, 0x35, 0x11, 0x23, 0x35, 0x33, 0x35, 0x33, 0x15, 0x33, 0x15,
	0x23, 0x11, 0x14, 0x16, 0x3B, 0x01, 0x01, 0x3F, 0x44, 0x24, 0x3F, 0x2F,
	0x1C, 0x34, 0x34, 0x8C, 0x55, 0x55, 0x14, 0x0E, 0x44, 0x1B, 0x2E, 0x3E,
	0x24, 0x01, 0x1C, 0x7C, 0x83, 0x83, 0x7C, 0xFE, 0xE4, 0x0F, 0x14, 0x00,
	0x00, 0x01, 0x00, 0x3C, 0xFF, 0xEF, 0x02, 0x53, 0x02, 0x43, 0x00, 0x1A,
	0x00, 0x24, 0xB0, 0x09, 0x1C, 0x4B, 0x76, 0x2A, 0xA8, 0x25, 0x19, 0x2E,
	0xB1, 0x40, 0x0B, 0x14, 0x14, 0x04, 0x02, 0x0D, 0x0D, 0x02, 0x07, 0x13,
	0x02, 0x12, 0x00, 0x3F, 0x3F, 0x10, 0xC5, 0x11, 0x12, 0x39, 0x39, 0x2F,
	0x31, 0x30, 0x01, 0x11, 0x23, 0x35, 0x23, 0x0E, 0x01, 0x23, 0x22, 0x2E,
	0x02, 0x35, 0x11, 0x33, 0x11, 0x14, 0x1E, 0x02, 0x33, 0x32, 0x3E, 0x02,
	0x35, 0x11, 0x02, 0x53, 0x81, 0x02, 0x17, 0x5B, 0x42, 0x32, 0x52, 0x3B,
	0x21, 0x8C, 0x14, 0x22, 0x2F, 0x1A, 0x1B, 0x2E, 0x23, 0x14, 0x02, 0x43,
	0xFD, 0xBD, 0x53, 0x2A, 0x3A, 0x24, 0x41, 0x5B, 0x36, 0x01, 0x5E, 0xFE,
	0xB4, 0x1B, 0x2E, 0x23, 0x14, 0x14, 0x23, 0x2E, 0x1B, 0x01, 0x4C, 0x00,
	0x00, 0x01, 0x00, 0x0F, 0x00, 0x00, 0x02, 0x59, 0x02, 0x43, 0x00, 0x07,
	0x00, 0x1A, 0xB0, 0x09, 0x1C, 0x4B, 0x76, 0x2A, 0xA8, 0x25, 0x19, 0x2E,
	0xB1, 0xB5, 0x04, 0x01, 0x02, 0x02, 0x01, 0x12, 0x00, 0x3F, 0xC5, 0x11,
	0x12, 0x39, 0x31, 0x30, 0x21, 0x23, 0x03, 0x33, 0x13, 0x33, 0x13, 0x33,
	0x01, 0x78, 0x88, 0xE1, 0x93, 0x92, 0x02, 0x90, 0x93, 0x02, 0x43, 0xFE,
	0x87, 0x01, 0x79, 0x00, 0x00, 0x01, 0x00, 0x0F, 0x00, 0x00, 0x03, 0x8D,
	0x02, 0x43, 0x00, 0x0F, 0x00, 0x24, 0xB0, 0x09, 0x1C, 0x4B, 0x76, 0x2A,
	0xA8, 0x25, 0x19, 0x2E, 0xB1, 0x40, 0x0B, 0x0C, 0x05, 0x01, 0x0E, 0x0F,
	0x0F, 0x0E, 0x0A, 0x12, 0x0E, 0x12, 0x00, 0x3F, 0x3F, 0x10, 0xC5, 0x11,
	0x12, 0x39, 0x39, 0x39, 0x31, 0x30, 0x1B, 0x01, 0x33, 0x13, 0x33, 0x13,
	0x33, 0x13, 0x33, 0x03, 0x23, 0x03, 0x23, 0x03, 0x23, 0x03, 0x9F, 0x75,
	0x02, 0x73, 0x89, 0x75, 0x02, 0x74, 0x90, 0xC2, 0x87, 0x75, 0x02, 0x75,
	0x88, 0xC1, 0x02, 0x43, 0xFE, 0x9F, 0x01, 0x61, 0xFE, 0x9F, 0x01, 0x61,
	0xFD, 0xBD, 0x01, 0x60, 0xFE, 0xA0, 0x02, 0x43, 0x00, 0x01, 0x00, 0x0F,
	0x00, 0x00, 0x02, 0x5D, 0x02, 0x43, 0x00, 0x0D, 0x00, 0x17, 0xB0, 0x09,
	0x1C, 0x4B, 0x76, 0x2A, 0xA8, 0x25, 0x19, 0x2E, 0xB1, 0xB4, 0x08, 0x12,
	0x0C, 0x12, 0x00, 0x00, 0x2F, 0x3F, 0x3F, 0x31, 0x30, 0x13, 0x33, 0x17,
	0x33, 0x37, 0x33, 0x03, 0x13, 0x23, 0x27, 0x23, 0x07, 0x23, 0x13, 0x0F,
	0xA9, 0x7D, 0x02, 0x7D, 0xA9, 0xD2, 0xD2, 0xA9, 0x7D, 0x02, 0x7D, 0xA9,
	0xD3, 0x02, 0x43, 0xAE, 0xAE, 0xFE, 0xDF, 0xFE, 0xDE, 0xAF, 0xAF, 0x01,
	0x22, 0x00, 0x00, 0x00, 0x00, 0x01, 0x00, 0x0F, 0xFF, 0x55, 0x02, 0x58,
	0x02, 0x43, 0x00, 0x08, 0x00, 0x1C, 0xB0, 0x09, 0x1C, 0x4B, 0x76, 0x2A,
	0xA8, 0x25, 0x19, 0x2E, 0xB1, 0xB6, 0x05, 0x02, 0x01, 0x03, 0x03, 0x01,
	0x1C, 0x00, 0x3F, 0xC5, 0x11, 0x12, 0x39, 0x39, 0x31, 0x30, 0x05, 0x23,
	0x37, 0x03, 0x33, 0x13, 0x33, 0x13, 0x33, 0x01, 0x36, 0x92, 0x47, 0xDC,
	0x93, 0x91, 0x02, 0x91, 0x92, 0xAB, 0xB8, 0x02, 0x36, 0xFE, 0x87, 0x01,
	0x79, 0x00, 0x00, 0x00, 0x00, 0x01, 0x00, 0x26, 0x00, 0x00, 0x02, 0x14,
	0x02, 0x43, 0x00, 0x0B, 0x00, 0x24, 0xB0, 0x09, 0x1C, 0x4B, 0x76, 0x2A,
	0xA8, 0x25, 0x19, 0x2E, 0xB1, 0x40, 0x0C, 0x01, 0x08, 0x08, 0x0B, 0x05,
	0x01, 0x04, 0x04, 0x09, 0x09, 0x04, 0x12, 0x00, 0x3F, 0xC5, 0x11, 0x12,
	0x17, 0x39, 0x2F, 0x2F, 0x31, 0x30, 0x37, 0x15, 0x21, 0x15, 0x21, 0x35,
	0x01, 0x35, 0x21, 0x35, 0x21, 0x15, 0xE6, 0x01, 0x2E, 0xFE, 0x12, 0x01,
	0x2F, 0xFE, 0xD1, 0x01, 0xEE, 0x8A, 0x02, 0x88, 0x88, 0x01, 0x32, 0x02,
	0x87, 0x87, 0x00, 0x00, 0x00, 0x01, 0x00, 0x50, 0xFF, 0x55, 0x01, 0x61,
	0x02, 0xEE, 0x00, 0x28, 0x00, 0x24, 0xB0, 0x09, 0x1C, 0x4B, 0x76, 0x2A,
	0xA8, 0x25, 0x19, 0x2E, 0xB1, 0x40, 0x0B, 0x1F, 0x0A, 0x0B, 0x0B, 0x15,
	0x26, 0x00, 0x1C, 0x18, 0x15, 0x01, 0x00, 0x3F, 0xCD, 0x3F, 0xCD, 0x11,
	0x39, 0x2F, 0xCD, 0x39, 0x31, 0x30, 0x05, 0x22, 0x2E, 0x02, 0x3D, 0x01,
	0x34, 0x26, 0x2B, 0x01, 0x35, 0x33, 0x32, 0x36, 0x3D, 0x01, 0x34, 0x3E,
	0x02, 0x3B, 0x01, 0x15, 0x23, 0x22, 0x06, 0x1D, 0x01, 0x14, 0x06, 0x07,
	0x1E, 0x01, 0x1D, 0x01, 0x14, 0x16, 0x3B, 0x01, 0x15, 0x01, 0x3F, 0x20,
	0x38, 0x2A, 0x18, 0x1D, 0x15, 0x23, 0x23, 0x15, 0x1D, 0x18, 0x2A, 0x38,
	0x20, 0x22, 0x22, 0x16, 0x1D, 0x1A, 0x12, 0x12, 0x1A, 0x1D, 0x16, 0x22,
	0xAB, 0x18, 0x2A, 0x38, 0x20, 0xCD, 0x14, 0x1E, 0x66, 0x1F, 0x15, 0xCC,
	0x20, 0x38, 0x2A, 0x18, 0x66, 0x1E, 0x16, 0xCC, 0x1E, 0x34, 0x14, 0x15,
	0x34, 0x1D, 0xCD, 0x16, 0x1E, 0x66, 0x00, 0x00, 0x00, 0x01, 0x00, 0x78,
	0xFF, 0x55, 0x00, 0xBE, 0x02, 0xEE, 0x00, 0x03, 0x00, 0x17, 0xB0, 0x09,
	0x1C, 0x4B, 0x76, 0x2A, 0xA8, 0x25, 0x19, 0x2E, 0xB1, 0xB8, 0x00, 0x00,
	0xB2, 0x1C, 0x01, 0x01, 0x00, 0x3F, 0x3F, 0x31, 0x30, 0x17, 0x11, 0x33,
	0x11, 0x78, 0x46, 0xAB, 0x03, 0x99, 0xFC, 0x67, 0x00, 0x01, 0x00, 0x1E,
	0xFF, 0x55, 0x01, 0x2F, 0x02, 0xEE, 0x00, 0x28, 0x00, 0x24, 0xB0, 0x09,
	0x1C, 0x4B, 0x76, 0x2A, 0xA8, 0x25, 0x19, 0x2E, 0xB1, 0x40, 0x0B, 0x09,
	0x1F, 0x1C, 0x1C, 0x12, 0x01, 0x00, 0x1C, 0x11, 0x12, 0x01, 0x00, 0x3F,
	0xCD, 0x3F, 0xCD, 0x11, 0x39, 0x2F, 0xCD, 0x39, 0x31, 0x30, 0x17, 0x35,
	0x33, 0x32, 0x36, 0x3D, 0x01, 0x34, 0x36, 0x37, 0x2E, 0x01, 0x3D, 0x01,
	0x34, 0x26, 0x2B, 0x01, 0x35, 0x33, 0x32, 0x1E, 0x02, 0x1D, 0x01, 0x14,
	0x16, 0x3B, 0x01, 0x15, 0x23, 0x22, 0x06, 0x1D, 0x01, 0x14, 0x0E, 0x02,
	0x23, 0x1E, 0x22, 0x16, 0x1D, 0x1A, 0x12, 0x12, 0x1A, 0x1D, 0x16, 0x22,
	0x22, 0x20, 0x38, 0x2A, 0x18, 0x1D, 0x15, 0x23, 0x23, 0x15, 0x1D, 0x18,
	0x2A, 0x38, 0x20, 0xAB, 0x66, 0x1E, 0x16, 0xCD, 0x1D, 0x34, 0x15, 0x14,
	0x34, 0x1E, 0xCC, 0x16, 0x1E, 0x66, 0x18, 0x2A, 0x38, 0x20, 0xCC, 0x15,
	0x1F, 0x66, 0x1E, 0x14, 0xCD, 0x20, 0x38, 0x2A, 0x18, 0x00, 0x00, 0x00,
	0x00, 0x01, 0x00, 0x3C, 0x00, 0xD3, 0x01, 0x9A, 0x01, 0x72, 0x00, 0x1B,
	0x00, 0x24, 0xB0, 0x09, 0x1C, 0x4B, 0x76, 0x2A, 0xA8, 0x25, 0x19, 0x2E,
	0xB1, 0x40, 0x0A, 0x0E, 0x1B, 0x0E, 0x0A, 0x05, 0x18, 0x18, 0x1B, 0x0A,
	0x13, 0x00, 0x2F, 0xCD, 0x39, 0x39, 0x2F, 0xCD, 0x11, 0x39, 0x2F, 0x2F,
	0x31, 0x30, 0x01, 0x14, 0x0E, 0x02, 0x23, 0x22, 0x26, 0x27, 0x26, 0x23,
	0x22, 0x06, 0x15, 0x23, 0x34, 0x3E, 0x02, 0x33, 0x32, 0x16, 0x17, 0x16,
	0x33, 0x32, 0x36, 0x35, 0x01, 0x9A, 0x12, 0x1E, 0x29, 0x17, 0x20, 0x35,
	0x0E, 0x08, 0x12, 0x0B, 0x11, 0x55, 0x12, 0x1F, 0x29, 0x17, 0x20, 0x35,
	0x0E, 0x08, 0x12, 0x0C, 0x11, 0x01, 0x44, 0x17, 0x29, 0x1F, 0x12, 0x21,
	0x1A, 0x10, 0x11, 0x0C, 0x18, 0x29, 0x1E, 0x12, 0x21, 0x1A, 0x10, 0x11,
	0x0C, 0x00, 0x00, 0x00, 0x00, 0x02, 0x00, 0x34, 0x00, 0x00, 0x00, 0xCE,
	0x02, 0xF5, 0x00, 0x0B, 0x00, 0x0F, 0x00, 0x22, 0xB0, 0x09, 0x1C, 0x4B,
	0x76, 0x2A, 0xA8, 0x25, 0x19, 0x2E, 0xB1, 0x40, 0x0A, 0x0F, 0x03, 0x03,
	0x0F, 0x0E, 0x09, 0x0E, 0x12, 0x09, 0x01, 0x00, 0x3F, 0x3F, 0x11, 0x12,
	0x39, 0x39, 0x2F, 0x2F, 0x31, 0x30, 0x13, 0x14, 0x06, 0x23, 0x22, 0x26,
	0x35, 0x34, 0x36, 0x33, 0x32, 0x16, 0x07, 0x13, 0x23, 0x13, 0xCE, 0x2D,
	0x20, 0x20, 0x2D, 0x2D, 0x20, 0x20, 0x2D, 0x18, 0x0F, 0x89, 0x0F, 0x02,
	0xA8, 0x20, 0x2B, 0x2B, 0x20, 0x21, 0x2C, 0x2C, 0xA7, 0xFD, 0xDE, 0x02,
	0x22, 0x00, 0x00, 0x00, 0x00, 0x01, 0x00, 0x28, 0xFF, 0xAB, 0x02, 0x94,
	0x02, 0x99, 0x00, 0x27, 0x00, 0x18, 0xB0, 0x09, 0x1C, 0x4B, 0x76, 0x2A,
	0xA8, 0x25, 0x19, 0x2E, 0xB1, 0xB4, 0x25, 0x1E, 0x00, 0x13, 0x0B, 0x00,
	0x2F, 0x3F, 0xCD, 0x33, 0x31, 0x30, 0x05, 0x2E, 0x03, 0x35, 0x34, 0x3E,
	0x02, 0x37, 0x35, 0x33, 0x15, 0x1E, 0x01, 0x17, 0x23, 0x2E, 0x01, 0x23,
	0x22, 0x0E, 0x02, 0x15, 0x14, 0x1E, 0x02, 0x33, 0x32, 0x36, 0x37, 0x33,
	0x0E, 0x01, 0x07, 0x15, 0x23, 0x01, 0x20, 0x36, 0x5B, 0x42, 0x25, 0x25,
	0x42, 0x5B, 0x36, 0x8A, 0x5C, 0x7B, 0x13, 0x91, 0x13, 0x54, 0x37, 0x23,
	0x3E, 0x2E, 0x1B, 0x1B, 0x2E, 0x3E, 0x23, 0x37, 0x54, 0x13, 0x91, 0x12,
	0x7C, 0x5C, 0x8A, 0x0A, 0x0B, 0x35, 0x4F, 0x64, 0x39, 0x39, 0x64, 0x4E,
	0x36, 0x0B, 0x4B, 0x4A, 0x11, 0x7A, 0x5D, 0x2F, 0x39, 0x1C, 0x2F, 0x3F,
	0x23, 0x23, 0x3F, 0x2F, 0x1C, 0x39, 0x2F, 0x5D, 0x7A, 0x11, 0x4A, 0x00,
	0x00, 0x01, 0x00, 0x28, 0xFF, 0xEB, 0x02, 0x55, 0x02, 0xFE, 0x00, 0x36,
	0x00, 0x3E, 0xB0, 0x09, 0x1C, 0x4B, 0x76, 0x2A, 0xA8, 0x25, 0x19, 0x2E,
	0xB1, 0x40, 0x11, 0x24, 0x1A, 0x00, 0x17, 0x01, 0x0E, 0x13, 0x24, 0x31,
	0x00, 0x01, 0x32, 0x0E, 0x31, 0x13, 0x08, 0x32, 0xB8, 0xFF, 0xF0, 0xB4,
	0x32, 0x31, 0x13, 0x08, 0x04, 0x00, 0x3F, 0x3F, 0xCD, 0x38, 0x11, 0x33,
	0x12, 0x39, 0x12, 0x39, 0x39, 0x12, 0x39, 0x2F, 0x2F, 0x2F, 0x33, 0x2F,
	0x33, 0x2F, 0x31, 0x30, 0x13, 0x35, 0x33, 0x35, 0x34, 0x3E, 0x02, 0x33,
	0x32, 0x1E, 0x02, 0x15, 0x23, 0x34, 0x2E, 0x02, 0x23, 0x22, 0x06, 0x1D,
	0x01, 0x33, 0x15, 0x23, 0x15, 0x1E, 0x01, 0x17, 0x16, 0x32, 0x37, 0x3E,
	0x01, 0x35, 0x33, 0x14, 0x06, 0x07, 0x06, 0x07, 0x06, 0x26, 0x27, 0x26,
	0x22, 0x0F, 0x01, 0x27, 0x37, 0x36, 0x37, 0x35, 0x28, 0x51, 0x25, 0x41,
	0x56, 0x32, 0x31, 0x57, 0x41, 0x25, 0x88, 0x10, 0x1C, 0x25, 0x15, 0x2B,
	0x3B, 0xC0, 0xC0, 0x1E, 0x3C, 0x19, 0x0E, 0x2B, 0x10, 0x06, 0x09, 0x89,
	0x1D, 0x1A, 0x2B, 0x40, 0x2A, 0x56, 0x22, 0x0E, 0x2A, 0x10, 0x31, 0x60,
	0x31, 0x07, 0x09, 0x01, 0x32, 0x89, 0x54, 0x31, 0x58, 0x40, 0x26, 0x26,
	0x40, 0x58, 0x31, 0x15, 0x26, 0x1B, 0x10, 0x3B, 0x2B, 0x54, 0x89, 0x76,
	0x04, 0x1B, 0x17, 0x0F, 0x0F, 0x07, 0x12, 0x0B, 0x27, 0x43, 0x1A, 0x2D,
	0x09, 0x05, 0x19, 0x22, 0x0E, 0x0E, 0x33, 0x61, 0x32, 0x07, 0x06, 0x9F,
	0x00, 0x02, 0x00, 0x30, 0xFF, 0xEF, 0x02, 0x95, 0x02, 0x54, 0x00, 0x13,
	0x00, 0x37, 0x00, 0x1F, 0xB0, 0x09, 0x1C, 0x4B, 0x76, 0x2A, 0xA8, 0x25,
	0x19, 0x2E, 0xB1, 0x40, 0x09, 0x20, 0x13, 0x1B, 0x1C, 0x12, 0x25, 0x24,
	0x12, 0x32, 0x00, 0x2F, 0x3F, 0x33, 0x3F, 0x33, 0x3F, 0x31, 0x30, 0x01,
	0x34, 0x2E, 0x02, 0x23, 0x22, 0x0E, 0x02, 0x15, 0x14, 0x1E, 0x02, 0x33,
	0x32, 0x3E, 0x02, 0x37, 0x1E, 0x01, 0x15, 0x14, 0x06, 0x07, 0x17, 0x07,
	0x27, 0x0E, 0x01, 0x23, 0x22, 0x26, 0x27, 0x07, 0x27, 0x37, 0x2E, 0x01,
	0x35, 0x34, 0x36, 0x37, 0x27, 0x37, 0x17, 0x3E, 0x01, 0x33, 0x32, 0x16,
	0x17, 0x37, 0x17, 0x02, 0x0D, 0x1A, 0x2E, 0x3E, 0x24, 0x23, 0x3E, 0x2E,
	0x1B, 0x1B, 0x2E, 0x3E, 0x23, 0x24, 0x3E, 0x2E, 0x1A, 0x59, 0x17, 0x18,
	0x18, 0x17, 0x1E, 0x60, 0x1E, 0x23, 0x53, 0x2D, 0x2E, 0x52, 0x24, 0x1E,
	0x60, 0x1E, 0x17, 0x18, 0x18, 0x17, 0x1E, 0x60, 0x1E, 0x24, 0x52, 0x2E,
	0x2D, 0x53, 0x23, 0x1E, 0x60, 0x01, 0x22, 0x23, 0x3E, 0x2E, 0x1B, 0x1B,
	0x2E, 0x3E, 0x23, 0x23, 0x3F, 0x2E, 0x1B, 0x1B, 0x2E, 0x3F, 0xC6, 0x24,
	0x52, 0x2D, 0x2D, 0x54, 0x23, 0x1E, 0x60, 0x1E, 0x17, 0x18, 0x18, 0x17,
	0x1E, 0x60, 0x1E, 0x23, 0x54, 0x2D, 0x2D, 0x52, 0x24, 0x1E, 0x60, 0x1E,
	0x17, 0x18, 0x18, 0x17, 0x1E, 0x60, 0x00, 0x00, 0x00, 0x01, 0x00, 0x0F,
	0x00, 0x00, 0x02, 0x7B, 0x02, 0xEE, 0x00, 0x17, 0x00, 0x3B, 0xB0, 0x09,
	0x1C, 0x4B, 0x76, 0x2A, 0xA8, 0x25, 0x19, 0x2E, 0xB1, 0x40, 0x17, 0x0F,
	0x16, 0x13, 0x02, 0x03, 0x03, 0x00, 0x09, 0x0F, 0x0B, 0x12, 0x12, 0x06,
	0x07, 0x07, 0x00, 0x09, 0x00, 0x12, 0x0D, 0x01, 0x09, 0x01, 0x00, 0x3F,
	0x3F, 0x3F, 0x11, 0x12, 0x39, 0x2F, 0xCD, 0x32, 0x2F, 0xCD, 0x32, 0x11,
	0x12, 0x39, 0x2F, 0xCD, 0x33, 0x32, 0x2F, 0x31, 0x30, 0x33, 0x11, 0x23,
	0x35, 0x33, 0x27, 0x23, 0x35, 0x33, 0x27, 0x33, 0x17, 0x33, 0x37, 0x33,
	0x07, 0x33, 0x15, 0x23, 0x07, 0x33, 0x15, 0x23, 0x11, 0xFE, 0xB3, 0xA3,
	0x20, 0x83, 0x53, 0x8F, 0xA3, 0x92, 0x02, 0x93, 0xA2, 0x8B, 0x4F, 0x83,
	0x1F, 0xA2, 0xB3, 0x01, 0x2A, 0x55, 0x33, 0x55, 0xE7, 0xF4, 0xF4, 0xE7,
	0x55, 0x33, 0x55, 0xFE, 0xD6, 0x00, 0x00, 0x00, 0x00, 0x02, 0x00, 0x3C,
	0xFF, 0xCE, 0x00, 0xA2, 0x02, 0x77, 0x00, 0x03, 0x00, 0x07, 0x00, 0x1F,
	0xB0, 0x09, 0x1C, 0x4B, 0x76, 0x2A, 0xA8, 0x25, 0x19, 0x2E, 0xB1, 0xB7,
	0x05, 0x00, 0x00, 0x05, 0x04, 0x01, 0x01, 0x04, 0x00, 0x2F, 0xC5, 0x11,
	0x12, 0x39, 0x39, 0x2F, 0x2F, 0x31, 0x30, 0x13, 0x11, 0x33, 0x11, 0x03,
	0x11, 0x33, 0x11, 0x3C, 0x66, 0x66, 0x66, 0x01, 0x55, 0x01, 0x22, 0xFE,
	0xDE, 0xFE, 0x79, 0x01, 0x21, 0xFE, 0xDF, 0x00, 0x00, 0x02, 0x00, 0x32,
	0xFF, 0x44, 0x02, 0x0E, 0x02, 0xFF, 0x00, 0x3D, 0x00, 0x4D, 0x00, 0x42,
	0xB0, 0x09, 0x1C, 0x4B, 0x76, 0x2A, 0xA8, 0x25, 0x19, 0x2E, 0xB1, 0x40,
	0x1A, 0x1C, 0x18, 0x22, 0x43, 0x38, 0x3B, 0x1C, 0x18, 0x22, 0x43, 0x13,
	0x49, 0x38, 0x3B, 0x03, 0x32, 0x2A, 0x49, 0x03, 0x03, 0x13, 0x32, 0x13,
	0x1B, 0x32, 0x04, 0x00, 0x3F, 0x3F, 0x11, 0x12, 0x39, 0x2F, 0xCD, 0x39,
	0x11, 0x12, 0x39, 0x39, 0x11, 0x12, 0x39, 0x39, 0x39, 0x39, 0x2F, 0x2F,
	0x2F, 0x2F, 0x2F, 0x2F, 0x31, 0x30, 0x13, 0x14, 0x16, 0x33, 0x32, 0x1E,
	0x02, 0x15, 0x14, 0x06, 0x07, 0x1E, 0x01, 0x15, 0x14, 0x0E, 0x02, 0x23,
	0x22, 0x2E, 0x02, 0x35, 0x33, 0x1E, 0x01, 0x33, 0x32, 0x36, 0x35, 0x34,
	0x26, 0x23, 0x22, 0x2E, 0x02, 0x35, 0x34, 0x36, 0x37, 0x2E, 0x01, 0x35,
	0x34, 0x3E, 0x02, 0x33, 0x32, 0x1E, 0x02, 0x15, 0x23, 0x2E, 0x01, 0x23,
	0x22, 0x06, 0x11, 0x14, 0x1E, 0x02, 0x33, 0x32, 0x36, 0x35, 0x34, 0x26,
	0x23, 0x22, 0x0E, 0x02, 0xC3, 0x36, 0x26, 0x31, 0x58, 0x40, 0x26, 0x2B,
	0x1F, 0x1F, 0x2B, 0x26, 0x40, 0x58, 0x31, 0x32, 0x53, 0x3E, 0x22, 0x89,
	0x02, 0x33, 0x27, 0x28, 0x36, 0x36, 0x28, 0x31, 0x56, 0x41, 0x25, 0x2B,
	0x1F, 0x1F, 0x2B, 0x25, 0x41, 0x56, 0x31, 0x30, 0x54, 0x3F, 0x24, 0x89,
	0x02, 0x34, 0x28, 0x26, 0x36, 0x0E, 0x19, 0x22, 0x13, 0x28, 0x36, 0x36,
	0x28, 0x13, 0x22, 0x19, 0x0E, 0x02, 0x33, 0x1D, 0x28, 0x1F, 0x36, 0x4B,
	0x2C, 0x2B, 0x49, 0x1B, 0x1B, 0x46, 0x2A, 0x2A, 0x48, 0x34, 0x1E, 0x1F,
	0x36, 0x4A, 0x2B, 0x1D, 0x23, 0x27, 0x1C, 0x1D, 0x27, 0x1E, 0x36, 0x4B,
	0x2E, 0x2A, 0x4A, 0x1B, 0x1B, 0x46, 0x29, 0x2A, 0x48, 0x34, 0x1E, 0x1F,
	0x36, 0x4A, 0x2B, 0x1E, 0x23, 0x27, 0xFE, 0xD3, 0x10, 0x1C, 0x15, 0x0C,
	0x2D, 0x20, 0x20, 0x2D, 0x0C, 0x15, 0x1C, 0x00, 0x00, 0x02, 0x00, 0x0F,
	0x02, 0x99, 0x01, 0x3B, 0x02, 0xFF, 0x00, 0x0B, 0x00, 0x17, 0x00, 0x19,
	0xB0, 0x09, 0x1C, 0x4B, 0x76, 0x2A, 0xA8, 0x25, 0x19, 0x2E, 0xB1, 0xB5,
	0x0F, 0x15, 0x04, 0x03, 0x09, 0x04, 0x00, 0x3F, 0xCD, 0x3F, 0xCD, 0x31,
	0x30, 0x13, 0x14, 0x06, 0x23, 0x22, 0x26, 0x35, 0x34, 0x36, 0x33, 0x32,
	0x16, 0x17, 0x14, 0x06, 0x23, 0x22, 0x26, 0x35, 0x34, 0x36, 0x33, 0x32,
	0x16, 0x75, 0x1E, 0x14, 0x16, 0x1E, 0x1E, 0x16, 0x14, 0x1E, 0xC6, 0x1D,
	0x16, 0x15, 0x1E, 0x1E, 0x15, 0x16, 0x1D, 0x02, 0xCC, 0x15, 0x1E, 0x1E,
	0x15, 0x15, 0x1E, 0x1E, 0x15, 0x15, 0x1E, 0x1E, 0x15, 0x15, 0x1E, 0x1E,
	0x00, 0x03, 0x00, 0x28, 0xFF, 0xEF, 0x02, 0x8D, 0x02, 0x54, 0x00, 0x21,
	0x00, 0x35, 0x00, 0x49, 0x00, 0x37, 0xB0, 0x09, 0x1C, 0x4B, 0x76, 0x2A,
	0xA8, 0x25, 0x19, 0x2E, 0xB1, 0x40, 0x14, 0x09, 0x08, 0x08, 0x0C, 0x05,
	0x05, 0x31, 0x45, 0x19, 0x1A, 0x1A, 0x1D, 0x16, 0x16, 0x45, 0x31, 0x3B,
	0x13, 0x27, 0x45, 0x00, 0x2F, 0xCD, 0x3F, 0xCD, 0x11, 0x39, 0x2F, 0xCD,
	0x32, 0x2F, 0x33, 0x11, 0x12, 0x39, 0x2F, 0xCD, 0x33, 0x2F, 0x33, 0x31,
	0x30, 0x13, 0x14, 0x1E, 0x02, 0x33, 0x32, 0x36, 0x37, 0x17, 0x0E, 0x01,
	0x23, 0x22, 0x2E, 0x02, 0x35, 0x34, 0x3E, 0x02, 0x33, 0x32, 0x16, 0x17,
	0x07, 0x2E, 0x01, 0x23, 0x22, 0x0E, 0x02, 0x05, 0x34, 0x2E, 0x02, 0x23,
	0x22, 0x0E, 0x02, 0x15, 0x14, 0x1E, 0x02, 0x33, 0x32, 0x3E, 0x02, 0x37,
	0x14, 0x0E, 0x02, 0x23, 0x22, 0x2E, 0x02, 0x35, 0x34, 0x3E, 0x02, 0x33,
	0x32, 0x1E, 0x02, 0xD7, 0x15, 0x23, 0x30, 0x1B, 0x1B, 0x31, 0x11, 0x35,
	0x1C, 0x4B, 0x2B, 0x2A, 0x4B, 0x38, 0x20, 0x20, 0x38, 0x4B, 0x2A, 0x2B,
	0x4B, 0x1C, 0x35, 0x11, 0x31, 0x1B, 0x1B, 0x30, 0x23, 0x15, 0x01, 0x92,
	0x2A, 0x4A, 0x62, 0x39, 0x38, 0x62, 0x4A, 0x2A, 0x2A, 0x4A, 0x62, 0x38,
	0x39, 0x62, 0x4A, 0x2A, 0x24, 0x30, 0x53, 0x70, 0x40, 0x3F, 0x70, 0x53,
	0x30, 0x30, 0x53, 0x70, 0x3F, 0x40, 0x70, 0x53, 0x30, 0x01, 0x22, 0x1B,
	0x30, 0x23, 0x15, 0x14, 0x12, 0x35, 0x1C, 0x20, 0x20, 0x38, 0x4B, 0x2B,
	0x2A, 0x4B, 0x38, 0x20, 0x20, 0x1C, 0x35, 0x12, 0x15, 0x15, 0x23, 0x30,
	0x1B, 0x38, 0x62, 0x4A, 0x2A, 0x2A, 0x4A, 0x62, 0x38, 0x38, 0x63, 0x49,
	0x2B, 0x2B, 0x49, 0x63, 0x38, 0x40, 0x70, 0x53, 0x30, 0x30, 0x53, 0x70,
	0x40, 0x3F, 0x70, 0x53, 0x30, 0x30, 0x53, 0x70, 0x00, 0x02, 0x00, 0x28,
	0x01, 0xCC, 0x01, 0x61, 0x02, 0xFF, 0x00, 0x0F, 0x00, 0x26, 0x00, 0x24,
	0xB0, 0x09, 0x1C, 0x4B, 0x76, 0x2A, 0xA8, 0x25, 0x19, 0x2E, 0xB1, 0x40,
	0x0B, 0x11, 0x14, 0x0D, 0x21, 0x26, 0x26, 0x03, 0x1E, 0x04, 0x23, 0x01,
	0x00, 0x3F, 0x3F, 0xCD, 0x32, 0x2F, 0x33, 0x2F, 0xCD, 0x33, 0x31, 0x30,
	0x01, 0x34, 0x26, 0x23, 0x22, 0x0E, 0x02, 0x15, 0x14, 0x1E, 0x02, 0x33,
	0x32, 0x36, 0x15, 0x23, 0x0E, 0x01, 0x23, 0x22, 0x2E, 0x02, 0x35, 0x34,
	0x3E, 0x02, 0x33, 0x32, 0x16, 0x17, 0x33, 0x35, 0x33, 0x11, 0x23, 0x01,
	0x1B, 0x31, 0x24, 0x12, 0x1F, 0x17, 0x0D, 0x0D, 0x17, 0x1F, 0x12, 0x24,
	0x31, 0x01, 0x0F, 0x2F, 0x23, 0x1E, 0x35, 0x27, 0x17, 0x17, 0x27, 0x35,
	0x1E, 0x23, 0x2F, 0x0F, 0x01, 0x46, 0x46, 0x02, 0x66, 0x23, 0x32, 0x0E,
	0x17, 0x1F, 0x11, 0x12, 0x1F, 0x17, 0x0E, 0x33, 0x44, 0x14, 0x1F, 0x17,
	0x2A, 0x38, 0x21, 0x21, 0x38, 0x29, 0x17, 0x1F, 0x14, 0x2A, 0xFE, 0xDF,
	0x00, 0x02, 0x00, 0x28, 0x00, 0x4D, 0x01, 0xD3, 0x01, 0xF6, 0x00, 0x06,
	0x00, 0x0D, 0x00, 0x25, 0xB0, 0x09, 0x1C, 0x4B, 0x76, 0x2A, 0xA8, 0x25,
	0x19, 0x2E, 0xB1, 0x40, 0x0D, 0x01, 0x08, 0x06, 0x0D, 0x04, 0x0B, 0x06,
	0x0C, 0x00, 0x05, 0x07, 0x00, 0x0C, 0x00, 0x2F, 0xC5, 0x32, 0x33, 0x11,
	0x12, 0x17, 0x39, 0x31, 0x30, 0x13, 0x15, 0x07, 0x15, 0x17, 0x15, 0x27,
	0x25, 0x15, 0x07, 0x15, 0x17, 0x15, 0x27, 0xFD, 0x4B, 0x4B, 0xD5, 0x01,
	0xAB, 0x4B, 0x4B, 0xD5, 0x01, 0xF6, 0x90, 0x42, 0x04, 0x43, 0x90, 0xD5,
	0xD4, 0x90, 0x42, 0x04, 0x43, 0x90, 0xD5, 0x00, 0x00, 0x01, 0x00, 0x3C,
	0x00, 0xAB, 0x01, 0x80, 0x01, 0x54, 0x00, 0x05, 0x00, 0x13, 0xB0, 0x09,
	0x1C, 0x4B, 0x76, 0x2A, 0xA8, 0x25, 0x19, 0x2E, 0xB1, 0xB1, 0x02, 0x03,
	0x00, 0x2F, 0xCD, 0x31, 0x30, 0x25, 0x35, 0x23, 0x35, 0x21, 0x15, 0x01,
	0x1A, 0xDE, 0x01, 0x44, 0xAB, 0x43, 0x66, 0xA9, 0x00, 0x01, 0x00, 0x46,
	0x00, 0xEE, 0x01, 0x8B, 0x01, 0x54, 0x00, 0x03, 0x00, 0x13, 0xB0, 0x09,
	0x1C, 0x4B, 0x76, 0x2A, 0xA8, 0x25, 0x19, 0x2E, 0xB1, 0xB1, 0x02, 0x03,
	0x00, 0x2F, 0xCD, 0x31, 0x30, 0x01, 0x15, 0x21, 0x35, 0x01, 0x8B, 0xFE,
	0xBB, 0x01, 0x54, 0x66, 0x66, 0x00, 0x00, 0x00, 0x00, 0x04, 0x00, 0x28,
	0x02, 0x10, 0x01, 0x17, 0x02, 0xFF, 0x00, 0x13, 0x00, 0x25, 0x00, 0x33,
	0x00, 0x3C, 0x00, 0x39, 0xB0, 0x09, 0x1C, 0x4B, 0x76, 0x2A, 0xA8, 0x25,
	0x19, 0x2E, 0xB1, 0x40, 0x15, 0x26, 0x2A, 0x2A, 0x21, 0x28, 0x32, 0x28,
	0x3C, 0x3C, 0x21, 0x0F, 0x3B, 0x2B, 0x2B, 0x21, 0x0F, 0x05, 0x21, 0x19,
	0x0F, 0x04, 0x00, 0x3F, 0xCD, 0x2F, 0xCD, 0x11, 0x12, 0x39, 0x2F, 0xCD,
	0x11, 0x12, 0x39, 0x2F, 0xCD, 0x39, 0x11, 0x12, 0x39, 0x2F, 0x33, 0x31,
	0x30, 0x01, 0x14, 0x0E, 0x02, 0x23, 0x22, 0x2E, 0x02, 0x35, 0x34, 0x3E,
	0x02, 0x33, 0x32, 0x1E, 0x02, 0x07, 0x34, 0x2E, 0x02, 0x23, 0x22, 0x0E,
	0x02, 0x15, 0x14, 0x16, 0x33, 0x32, 0x3E, 0x02, 0x07, 0x27, 0x23, 0x15,
	0x23, 0x35, 0x33, 0x32, 0x16, 0x15, 0x14, 0x06, 0x07, 0x17, 0x27, 0x32,
	0x36, 0x35, 0x34, 0x26, 0x2B, 0x01, 0x15, 0x01, 0x17, 0x13, 0x20, 0x2C,
	0x18, 0x19, 0x2B, 0x21, 0x13, 0x13, 0x21, 0x2B, 0x19, 0x18, 0x2C, 0x20,
	0x13, 0x0E, 0x11, 0x1C, 0x26, 0x16, 0x16, 0x27, 0x1C, 0x11, 0x3D, 0x2D,
	0x16, 0x26, 0x1C, 0x11, 0x48, 0x1C, 0x21, 0x1B, 0x45, 0x15, 0x1D, 0x10,
	0x0E, 0x1E, 0x32, 0x0A, 0x0C, 0x0C, 0x0A, 0x2A, 0x02, 0x88, 0x19, 0x2B,
	0x21, 0x13, 0x13, 0x21, 0x2B, 0x19, 0x18, 0x2C, 0x20, 0x13, 0x13, 0x20,
	0x2C, 0x18, 0x16, 0x26, 0x1C, 0x10, 0x10, 0x1C, 0x26, 0x16, 0x2D, 0x3D,
	0x11, 0x1C, 0x27, 0x35, 0x38, 0x38, 0x99, 0x1C, 0x14, 0x10, 0x17, 0x07,
	0x3B, 0x53, 0x0D, 0x09, 0x08, 0x0C, 0x2A, 0x00, 0x00, 0x01, 0x00, 0x3C,
	0x02, 0xA0, 0x00, 0xF7, 0x02, 0xEE, 0x00, 0x03, 0x00, 0x14, 0xB0, 0x09,
	0x1C, 0x4B, 0x76, 0x2A, 0xA8, 0x25, 0x19, 0x2E, 0xB1, 0xB2, 0x01, 0x02,
	0x01, 0x00, 0x3F, 0xCD, 0x31, 0x30, 0x13, 0x23, 0x35, 0x33, 0xF7, 0xBB,
	0xBB, 0x02, 0xA0, 0x4E, 0x00, 0x02, 0x00, 0x32, 0x02, 0x33, 0x00, 0xFE,
	0x02, 0xFF, 0x00, 0x0B, 0x00, 0x1D, 0x00, 0x18, 0xB0, 0x09, 0x1C, 0x4B,
	0x76, 0x2A, 0xA8, 0x25, 0x19, 0x2E, 0xB1, 0xB4, 0x11, 0x09, 0x03, 0x1B,
	0x04, 0x00, 0x3F, 0xCD, 0x2F, 0xCD, 0x31, 0x30, 0x13, 0x34, 0x26, 0x23,
	0x22, 0x06, 0x15, 0x14, 0x16, 0x33, 0x32, 0x36, 0x37, 0x14, 0x0E, 0x02,
	0x23, 0x22, 0x2E, 0x02, 0x35, 0x34, 0x3E, 0x02, 0x33, 0x32, 0x16, 0xC3,
	0x19, 0x12, 0x11, 0x19, 0x19, 0x11, 0x12, 0x19, 0x3B, 0x10, 0x1B, 0x26,
	0x15, 0x15, 0x25, 0x1C, 0x10, 0x10, 0x1C, 0x25, 0x15, 0x2B, 0x3B, 0x02,
	0x99, 0x11, 0x19, 0x19, 0x11, 0x12, 0x19, 0x19, 0x12, 0x15, 0x25, 0x1C,
	0x10, 0x10, 0x1C, 0x25, 0x15, 0x15, 0x26, 0x1B, 0x10, 0x3B, 0x00, 0x00,
	0x00, 0x02, 0x00, 0x32, 0x00, 0x00, 0x02, 0x76, 0x02, 0x43, 0x00, 0x0B,
	0x00, 0x0F, 0x00, 0x27, 0xB0, 0x09, 0x1C, 0x4B, 0x76, 0x2A, 0xA8, 0x25,
	0x19, 0x2E, 0xB1, 0x40, 0x0C, 0x0A, 0x0A, 0x00, 0x0F, 0x0E, 0x12, 0x03,
	0x03, 0x08, 0x05, 0x00, 0x01, 0x00, 0x2F, 0xCD, 0x33, 0x32, 0x33, 0x2F,
	0x3F, 0xCD, 0x11, 0x39, 0x2F, 0x31, 0x30, 0x13, 0x35, 0x33, 0x35, 0x33,
	0x15, 0x33, 0x15, 0x23, 0x15, 0x23, 0x35, 0x05, 0x15, 0x21, 0x35, 0x32,
	0xF0, 0x66, 0xEE, 0xEE, 0x66, 0x01, 0x54, 0xFD, 0xBC, 0x01, 0x43, 0x67,
	0x99, 0x99, 0x67, 0x98, 0x98, 0xDD, 0x66, 0x66, 0x00, 0x01, 0x00, 0x28,
	0x01, 0x77, 0x01, 0x31, 0x02, 0xF6, 0x00, 0x1E, 0x00, 0x2D, 0xB0, 0x09,
	0x1C, 0x4B, 0x76, 0x2A, 0xA8, 0x25, 0x19, 0x2E, 0xB1, 0x40, 0x0F, 0x10,
	0x10, 0x05, 0x0B, 0x1E, 0x05, 0x05, 0x00, 0x0B, 0x04, 0x03, 0x00, 0x0B,
	0x16, 0x01, 0x00, 0x3F, 0xCD, 0x2F, 0xCD, 0x33, 0x11, 0x12, 0x39, 0x11,
	0x33, 0x11, 0x12, 0x39, 0x2F, 0x31, 0x30, 0x13, 0x33, 0x15, 0x23, 0x35,
	0x37, 0x3E, 0x01, 0x35, 0x34, 0x26, 0x23, 0x22, 0x06, 0x1D, 0x01, 0x23,
	0x35, 0x34, 0x3E, 0x02, 0x33, 0x32, 0x1E, 0x02, 0x15, 0x14, 0x06, 0x07,
	0x9B, 0x8A, 0xF2, 0xA0, 0x0A, 0x0B, 0x23, 0x19, 0x19, 0x22, 0x49, 0x14,
	0x24, 0x30, 0x1C, 0x1C, 0x30, 0x24, 0x15, 0x1D, 0x15, 0x01, 0xBB, 0x44,
	0x44, 0x8E, 0x0A, 0x15, 0x0E, 0x1A, 0x23, 0x23, 0x1A, 0x10, 0x10, 0x1C,
	0x2F, 0x22, 0x13, 0x13, 0x22, 0x2F, 0x1C, 0x1D, 0x32, 0x11, 0x00, 0x00,
	0x00, 0x01, 0x00, 0x28, 0x01, 0x6F, 0x01, 0x2D, 0x02, 0xEE, 0x00, 0x1F,
	0x00, 0x37, 0xB0, 0x09, 0x1C, 0x4B, 0x76, 0x2A, 0xA8, 0x25, 0x19, 0x2E,
	0xB1, 0x40, 0x14, 0x12, 0x12, 0x16, 0x1E, 0x1C, 0x1C, 0x1E, 0x05, 0x1F,
	0x1F, 0x1E, 0x1E, 0x16, 0x01, 0x0D, 0x16, 0x04, 0x01, 0x02, 0x01, 0x00,
	0x3F, 0xCD, 0x32, 0x2F, 0xCD, 0x11, 0x12, 0x39, 0x2F, 0x33, 0x11, 0x33,
	0x12, 0x39, 0x2F, 0x11, 0x12, 0x39, 0x2F, 0x31, 0x30, 0x13, 0x23, 0x35,
	0x33, 0x15, 0x07, 0x1E, 0x01, 0x15, 0x14, 0x0E, 0x02, 0x23, 0x22, 0x2E,
	0x02, 0x35, 0x33, 0x14, 0x16, 0x33, 0x32, 0x36, 0x35, 0x34, 0x26, 0x23,
	0x22, 0x07, 0x27, 0xAF, 0x6D, 0xCD, 0x44, 0x28, 0x3A, 0x15, 0x24, 0x30,
	0x1C, 0x1B, 0x2E, 0x23, 0x14, 0x44, 0x23, 0x19, 0x19, 0x23, 0x23, 0x19,
	0x19, 0x11, 0x30, 0x02, 0xAB, 0x43, 0x43, 0x43, 0x09, 0x43, 0x2E, 0x1B,
	0x2F, 0x22, 0x13, 0x14, 0x22, 0x2F, 0x1A, 0x19, 0x23, 0x23, 0x19, 0x19,
	0x23, 0x11, 0x30, 0x00, 0x00, 0x01, 0x00, 0x5A, 0x02, 0x82, 0x01, 0x05,
	0x02, 0xFF, 0x00, 0x03, 0x00, 0x23, 0xB0, 0x09, 0x1C, 0x4B, 0x76, 0x2A,
	0xA8, 0x25, 0x19, 0x2E, 0xB1, 0xB1, 0x02, 0x01, 0xB8, 0xFF, 0xF0, 0xB6,
	0x01, 0x01, 0x00, 0x03, 0x10, 0x03, 0x04, 0x00, 0x3F, 0x38, 0xCD, 0x32,
	0x2F, 0x38, 0xCD, 0x31, 0x30, 0x01, 0x07, 0x35, 0x37, 0x01, 0x05, 0xAB,
	0xAB, 0x02, 0xAC, 0x2A, 0x42, 0x3B, 0x00, 0x00, 0x00, 0x01, 0x00, 0x3C,
	0xFF, 0x55, 0x02, 0x53, 0x02, 0x43, 0x00, 0x1B, 0x00, 0x29, 0xB0, 0x09,
	0x1C, 0x4B, 0x76, 0x2A, 0xA8, 0x25, 0x19, 0x2E, 0xB1, 0x40, 0x0E, 0x0D,
	0x1C, 0x15, 0x15, 0x0B, 0x04, 0x02, 0x0E, 0x0E, 0x02, 0x09, 0x13, 0x02,
	0x12, 0x00, 0x3F, 0x3F, 0x10, 0xC5, 0x11, 0x12, 0x39, 0x39, 0x39, 0x2F,
	0x3F, 0x31, 0x30, 0x01, 0x11, 0x23, 0x35, 0x23, 0x0E, 0x03, 0x23, 0x22,
	0x27, 0x15, 0x23, 0x11, 0x33, 0x11, 0x14, 0x1E, 0x02, 0x33, 0x32, 0x3E,
	0x02, 0x35, 0x11, 0x02, 0x53, 0x81, 0x02, 0x0B, 0x1E, 0x25, 0x2F, 0x1D,
	0x3D, 0x31, 0x8C, 0x8C, 0x14, 0x22, 0x2E, 0x1B, 0x1B, 0x2E, 0x23, 0x14,
	0x02, 0x43, 0xFD, 0xBD, 0x4F, 0x13, 0x22, 0x1B, 0x10, 0x25, 0xBF, 0x02,
	0xEE, 0xFE, 0xB5, 0x1B, 0x2F, 0x23, 0x14, 0x14, 0x23, 0x2F, 0x1B, 0x01,
	0x4B, 0x00, 0x00, 0x00, 0x00, 0x02, 0x00, 0x19, 0x00, 0x00, 0x02, 0x22,
	0x02, 0xEE, 0x00, 0x12, 0x00, 0x1B, 0x00, 0x29, 0xB0, 0x09, 0x1C, 0x4B,
	0x76, 0x2A, 0xA8, 0x25, 0x19, 0x2E, 0xB1, 0x40, 0x0F, 0x0E, 0x16, 0x19,
	0x19, 0x0A, 0x16, 0x0E, 0x04, 0x0C, 0x05, 0x08, 0x0C, 0x12, 0x05, 0x01,
	0x00, 0x3F, 0x3F, 0x33, 0x11, 0x12, 0x17, 0x39, 0x2F, 0x2F, 0x2F, 0x31,
	0x30, 0x13, 0x34, 0x3E, 0x02, 0x33, 0x21, 0x11, 0x23, 0x11, 0x23, 0x11,
	0x23, 0x11, 0x23, 0x22, 0x2E, 0x02, 0x37, 0x14, 0x16, 0x3B, 0x01, 0x35,
	0x23, 0x22, 0x06, 0x19, 0x22, 0x3A, 0x4E, 0x2D, 0x01, 0x32, 0x66, 0x43,
	0x66, 0x23, 0x2D, 0x4E, 0x3A, 0x22, 0x93, 0x28, 0x1C, 0x23, 0x23, 0x1C,
	0x28, 0x02, 0x22, 0x2D, 0x4B, 0x36, 0x1E, 0xFD, 0x12, 0x02, 0x65, 0xFD,
	0x9B, 0x01, 0x54, 0x1F, 0x37, 0x4B, 0x2D, 0x1D, 0x28, 0x88, 0x27, 0x00,
	0x00, 0x01, 0x00, 0x23, 0x00, 0xD5, 0x00, 0xBD, 0x01, 0x6F, 0x00, 0x0B,
	0x00, 0x13, 0xB0, 0x09, 0x1C, 0x4B, 0x76, 0x2A, 0xA8, 0x25, 0x19, 0x2E,
	0xB1, 0xB1, 0x06, 0x00, 0x00, 0x2F, 0xC5, 0x31, 0x30, 0x37, 0x22, 0x26,
	0x35, 0x34, 0x36, 0x33, 0x32, 0x16, 0x15, 0x14, 0x06, 0x70, 0x20, 0x2D,
	0x2D, 0x20, 0x20, 0x2D, 0x2D, 0xD5, 0x2D, 0x20, 0x20, 0x2D, 0x2D, 0x20,
	0x20, 0x2D, 0x00, 0x00, 0x00, 0x01, 0x00, 0x64, 0xFF, 0x40, 0x00, 0xE6,
	0x00, 0x17, 0x00, 0x16, 0x00, 0x2A, 0xB0, 0x09, 0x1C, 0x4B, 0x76, 0x2A,
	0xA8, 0x25, 0x19, 0x2E, 0xB1, 0x40, 0x09, 0x16, 0x00, 0x00, 0x09, 0x0D,
	0x0C, 0x0B, 0x0B, 0x0A, 0xB8, 0xFF, 0xF0, 0xB1, 0x0A, 0x09, 0x00, 0x2F,
	0xCD, 0x38, 0x32, 0x2F, 0x33, 0x32, 0x11, 0x33, 0x2F, 0x33, 0x31, 0x30,
	0x17, 0x1E, 0x01, 0x37, 0x3E, 0x01, 0x27, 0x2E, 0x01, 0x07, 0x27, 0x37,
	0x17, 0x07, 0x1E, 0x01, 0x17, 0x16, 0x06, 0x07, 0x06, 0x26, 0x27, 0x85,
	0x06, 0x18, 0x0B, 0x0B, 0x06, 0x07, 0x06, 0x17, 0x0B, 0x13, 0x17, 0x23,
	0x12, 0x10, 0x1B, 0x09, 0x0D, 0x0E, 0x18, 0x18, 0x36, 0x0E, 0x88, 0x0B,
	0x06, 0x06, 0x07, 0x17, 0x0B, 0x0B, 0x06, 0x06, 0x20, 0x56, 0x0A, 0x43,
	0x02, 0x12, 0x0E, 0x17, 0x36, 0x0D, 0x0E, 0x0E, 0x18, 0x00, 0x00, 0x00,
	0x00, 0x01, 0x00, 0x1E, 0x01, 0x77, 0x00, 0xAB, 0x02, 0xEE, 0x00, 0x07,
	0x00, 0x24, 0xB0, 0x09, 0x1C, 0x4B, 0x76, 0x2A, 0xA8, 0x25, 0x19, 0x2E,
	0xB1, 0xB8, 0x00, 0x00, 0xB0, 0x07, 0xB8, 0xFF, 0xF0, 0xB5, 0x07, 0x07,
	0x06, 0x06, 0x01, 0x01, 0x00, 0x3F, 0x33, 0x11, 0x33, 0x2F, 0x38, 0xCD,
	0x31, 0x30, 0x13, 0x37, 0x33, 0x11, 0x23, 0x11, 0x27, 0x07, 0x1E, 0x47,
	0x46, 0x46, 0x02, 0x45, 0x02, 0xC3, 0x2B, 0xFE, 0x89, 0x01, 0x2D, 0x02,
	0x27, 0x00, 0x00, 0x00, 0x00, 0x02, 0x00, 0x28, 0x01, 0xCD, 0x01, 0x65,
	0x03, 0x00, 0x00, 0x11, 0x00, 0x25, 0x00, 0x18, 0xB0, 0x09, 0x1C, 0x4B,
	0x76, 0x2A, 0xA8, 0x25, 0x19, 0x2E, 0xB1, 0xB4, 0x17, 0x0D, 0x05, 0x21,
	0x04, 0x00, 0x3F, 0xCD, 0x2F, 0xCD, 0x31, 0x30, 0x01, 0x34, 0x2E, 0x02,
	0x23, 0x22, 0x06, 0x15, 0x14, 0x1E, 0x02, 0x33, 0x32, 0x3E, 0x02, 0x37,
	0x14, 0x0E, 0x02, 0x23, 0x22, 0x2E, 0x02, 0x35, 0x34, 0x3E, 0x02, 0x33,
	0x32, 0x1E, 0x02, 0x01, 0x1C, 0x0D, 0x18, 0x1F, 0x12, 0x23, 0x31, 0x0D,
	0x17, 0x1F, 0x11, 0x12, 0x1F, 0x18, 0x0D, 0x49, 0x19, 0x2B, 0x3A, 0x21,
	0x21, 0x39, 0x2B, 0x19, 0x19, 0x2B, 0x39, 0x21, 0x21, 0x3A, 0x2B, 0x19,
	0x02, 0x67, 0x11, 0x1F, 0x17, 0x0E, 0x32, 0x23, 0x12, 0x1F, 0x17, 0x0E,
	0x0E, 0x17, 0x1F, 0x12, 0x21, 0x38, 0x2A, 0x17, 0x17, 0x2A, 0x38, 0x21,
	0x21, 0x38, 0x29, 0x17, 0x17, 0x29, 0x38, 0x00, 0x00, 0x02, 0x00, 0x28,
	0x00, 0x4D, 0x01, 0xD3, 0x01, 0xF6, 0x00, 0x06, 0x00, 0x0D, 0x00, 0x25,
	0xB0, 0x09, 0x1C, 0x4B, 0x76, 0x2A, 0xA8, 0x25, 0x19, 0x2E, 0xB1, 0x40,
	0x0D, 0x0C, 0x05, 0x07, 0x00, 0x09, 0x02, 0x06, 0x01, 0x0D, 0x08, 0x06,
	0x0D, 0x01, 0x00, 0x2F, 0xC5, 0x32, 0x33, 0x11, 0x12, 0x17, 0x39, 0x31,
	0x30, 0x01, 0x07, 0x35, 0x37, 0x35, 0x27, 0x35, 0x0F, 0x01, 0x35, 0x37,
	0x35, 0x27, 0x35, 0x01, 0xD3, 0xD5, 0x4B, 0x4B, 0x01, 0xD5, 0x4B, 0x4B,
	0x01, 0x22, 0xD5, 0x90, 0x43, 0x04, 0x42, 0x90, 0xD4, 0xD5, 0x90, 0x43,
	0x04, 0x42, 0x90, 0x00, 0x00, 0x04, 0x00, 0x1E, 0xFF, 0xF0, 0x02, 0x5E,
	0x03, 0x00, 0x00, 0x0A, 0x00, 0x0D, 0x00, 0x11, 0x00, 0x19, 0x00, 0x50,
	0xB0, 0x09, 0x1C, 0x4B, 0x76, 0x2A, 0xA8, 0x25, 0x19, 0x2E, 0xB1, 0x40,
	0x1A, 0x16, 0x16, 0x11, 0x19, 0x06, 0x00, 0x03, 0x0A, 0x0B, 0x0B, 0x0E,
	0x0D, 0x01, 0x01, 0x11, 0x0E, 0x08, 0x12, 0x11, 0x10, 0x13, 0x0F, 0x0E,
	0x04, 0x12, 0x19, 0xB8, 0xFF, 0xF0, 0xB5, 0x19, 0x19, 0x18, 0x18, 0x13,
	0x01, 0x00, 0x3F, 0x33, 0x11, 0x33, 0x2F, 0x38, 0xCD, 0x3F, 0x33, 0x3F,
	0x33, 0x3F, 0x11, 0x12, 0x39, 0x2F, 0x33, 0x11, 0x39, 0x2F, 0xCD, 0x33,
	0x33, 0x32, 0x11, 0x12, 0x39, 0x2F, 0x31, 0x30, 0x25, 0x37, 0x33, 0x15,
	0x33, 0x15, 0x23, 0x15, 0x23, 0x35, 0x23, 0x37, 0x33, 0x35, 0x03, 0x17,
	0x01, 0x27, 0x03, 0x37, 0x33, 0x11, 0x23, 0x11, 0x27, 0x07, 0x01, 0x49,
	0xA4, 0x47, 0x2A, 0x2A, 0x47, 0xA4, 0x4D, 0x57, 0x3F, 0x37, 0xFE, 0xC1,
	0x35, 0x53, 0x47, 0x46, 0x46, 0x02, 0x45, 0x88, 0xEF, 0xEF, 0x44, 0x44,
	0x44, 0x44, 0x79, 0x01, 0xFF, 0x15, 0xFD, 0x05, 0x15, 0x02, 0xBE, 0x2B,
	0xFE, 0x89, 0x01, 0x2D, 0x02, 0x27, 0x00, 0x00, 0x00, 0x03, 0x00, 0x1E,
	0xFF, 0xF0, 0x02, 0x7E, 0x03, 0x00, 0x00, 0x1E, 0x00, 0x22, 0x00, 0x2A,
	0x00, 0x56, 0xB0, 0x09, 0x1C, 0x4B, 0x76, 0x2A, 0xA8, 0x25, 0x19, 0x2E,
	0xB1, 0x40, 0x1D, 0x10, 0x27, 0x10, 0x05, 0x0B, 0x27, 0x22, 0x2A, 0x1E,
	0x05, 0x05, 0x00, 0x0B, 0x0B, 0x16, 0x16, 0x1F, 0x22, 0x21, 0x13, 0x04,
	0x00, 0x03, 0x12, 0x20, 0x1F, 0x04, 0x23, 0x2A, 0xB8, 0xFF, 0xF0, 0xB5,
	0x2A, 0x2A, 0x29, 0x29, 0x24, 0x01, 0x00, 0x3F, 0x33, 0x11, 0x33, 0x2F,
	0x38, 0xCD, 0x3F, 0x33, 0x3F, 0xCD, 0x32, 0x3F, 0x33, 0x11, 0x39, 0x2F,
	0xCD, 0x11, 0x12, 0x39, 0x11, 0x33, 0x11, 0x12, 0x39, 0x11, 0x12, 0x39,
	0x2F, 0x2F, 0x31, 0x30, 0x25, 0x33, 0x15, 0x23, 0x35, 0x37, 0x3E, 0x01,
	0x35, 0x34, 0x26, 0x23, 0x22, 0x06, 0x1D, 0x01, 0x23, 0x35, 0x34, 0x3E,
	0x02, 0x33, 0x32, 0x1E, 0x02, 0x15, 0x14, 0x06, 0x07, 0x03, 0x17, 0x01,
	0x27, 0x03, 0x37, 0x33, 0x11, 0x23, 0x11, 0x27, 0x07, 0x01, 0xE8, 0x8A,
	0xF2, 0xA0, 0x0A, 0x0B, 0x23, 0x19, 0x19, 0x22, 0x49, 0x14, 0x24, 0x30,
	0x1C, 0x1C, 0x30, 0x24, 0x15, 0x1D, 0x15, 0x9E, 0x37, 0xFE, 0xC1, 0x35,
	0x53, 0x47, 0x46, 0x46, 0x02, 0x45, 0x44, 0x44, 0x44, 0x8E, 0x0A, 0x15,
	0x0E, 0x1A, 0x23, 0x23, 0x1A, 0x10, 0x10, 0x1C, 0x2F, 0x22, 0x13, 0x13,
	0x22, 0x2F, 0x1C, 0x1D, 0x32, 0x11, 0x02, 0x61, 0x15, 0xFD, 0x05, 0x15,
	0x02, 0xBE, 0x2B, 0xFE, 0x89, 0x01, 0x2D, 0x02, 0x27, 0x00, 0x00, 0x00,
	0x00, 0x04, 0x00, 0x28, 0xFF, 0xF0, 0x02, 0xB0, 0x03, 0x00, 0x00, 0x1F,
	0x00, 0x2A, 0x00, 0x2D, 0x00, 0x31, 0x00, 0x62, 0xB0, 0x09, 0x1C, 0x4B,
	0x76, 0x2A, 0xA8, 0x25, 0x19, 0x2E, 0xB1, 0x40, 0x2B, 0x12, 0x12, 0x16,
	0x1E, 0x1C, 0x1C, 0x1E, 0x05, 0x1F, 0x1F, 0x1E, 0x1E, 0x16, 0x01, 0x26,
	0x20, 0x23, 0x2A, 0x2B, 0x2B, 0x2E, 0x2D, 0x21, 0x21, 0x31, 0x2E, 0x0D,
	0x16, 0x16, 0x31, 0x2E, 0x28, 0x12, 0x31, 0x30, 0x13, 0x2F, 0x2E, 0x04,
	0x04, 0x01, 0x02, 0x01, 0x00, 0x3F, 0xCD, 0x32, 0x3F, 0x33, 0x3F, 0x33,
	0x3F, 0x11, 0x12, 0x39, 0x2F, 0xCD, 0x11, 0x12, 0x39, 0x2F, 0x33, 0x11,
	0x39, 0x2F, 0xCD, 0x33, 0x33, 0x32, 0x11, 0x12, 0x39, 0x2F, 0x33, 0x11,
	0x33, 0x12, 0x39, 0x2F, 0x11, 0x12, 0x39, 0x2F, 0x31, 0x30, 0x13, 0x23,
	0x35, 0x33, 0x15, 0x07, 0x1E, 0x01, 0x15, 0x14, 0x0E, 0x02, 0x23, 0x22,
	0x2E, 0x02, 0x35, 0x33, 0x14, 0x16, 0x33, 0x32, 0x36, 0x35, 0x34, 0x26,
	0x23, 0x22, 0x07, 0x27, 0x01, 0x37, 0x33, 0x15, 0x33, 0x15, 0x23, 0x15,
	0x23, 0x35, 0x23, 0x37, 0x33, 0x35, 0x03, 0x17, 0x01, 0x27, 0xAF, 0x6D,
	0xCD, 0x44, 0x28, 0x3A, 0x15, 0x24, 0x30, 0x1C, 0x1B, 0x2E, 0x23, 0x14,
	0x44, 0x23, 0x19, 0x19, 0x23, 0x23, 0x19, 0x19, 0x11, 0x30, 0x01, 0x4D,
	0xA4, 0x47, 0x2A, 0x2A, 0x47, 0xA4, 0x4D, 0x57, 0x37, 0x37, 0xFE, 0xC1,
	0x35, 0x02, 0xAB, 0x43, 0x43, 0x43, 0x09, 0x43, 0x2E, 0x1B, 0x2F, 0x22,
	0x13, 0x14, 0x22, 0x2F, 0x1A, 0x19, 0x23, 0x23, 0x19, 0x19, 0x23, 0x11,
	0x30, 0xFE, 0x3F, 0xEF, 0xEF, 0x44, 0x44, 0x44, 0x44, 0x79, 0x01, 0xFF,
	0x15, 0xFD, 0x05, 0x15, 0x00, 0x02, 0x00, 0x28, 0xFF, 0xEF, 0x01, 0xDD,
	0x02, 0xF5, 0x00, 0x0B, 0x00, 0x37, 0x00, 0x33, 0xB0, 0x09, 0x1C, 0x4B,
	0x76, 0x2A, 0xA8, 0x25, 0x19, 0x2E, 0xB1, 0x40, 0x16, 0x2A, 0x2D, 0x24,
	0x11, 0x18, 0x19, 0x03, 0x03, 0x19, 0x18, 0x14, 0x11, 0x24, 0x2D, 0x2A,
	0x08, 0x33, 0x09, 0x33, 0x13, 0x09, 0x01, 0x00, 0x3F, 0x3F, 0x11, 0x12,
	0x17, 0x39, 0x2F, 0x2F, 0x2F, 0x2F, 0x2F, 0x2F, 0x2F, 0x31, 0x30, 0x01,
	0x14, 0x06, 0x23, 0x22, 0x26, 0x35, 0x34, 0x36, 0x33, 0x32, 0x16, 0x01,
	0x34, 0x3E, 0x02, 0x33, 0x32, 0x36, 0x35, 0x34, 0x26, 0x2B, 0x01, 0x35,
	0x33, 0x32, 0x1E, 0x02, 0x15, 0x14, 0x0E, 0x02, 0x23, 0x22, 0x06, 0x15,
	0x14, 0x16, 0x33, 0x32, 0x36, 0x35, 0x33, 0x14, 0x0E, 0x02, 0x23, 0x22,
	0x2E, 0x02, 0x01, 0x54, 0x2C, 0x20, 0x20, 0x2D, 0x2D, 0x20, 0x20, 0x2C,
	0xFE, 0xD4, 0x23, 0x3C, 0x52, 0x2F, 0x07, 0x0A, 0x0A, 0x07, 0x34, 0x34,
	0x22, 0x3B, 0x2C, 0x1A, 0x1A, 0x2C, 0x3B, 0x22, 0x20, 0x2D, 0x2D, 0x20,
	0x20, 0x2C, 0x89, 0x22, 0x3A, 0x4D, 0x2C, 0x2F, 0x52, 0x3C, 0x23, 0x02,
	0xA8, 0x20, 0x2B, 0x2B, 0x20, 0x21, 0x2C, 0x2C, 0xFD, 0xFB, 0x2F, 0x4E,
	0x39, 0x20, 0x09, 0x08, 0x07, 0x09, 0x88, 0x16, 0x28, 0x38, 0x22, 0x23,
	0x38, 0x29, 0x16, 0x2D, 0x20, 0x20, 0x2C, 0x2C, 0x20, 0x2C, 0x4E, 0x3A,
	0x21, 0x1F, 0x39, 0x4E, 0x00, 0x03, 0x00, 0x0F, 0x00, 0x00, 0x02, 0xB8,
	0x03, 0x8E, 0x00, 0x03, 0x00, 0x07, 0x00, 0x0F, 0x00, 0x3A, 0xB0, 0x09,
	0x1C, 0x4B, 0x76, 0x2A, 0xA8, 0x25, 0x19, 0x2E, 0xB1, 0x40, 0x0F, 0x0B,
	0x07, 0x0B, 0x07, 0x06, 0x09, 0x02, 0x09, 0x12, 0x0D, 0x12, 0x0E, 0x01,
	0x01, 0x02, 0xB8, 0xFF, 0xF0, 0xB5, 0x02, 0x02, 0x03, 0x00, 0x10, 0x00,
	0x00, 0x2F, 0x38, 0xCD, 0x32, 0x2F, 0x38, 0xCD, 0x3F, 0x3F, 0x3F, 0x11,
	0x12, 0x39, 0x39, 0x32, 0x2F, 0x2F, 0x31, 0x30, 0x01, 0x17, 0x15, 0x27,
	0x13, 0x03, 0x23, 0x03, 0x01, 0x23, 0x27, 0x21, 0x07, 0x23, 0x01, 0x33,
	0x01, 0x0F, 0xAB, 0xAB, 0xB1, 0x58, 0x08, 0x58, 0x01, 0xB0, 0x98, 0x30,
	0xFE, 0xE8, 0x2F, 0x9A, 0x01, 0x09, 0x99, 0x03, 0x8E, 0x3B, 0x42, 0x2A,
	0xFD, 0xD6, 0x01, 0x31, 0xFE, 0xCF, 0xFE, 0xEF, 0x88, 0x88, 0x02, 0xEE,
	0x00, 0x03, 0x00, 0x0F, 0x00, 0x00, 0x02, 0xB8, 0x03, 0x8E, 0x00, 0x03,
	0x00, 0x07, 0x00, 0x0F, 0x00, 0x3A, 0xB0, 0x09, 0x1C, 0x4B, 0x76, 0x2A,
	0xA8, 0x25, 0x19, 0x2E, 0xB1, 0x40, 0x0F, 0x0B, 0x07, 0x0B, 0x07, 0x06,
	0x09, 0x01, 0x09, 0x12, 0x0D, 0x12, 0x0E, 0x01, 0x02, 0x01, 0xB8, 0xFF,
	0xF0, 0xB5, 0x01, 0x01, 0x00, 0x03, 0x10, 0x03, 0x00, 0x2F, 0x38, 0xCD,
	0x32, 0x2F, 0x38, 0xCD, 0x3F, 0x3F, 0x3F, 0x11, 0x12, 0x39, 0x39, 0x32,
	0x2F, 0x2F, 0x31, 0x30, 0x01, 0x07, 0x35, 0x37, 0x13, 0x03, 0x23, 0x03,
	0x01, 0x23, 0x27, 0x21, 0x07, 0x23, 0x01, 0x33, 0x01, 0xBA, 0xAB, 0xAB,
	0x06, 0x58, 0x08, 0x58, 0x01, 0xB0, 0x98, 0x30, 0xFE, 0xE8, 0x2F, 0x9A,
	0x01, 0x09, 0x99, 0x03, 0x3B, 0x2A, 0x42, 0x3B, 0xFD, 0x83, 0x01, 0x31,
	0xFE, 0xCF, 0xFE, 0xEF, 0x88, 0x88, 0x02, 0xEE, 0x00, 0x03, 0x00, 0x0F,
	0x00, 0x00, 0x02, 0xB8, 0x03, 0x7A, 0x00, 0x07, 0x00, 0x0B, 0x00, 0x13,
	0x00, 0x31, 0xB0, 0x09, 0x1C, 0x4B, 0x76, 0x2A, 0xA8, 0x25, 0x19, 0x2E,
	0xB1, 0x40, 0x12, 0x0F, 0x0B, 0x0F, 0x0B, 0x0A, 0x0D, 0x04, 0x0D, 0x12,
	0x11, 0x12, 0x12, 0x01, 0x02, 0x06, 0x06, 0x04, 0x07, 0x00, 0x2F, 0xCD,
	0x32, 0x2F, 0x33, 0x3F, 0x3F, 0x3F, 0x11, 0x12, 0x39, 0x39, 0x32, 0x2F,
	0x2F, 0x31, 0x30, 0x01, 0x17, 0x23, 0x27, 0x23, 0x07, 0x23, 0x37, 0x13,
	0x03, 0x23, 0x03, 0x01, 0x23, 0x27, 0x21, 0x07, 0x23, 0x01, 0x33, 0x01,
	0x7F, 0x50, 0x4D, 0x1D, 0x03, 0x1E, 0x4D, 0x50, 0x79, 0x58, 0x08, 0x58,
	0x01, 0xB0, 0x98, 0x30, 0xFE, 0xE8, 0x2F, 0x9A, 0x01, 0x09, 0x99, 0x03,
	0x7A, 0x64, 0x25, 0x25, 0x64, 0xFD, 0x97, 0x01, 0x31, 0xFE, 0xCF, 0xFE,
	0xEF, 0x88, 0x88, 0x02, 0xEE, 0x00, 0x00, 0x00, 0x00, 0x03, 0x00, 0x0F,
	0x00, 0x00, 0x02, 0xB8, 0x03, 0x70, 0x00, 0x15, 0x00, 0x19, 0x00, 0x21,
	0x00, 0x39, 0xB0, 0x09, 0x1C, 0x4B, 0x76, 0x2A, 0xA8, 0x25, 0x19, 0x2E,
	0xB1, 0x40, 0x16, 0x1D, 0x19, 0x1D, 0x19, 0x18, 0x1B, 0x03, 0x1B, 0x12,
	0x1F, 0x12, 0x20, 0x01, 0x0B, 0x15, 0x0B, 0x03, 0x13, 0x13, 0x15, 0x08,
	0x0E, 0x00, 0x2F, 0xCD, 0x39, 0x39, 0x2F, 0xCD, 0x39, 0x2F, 0x2F, 0x3F,
	0x3F, 0x3F, 0x11, 0x12, 0x39, 0x39, 0x32, 0x2F, 0x2F, 0x31, 0x30, 0x01,
	0x14, 0x06, 0x23, 0x22, 0x26, 0x27, 0x26, 0x23, 0x22, 0x15, 0x23, 0x34,
	0x36, 0x33, 0x32, 0x16, 0x17, 0x16, 0x33, 0x32, 0x35, 0x13, 0x03, 0x23,
	0x03, 0x01, 0x23, 0x27, 0x21, 0x07, 0x23, 0x01, 0x33, 0x01, 0xD6, 0x2A,
	0x1F, 0x15, 0x22, 0x0A, 0x04, 0x0C, 0x13, 0x36, 0x2A, 0x1F, 0x15, 0x22,
	0x08, 0x06, 0x0C, 0x13, 0x20, 0x58, 0x08, 0x58, 0x01, 0xB0, 0x98, 0x30,
	0xFE, 0xE8, 0x2F, 0x9A, 0x01, 0x09, 0x99, 0x03, 0x52, 0x1E, 0x2C, 0x15,
	0x11, 0x0B, 0x13, 0x1E, 0x2C, 0x16, 0x11, 0x0A, 0x13, 0xFD, 0xBF, 0x01,
	0x31, 0xFE, 0xCF, 0xFE, 0xEF, 0x88, 0x88, 0x02, 0xEE, 0x00, 0x00, 0x00,
	0x00, 0x04, 0x00, 0x0F, 0x00, 0x00, 0x02, 0xB8, 0x03, 0x7A, 0x00, 0x0B,
	0x00, 0x17, 0x00, 0x1B, 0x00, 0x23, 0x00, 0x33, 0xB0, 0x09, 0x1C, 0x4B,
	0x76, 0x2A, 0xA8, 0x25, 0x19, 0x2E, 0xB1, 0x40, 0x13, 0x1F, 0x1B, 0x1F,
	0x1B, 0x1A, 0x1D, 0x03, 0x1D, 0x12, 0x21, 0x12, 0x0F, 0x15, 0x15, 0x09,
	0x22, 0x01, 0x03, 0x09, 0x00, 0x2F, 0xCD, 0x3F, 0x11, 0x33, 0x2F, 0xCD,
	0x3F, 0x3F, 0x11, 0x12, 0x39, 0x39, 0x32, 0x2F, 0x2F, 0x31, 0x30, 0x01,
	0x14, 0x06, 0x23, 0x22, 0x26, 0x35, 0x34, 0x36, 0x33, 0x32, 0x16, 0x17,
	0x14, 0x06, 0x23, 0x22, 0x26, 0x35, 0x34, 0x36, 0x33, 0x32, 0x16, 0x0B,
	0x01, 0x23, 0x03, 0x01, 0x23, 0x27, 0x21, 0x07, 0x23, 0x01, 0x33, 0x01,
	0x33, 0x1E, 0x14, 0x16, 0x1E, 0x1E, 0x16, 0x14, 0x1E, 0xC7, 0x1E, 0x16,
	0x15, 0x1E, 0x1E, 0x15, 0x16, 0x1E, 0x3A, 0x58, 0x08, 0x58, 0x01, 0xB0,
	0x98, 0x30, 0xFE, 0xE8, 0x2F, 0x9A, 0x01, 0x09, 0x99, 0x03, 0x47, 0x15,
	0x1E, 0x1E, 0x15, 0x16, 0x1D, 0x1D, 0x16, 0x15, 0x1E, 0x1E, 0x15, 0x16,
	0x1D, 0x1D, 0xFD, 0xB4, 0x01, 0x31, 0xFE, 0xCF, 0xFE, 0xEF, 0x88, 0x88,
	0x02, 0xEE, 0x00, 0x00, 0x00, 0x04, 0x00, 0x0F, 0x00, 0x00, 0x02, 0xB8,
	0x03, 0x9C, 0x00, 0x0B, 0x00, 0x17, 0x00, 0x1B, 0x00, 0x23, 0x00, 0x35,
	0xB0, 0x09, 0x1C, 0x4B, 0x76, 0x2A, 0xA8, 0x25, 0x19, 0x2E, 0xB1, 0x40,
	0x14, 0x1F, 0x1B, 0x1F, 0x1B, 0x1A, 0x1D, 0x0F, 0x1D, 0x12, 0x21, 0x12,
	0x0F, 0x09, 0x09, 0x22, 0x15, 0x22, 0x01, 0x03, 0x15, 0x00, 0x2F, 0xCD,
	0x3F, 0x11, 0x12, 0x39, 0x2F, 0xCD, 0x3F, 0x3F, 0x11, 0x12, 0x39, 0x39,
	0x32, 0x2F, 0x2F, 0x31, 0x30, 0x01, 0x34, 0x26, 0x23, 0x22, 0x06, 0x15,
	0x14, 0x16, 0x33, 0x32, 0x36, 0x37, 0x14, 0x06, 0x23, 0x22, 0x26, 0x35,
	0x34, 0x36, 0x33, 0x32, 0x16, 0x13, 0x03, 0x23, 0x03, 0x01, 0x23, 0x27,
	0x21, 0x07, 0x23, 0x01, 0x33, 0x01, 0x7F, 0x10, 0x0B, 0x0B, 0x10, 0x10,
	0x0B, 0x0B, 0x10, 0x2F, 0x2C, 0x1E, 0x1E, 0x2C, 0x2C, 0x1E, 0x1E, 0x2C,
	0x12, 0x58, 0x08, 0x58, 0x01, 0xB0, 0x98, 0x30, 0xFE, 0xE8, 0x2F, 0x9A,
	0x01, 0x09, 0x99, 0x03, 0x53, 0x0B, 0x0F, 0x0F, 0x0B, 0x0C, 0x10, 0x10,
	0x0C, 0x1F, 0x2C, 0x2C, 0x1F, 0x1E, 0x2B, 0x2B, 0xFD, 0xA0, 0x01, 0x31,
	0xFE, 0xCF, 0xFE, 0xEF, 0x88, 0x88, 0x02, 0xEE, 0x00, 0x02, 0x00, 0x0F,
	0x00, 0x00, 0x04, 0x2D, 0x02, 0xEE, 0x00, 0x0F, 0x00, 0x13, 0x00, 0x35,
	0xB0, 0x09, 0x1C, 0x4B, 0x76, 0x2A, 0xA8, 0x25, 0x19, 0x2E, 0xB1, 0xB8,
	0x00, 0x00, 0x40, 0x15, 0x05, 0x12, 0x0F, 0x0C, 0x0B, 0x0B, 0x11, 0x0C,
	0x0F, 0x12, 0x05, 0x00, 0x07, 0x07, 0x08, 0x03, 0x12, 0x07, 0x12, 0x08,
	0x01, 0x00, 0x3F, 0x3F, 0x3F, 0x11, 0x12, 0x17, 0x39, 0x2F, 0x2F, 0x2F,
	0x2F, 0x2F, 0x2F, 0x31, 0x30, 0x25, 0x21, 0x15, 0x21, 0x35, 0x23, 0x07,
	0x23, 0x01, 0x21, 0x15, 0x21, 0x15, 0x21, 0x15, 0x21, 0x27, 0x23, 0x07,
	0x33, 0x02, 0x94, 0x01, 0x99, 0xFD, 0xD9, 0xF0, 0x5A, 0xAD, 0x01, 0xE7,
	0x02, 0x37, 0xFE, 0x67, 0x01, 0x55, 0xFE, 0xAB, 0x8E, 0x04, 0x92, 0x96,
	0x88, 0x88, 0x88, 0x88, 0x02, 0xEE, 0x89, 0xA9, 0x89, 0xD7, 0xF9, 0x00,
	0x00, 0x01, 0x00, 0x23, 0xFF, 0x40, 0x03, 0x2E, 0x02, 0xFF, 0x00, 0x3B,
	0x00, 0x41, 0xB0, 0x09, 0x1C, 0x4B, 0x76, 0x2A, 0xA8, 0x25, 0x19, 0x2E,
	0xB1, 0x40, 0x10, 0x28, 0x2B, 0x1B, 0x1E, 0x28, 0x0A, 0x2B, 0x1B, 0x09,
	0x1E, 0x15, 0x3B, 0x00, 0x00, 0x32, 0x0A, 0xB8, 0xFF, 0xF0, 0xB7, 0x0A,
	0x09, 0x31, 0x13, 0x0B, 0x13, 0x15, 0x04, 0x00, 0x3F, 0x3F, 0x3F, 0x2F,
	0xCD, 0x38, 0x32, 0x33, 0x2F, 0x33, 0x11, 0x33, 0x12, 0x39, 0x39, 0x12,
	0x39, 0x2F, 0x2F, 0x2F, 0x2F, 0x31, 0x30, 0x05, 0x1E, 0x01, 0x37, 0x3E,
	0x01, 0x27, 0x2E, 0x01, 0x07, 0x27, 0x37, 0x2E, 0x03, 0x35, 0x34, 0x3E,
	0x02, 0x33, 0x32, 0x1E, 0x02, 0x17, 0x23, 0x2E, 0x01, 0x23, 0x22, 0x0E,
	0x02, 0x15, 0x14, 0x1E, 0x02, 0x33, 0x32, 0x36, 0x37, 0x33, 0x0E, 0x03,
	0x0F, 0x01, 0x1E, 0x01, 0x17, 0x16, 0x06, 0x07, 0x06, 0x26, 0x27, 0x01,
	0x97, 0x06, 0x18, 0x0B, 0x0B, 0x06, 0x07, 0x06, 0x17, 0x0B, 0x13, 0x0C,
	0x4F, 0x89, 0x66, 0x3A, 0x3F, 0x6D, 0x92, 0x54, 0x45, 0x7D, 0x63, 0x45,
	0x0F, 0x92, 0x20, 0x7A, 0x4D, 0x35, 0x5C, 0x46, 0x28, 0x28, 0x46, 0x5C,
	0x35, 0x4D, 0x7A, 0x20, 0x92, 0x0E, 0x44, 0x60, 0x78, 0x43, 0x0A, 0x10,
	0x1B, 0x09, 0x0D, 0x0E, 0x18, 0x18, 0x36, 0x0E, 0x88, 0x0B, 0x06, 0x06,
	0x07, 0x17, 0x0B, 0x0B, 0x06, 0x06, 0x20, 0x2F, 0x05, 0x3F, 0x68, 0x8A,
	0x51, 0x54, 0x8F, 0x69, 0x3C, 0x27, 0x4A, 0x68, 0x40, 0x40, 0x50, 0x28,
	0x45, 0x5D, 0x35, 0x35, 0x5E, 0x45, 0x28, 0x50, 0x41, 0x3F, 0x67, 0x48,
	0x29, 0x02, 0x25, 0x02, 0x12, 0x0E, 0x17, 0x36, 0x0D, 0x0E, 0x0E, 0x18,
	0x00, 0x02, 0x00, 0x3C, 0x00, 0x00, 0x02, 0x63, 0x03, 0x8E, 0x00, 0x03,
	0x00, 0x0F, 0x00, 0x3D, 0xB0, 0x09, 0x1C, 0x4B, 0x76, 0x2A, 0xA8, 0x25,
	0x19, 0x2E, 0xB1, 0x40, 0x10, 0x0F, 0x0E, 0x0B, 0x0A, 0x0F, 0x0E, 0x0B,
	0x0A, 0x06, 0x02, 0x06, 0x12, 0x07, 0x01, 0x01, 0x02, 0xB8, 0xFF, 0xF0,
	0xB5, 0x02, 0x02, 0x03, 0x00, 0x10, 0x00, 0x00, 0x2F, 0x38, 0xCD, 0x32,
	0x2F, 0x38, 0xCD, 0x3F, 0x3F, 0x11, 0x12, 0x39, 0x39, 0x39, 0x32, 0x2F,
	0x2F, 0x2F, 0x2F, 0x31, 0x30, 0x13, 0x17, 0x15, 0x27, 0x01, 0x15, 0x21,
	0x11, 0x21, 0x15, 0x21, 0x15, 0x21, 0x15, 0x21, 0x15, 0xFC, 0xAB, 0xAB,
	0x01, 0x67, 0xFD, 0xD9, 0x02, 0x27, 0xFE, 0x67, 0x01, 0x54, 0xFE, 0xAC,
	0x03, 0x8E, 0x3B, 0x42, 0x2A, 0xFD, 0x4D, 0x88, 0x02, 0xEE, 0x89, 0xA9,
	0x89, 0xAB, 0x00, 0x00, 0x00, 0x02, 0x00, 0x3C, 0x00, 0x00, 0x02, 0x63,
	0x03, 0x8E, 0x00, 0x03, 0x00, 0x0F, 0x00, 0x3D, 0xB0, 0x09, 0x1C, 0x4B,
	0x76, 0x2A, 0xA8, 0x25, 0x19, 0x2E, 0xB1, 0x40, 0x10, 0x0F, 0x0E, 0x0B,
	0x0A, 0x0F, 0x0E, 0x0B, 0x0A, 0x06, 0x01, 0x06, 0x12, 0x07, 0x01, 0x02,
	0x01, 0xB8, 0xFF, 0xF0, 0xB5, 0x01, 0x01, 0x00, 0x03, 0x10, 0x03, 0x00,
	0x2F, 0x38, 0xCD, 0x32, 0x2F, 0x38, 0xCD, 0x3F, 0x3F, 0x11, 0x12, 0x39,
	0x39, 0x39, 0x32, 0x2F, 0x2F, 0x2F, 0x2F, 0x31, 0x30, 0x01, 0x07, 0x35,
	0x37, 0x13, 0x15, 0x21, 0x11, 0x21, 0x15, 0x21, 0x15, 0x21, 0x15, 0x21,
	0x15, 0x01, 0xA7, 0xAB, 0xAB, 0xBC, 0xFD, 0xD9, 0x02, 0x27, 0xFE, 0x67,
	0x01, 0x54, 0xFE, 0xAC, 0x03, 0x3B, 0x2A, 0x42, 0x3B, 0xFC, 0xFA, 0x88,
	0x02, 0xEE, 0x89, 0xA9, 0x89, 0xAB, 0x00, 0x00, 0x00, 0x02, 0x00, 0x3C,
	0x00, 0x00, 0x02, 0x63, 0x03, 0x7A, 0x00, 0x07, 0x00, 0x13, 0x00, 0x34,
	0xB0, 0x09, 0x1C, 0x4B, 0x76, 0x2A, 0xA8, 0x25, 0x19, 0x2E, 0xB1, 0x40,
	0x13, 0x13, 0x12, 0x0F, 0x0E, 0x13, 0x12, 0x0F, 0x0E, 0x0A, 0x04, 0x0A,
	0x12, 0x0B, 0x01, 0x02, 0x06, 0x06, 0x04, 0x07, 0x00, 0x2F, 0xCD, 0x32,
	0x2F, 0x33, 0x3F, 0x3F, 0x11, 0x12, 0x39, 0x39, 0x39, 0x32, 0x2F, 0x2F,
	0x2F, 0x2F, 0x31, 0x30, 0x01, 0x17, 0x23, 0x27, 0x23, 0x07, 0x23, 0x37,
	0x01, 0x15, 0x21, 0x11, 0x21, 0x15, 0x21, 0x15, 0x21, 0x15, 0x21, 0x15,
	0x01, 0x6B, 0x50, 0x4D, 0x1D, 0x03, 0x1E, 0x4D, 0x50, 0x01, 0x30, 0xFD,
	0xD9, 0x02, 0x27, 0xFE, 0x67, 0x01, 0x54, 0xFE, 0xAC, 0x03, 0x7A, 0x64,
	0x25, 0x25, 0x64, 0xFD, 0x0E, 0x88, 0x02, 0xEE, 0x89, 0xA9, 0x89, 0xAB,
	0x00, 0x03, 0x00, 0x3C, 0x00, 0x00, 0x02, 0x63, 0x03, 0x7A, 0x00, 0x0B,
	0x00, 0x17, 0x00, 0x23, 0x00, 0x36, 0xB0, 0x09, 0x1C, 0x4B, 0x76, 0x2A,
	0xA8, 0x25, 0x19, 0x2E, 0xB1, 0x40, 0x14, 0x23, 0x22, 0x1F, 0x1E, 0x23,
	0x22, 0x1F, 0x1E, 0x1A, 0x03, 0x1A, 0x12, 0x0F, 0x15, 0x15, 0x09, 0x1B,
	0x01, 0x03, 0x09, 0x00, 0x2F, 0xCD, 0x3F, 0x11, 0x33, 0x2F, 0xCD, 0x3F,
	0x11, 0x12, 0x39, 0x39, 0x39, 0x32, 0x2F, 0x2F, 0x2F, 0x2F, 0x31, 0x30,
	0x01, 0x14, 0x06, 0x23, 0x22, 0x26, 0x35, 0x34, 0x36, 0x33, 0x32, 0x16,
	0x17, 0x14, 0x06, 0x23, 0x22, 0x26, 0x35, 0x34, 0x36, 0x33, 0x32, 0x16,
	0x13, 0x15, 0x21, 0x11, 0x21, 0x15, 0x21, 0x15, 0x21, 0x15, 0x21, 0x15,
	0x01, 0x16, 0x1E, 0x14, 0x16, 0x1E, 0x1E, 0x16, 0x14, 0x1E, 0xC7, 0x1E,
	0x16, 0x15, 0x1E, 0x1E, 0x15, 0x16, 0x1E, 0x86, 0xFD, 0xD9, 0x02, 0x27,
	0xFE, 0x67, 0x01, 0x54, 0xFE, 0xAC, 0x03, 0x47, 0x15, 0x1E, 0x1E, 0x15,
	0x16, 0x1D, 0x1D, 0x16, 0x15, 0x1E, 0x1E, 0x15, 0x16, 0x1D, 0x1D, 0xFD,
	0x2B, 0x88, 0x02, 0xEE, 0x89, 0xA9, 0x89, 0xAB, 0x00, 0x02, 0x00, 0x2E,
	0x00, 0x00, 0x00, 0xD9, 0x03, 0x8E, 0x00, 0x03, 0x00, 0x07, 0x00, 0x28,
	0xB0, 0x09, 0x1C, 0x4B, 0x76, 0x2A, 0xA8, 0x25, 0x19, 0x2E, 0xB1, 0xB5,
	0x03, 0x12, 0x00, 0x01, 0x05, 0x06, 0xB8, 0xFF, 0xF0, 0xB5, 0x06, 0x06,
	0x07, 0x04, 0x10, 0x04, 0x00, 0x2F, 0x38, 0xCD, 0x32, 0x2F, 0x38, 0xCD,
	0x3F, 0x3F, 0x31, 0x30, 0x13, 0x33, 0x11, 0x23, 0x03, 0x17, 0x15, 0x27,
	0x3C, 0x8E, 0x8E, 0x0E, 0xAB, 0xAB, 0x02, 0xEE, 0xFD, 0x12, 0x03, 0x8E,
	0x3B, 0x42, 0x2A, 0x00, 0x00, 0x02, 0x00, 0x2E, 0x00, 0x00, 0x00, 0xD9,
	0x03, 0x8E, 0x00, 0x03, 0x00, 0x07, 0x00, 0x28, 0xB0, 0x09, 0x1C, 0x4B,
	0x76, 0x2A, 0xA8, 0x25, 0x19, 0x2E, 0xB1, 0xB5, 0x03, 0x12, 0x00, 0x01,
	0x06, 0x05, 0xB8, 0xFF, 0xF0, 0xB5, 0x05, 0x05, 0x04, 0x07, 0x10, 0x07,
	0x00, 0x2F, 0x38, 0xCD, 0x32, 0x2F, 0x38, 0xCD, 0x3F, 0x3F, 0x31, 0x30,
	0x13, 0x33, 0x11, 0x23, 0x13, 0x07, 0x35, 0x37, 0x3C, 0x8E, 0x8E, 0x9D,
	0xAB, 0xAB, 0x02, 0xEE, 0xFD, 0x12, 0x03, 0x3B, 0x2A, 0x42, 0x3B, 0x00,
	0x00, 0x02, 0x00, 0x17, 0x00, 0x00, 0x00, 0xEF, 0x03, 0x7A, 0x00, 0x03,
	0x00, 0x0B, 0x00, 0x20, 0xB0, 0x09, 0x1C, 0x4B, 0x76, 0x2A, 0xA8, 0x25,
	0x19, 0x2E, 0xB1, 0x40, 0x09, 0x03, 0x12, 0x00, 0x01, 0x06, 0x0A, 0x0A,
	0x08, 0x0B, 0x00, 0x2F, 0xCD, 0x32, 0x2F, 0x33, 0x3F, 0x3F, 0x31, 0x30,
	0x13, 0x33, 0x11, 0x23, 0x13, 0x17, 0x23, 0x27, 0x23, 0x07, 0x23, 0x37,
	0x3C, 0x8E, 0x8E, 0x63, 0x50, 0x4D, 0x1D, 0x03, 0x1E, 0x4D, 0x50, 0x02,
	0xEE, 0xFD, 0x12, 0x03, 0x7A, 0x64, 0x25, 0x25, 0x64, 0x00, 0x00, 0x00,
	0x00, 0x03, 0xFF, 0xF3, 0x00, 0x00, 0x01, 0x13, 0x03, 0x7A, 0x00, 0x03,
	0x00, 0x0F, 0x00, 0x1B, 0x00, 0x22, 0xB0, 0x09, 0x1C, 0x4B, 0x76, 0x2A,
	0xA8, 0x25, 0x19, 0x2E, 0xB1, 0x40, 0x0A, 0x03, 0x12, 0x13, 0x19, 0x19,
	0x0D, 0x00, 0x01, 0x07, 0x0D, 0x00, 0x2F, 0xCD, 0x3F, 0x11, 0x33, 0x2F,
	0xCD, 0x3F, 0x31, 0x30, 0x13, 0x33, 0x11, 0x23, 0x13, 0x14, 0x06, 0x23,
	0x22, 0x26, 0x35, 0x34, 0x36, 0x33, 0x32, 0x16, 0x17, 0x14, 0x06, 0x23,
	0x22, 0x26, 0x35, 0x34, 0x36, 0x33, 0x32, 0x16, 0x3C, 0x8E, 0x8E, 0x1D,
	0x1D, 0x15, 0x16, 0x1E, 0x1E, 0x16, 0x15, 0x1D, 0xBA, 0x1E, 0x16, 0x15,
	0x1D, 0x1D, 0x15, 0x16, 0x1E, 0x02, 0xEE, 0xFD, 0x12, 0x03, 0x46, 0x14,
	0x1E, 0x1E, 0x14, 0x16, 0x1E, 0x1E, 0x16, 0x14, 0x1E, 0x1E, 0x14, 0x16,
	0x1E, 0x1E, 0x00, 0x00, 0x00, 0x02, 0x00, 0x14, 0x00, 0x00, 0x02, 0xD0,
	0x02, 0xEE, 0x00, 0x10, 0x00, 0x21, 0x00, 0x2B, 0xB0, 0x09, 0x1C, 0x4B,
	0x76, 0x2A, 0xA8, 0x25, 0x19, 0x2E, 0xB1, 0x40, 0x11, 0x1C, 0x02, 0x03,
	0x17, 0x17, 0x03, 0x18, 0x02, 0x1B, 0x1C, 0x06, 0x00, 0x05, 0x00, 0x12,
	0x05, 0x01, 0x00, 0x3F, 0x3F, 0x11, 0x12, 0x17, 0x39, 0x2F, 0x2F, 0x2F,
	0x2F, 0x31, 0x30, 0x33, 0x11, 0x23, 0x35, 0x33, 0x11, 0x21, 0x32, 0x1E,
	0x02, 0x15, 0x14, 0x0E, 0x02, 0x23, 0x13, 0x34, 0x2E, 0x02, 0x2B, 0x01,
	0x15, 0x33, 0x15, 0x23, 0x15, 0x33, 0x32, 0x3E, 0x02, 0x4F, 0x3B, 0x3B,
	0x01, 0x00, 0x50, 0x8D, 0x68, 0x3C, 0x3C, 0x68, 0x8D, 0x50, 0xEE, 0x25,
	0x41, 0x57, 0x31, 0x77, 0xA2, 0xA2, 0x77, 0x31, 0x57, 0x41, 0x25, 0x01,
	0x33, 0x89, 0x01, 0x32, 0x39, 0x64, 0x89, 0x51, 0x51, 0x89, 0x64, 0x39,
	0x01, 0x77, 0x31, 0x57, 0x40, 0x26, 0xA9, 0x89, 0xAB, 0x26, 0x40, 0x57,
	0x00, 0x02, 0x00, 0x3C, 0x00, 0x00, 0x02, 0x89, 0x03, 0x5C, 0x00, 0x0B,
	0x00, 0x21, 0x00, 0x38, 0xB0, 0x09, 0x1C, 0x4B, 0x76, 0x2A, 0xA8, 0x25,
	0x19, 0x2E, 0xB1, 0x40, 0x16, 0x08, 0x0F, 0x03, 0x01, 0x14, 0x01, 0x12,
	0x05, 0x12, 0x0A, 0x01, 0x06, 0x01, 0x17, 0x21, 0x17, 0x0F, 0x1F, 0x1F,
	0x21, 0x14, 0x1A, 0x00, 0x2F, 0xCD, 0x39, 0x39, 0x2F, 0xCD, 0x39, 0x2F,
	0x2F, 0x3F, 0x3F, 0x3F, 0x3F, 0x11, 0x12, 0x39, 0x11, 0x39, 0x31, 0x30,
	0x21, 0x23, 0x01, 0x23, 0x13, 0x23, 0x11, 0x33, 0x01, 0x33, 0x03, 0x33,
	0x27, 0x14, 0x06, 0x23, 0x22, 0x26, 0x27, 0x26, 0x23, 0x22, 0x15, 0x23,
	0x34, 0x36, 0x33, 0x32, 0x16, 0x17, 0x16, 0x33, 0x32, 0x35, 0x02, 0x89,
	0x8C, 0xFE, 0xCF, 0x03, 0x01, 0x8E, 0x8E, 0x01, 0x31, 0x03, 0x01, 0x8C,
	0xB4, 0x2A, 0x1F, 0x15, 0x22, 0x0A, 0x04, 0x0C, 0x13, 0x36, 0x2A, 0x1F,
	0x15, 0x22, 0x08, 0x06, 0x0C, 0x13, 0x01, 0xF4, 0xFE, 0x0C, 0x02, 0xEE,
	0xFE, 0x0B, 0x01, 0xF5, 0x50, 0x1E, 0x2C, 0x15, 0x11, 0x0B, 0x13, 0x1E,
	0x2C, 0x16, 0x11, 0x0A, 0x13, 0x00, 0x00, 0x00, 0x00, 0x03, 0x00, 0x23,
	0xFF, 0xEF, 0x03, 0x47, 0x03, 0x8E, 0x00, 0x03, 0x00, 0x17, 0x00, 0x2B,
	0x00, 0x31, 0xB0, 0x09, 0x1C, 0x4B, 0x76, 0x2A, 0xA8, 0x25, 0x19, 0x2E,
	0xB1, 0x40, 0x0A, 0x13, 0x13, 0x1D, 0x13, 0x27, 0x04, 0x09, 0x09, 0x01,
	0x02, 0xB8, 0xFF, 0xF0, 0xB5, 0x02, 0x02, 0x03, 0x00, 0x10, 0x00, 0x00,
	0x2F, 0x38, 0xCD, 0x32, 0x2F, 0x38, 0xCD, 0x33, 0x2F, 0x3F, 0x3F, 0x33,
	0x2F, 0x31, 0x30, 0x01, 0x17, 0x15, 0x27, 0x01, 0x34, 0x2E, 0x02, 0x23,
	0x22, 0x0E, 0x02, 0x15, 0x14, 0x1E, 0x02, 0x33, 0x32, 0x3E, 0x02, 0x37,
	0x14, 0x0E, 0x02, 0x23, 0x22, 0x2E, 0x02, 0x35, 0x34, 0x3E, 0x02, 0x33,
	0x32, 0x1E, 0x02, 0x01, 0x5F, 0xAB, 0xAB, 0x01, 0x56, 0x28, 0x45, 0x5E,
	0x35, 0x35, 0x5D, 0x45, 0x28, 0x28, 0x45, 0x5D, 0x35, 0x35, 0x5E, 0x45,
	0x28, 0x92, 0x3F, 0x6D, 0x93, 0x53, 0x54, 0x92, 0x6D, 0x3F, 0x3F, 0x6D,
	0x92, 0x54, 0x53, 0x93, 0x6D, 0x3F, 0x03, 0x8E, 0x3B, 0x42, 0x2A, 0xFE,
	0x3C, 0x35, 0x5D, 0x45, 0x28, 0x28, 0x45, 0x5D, 0x35, 0x35, 0x5E, 0x45,
	0x28, 0x28, 0x45, 0x5E, 0x35, 0x53, 0x90, 0x69, 0x3C, 0x3C, 0x69, 0x90,
	0x53, 0x53, 0x90, 0x69, 0x3C, 0x3C, 0x69, 0x90, 0x00, 0x03, 0x00, 0x23,
	0xFF, 0xEF, 0x03, 0x47, 0x03, 0x8E, 0x00, 0x03, 0x00, 0x17, 0x00, 0x2B,
	0x00, 0x31, 0xB0, 0x09, 0x1C, 0x4B, 0x76, 0x2A, 0xA8, 0x25, 0x19, 0x2E,
	0xB1, 0x40, 0x0A, 0x13, 0x13, 0x1D, 0x13, 0x27, 0x04, 0x09, 0x09, 0x02,
	0x01, 0xB8, 0xFF, 0xF0, 0xB5, 0x01, 0x01, 0x00, 0x03, 0x10, 0x03, 0x00,
	0x2F, 0x38, 0xCD, 0x32, 0x2F, 0x38, 0xCD, 0x33, 0x2F, 0x3F, 0x3F, 0x33,
	0x2F, 0x31, 0x30, 0x01, 0x07, 0x35, 0x37, 0x13, 0x34, 0x2E, 0x02, 0x23,
	0x22, 0x0E, 0x02, 0x15, 0x14, 0x1E, 0x02, 0x33, 0x32, 0x3E, 0x02, 0x37,
	0x14, 0x0E, 0x02, 0x23, 0x22, 0x2E, 0x02, 0x35, 0x34, 0x3E, 0x02, 0x33,
	0x32, 0x1E, 0x02, 0x02, 0x0A, 0xAB, 0xAB, 0xAB, 0x28, 0x45, 0x5E, 0x35,
	0x35, 0x5D, 0x45, 0x28, 0x28, 0x45, 0x5D, 0x35, 0x35, 0x5E, 0x45, 0x28,
	0x92, 0x3F, 0x6D, 0x93, 0x53, 0x54, 0x92, 0x6D, 0x3F, 0x3F, 0x6D, 0x92,
	0x54, 0x53, 0x93, 0x6D, 0x3F, 0x03, 0x3B, 0x2A, 0x42, 0x3B, 0xFD, 0xE9,
	0x35, 0x5D, 0x45, 0x28, 0x28, 0x45, 0x5D, 0x35, 0x35, 0x5E, 0x45, 0x28,
	0x28, 0x45, 0x5E, 0x35, 0x53, 0x90, 0x69, 0x3C, 0x3C, 0x69, 0x90, 0x53,
	0x53, 0x90, 0x69, 0x3C, 0x3C, 0x69, 0x90, 0x00, 0x00, 0x03, 0x00, 0x23,
	0xFF, 0xEF, 0x03, 0x47, 0x03, 0x7A, 0x00, 0x07, 0x00, 0x1B, 0x00, 0x2F,
	0x00, 0x2C, 0xB0, 0x09, 0x1C, 0x4B, 0x76, 0x2A, 0xA8, 0x25, 0x19, 0x2E,
	0xB1, 0x40, 0x0F, 0x17, 0x0D, 0x17, 0x0D, 0x21, 0x04, 0x21, 0x13, 0x2B,
	0x04, 0x02, 0x06, 0x06, 0x04, 0x07, 0x00, 0x2F, 0xCD, 0x32, 0x2F, 0x33,
	0x3F, 0x3F, 0x11, 0x12, 0x39, 0x32, 0x2F, 0x2F, 0x31, 0x30, 0x01, 0x17,
	0x23, 0x27, 0x23, 0x07, 0x23, 0x37, 0x01, 0x34, 0x2E, 0x02, 0x23, 0x22,
	0x0E, 0x02, 0x15, 0x14, 0x1E, 0x02, 0x33, 0x32, 0x3E, 0x02, 0x37, 0x14,
	0x0E, 0x02, 0x23, 0x22, 0x2E, 0x02, 0x35, 0x34, 0x3E, 0x02, 0x33, 0x32,
	0x1E, 0x02, 0x01, 0xD1, 0x50, 0x4D, 0x1D, 0x03, 0x1E, 0x4D, 0x50, 0x01,
	0x1C, 0x28, 0x45, 0x5E, 0x35, 0x35, 0x5D, 0x45, 0x28, 0x28, 0x45, 0x5D,
	0x35, 0x35, 0x5E, 0x45, 0x28, 0x92, 0x3F, 0x6D, 0x93, 0x53, 0x54, 0x92,
	0x6D, 0x3F, 0x3F, 0x6D, 0x92, 0x54, 0x53, 0x93, 0x6D, 0x3F, 0x03, 0x7A,
	0x64, 0x25, 0x25, 0x64, 0xFD, 0xFD, 0x35, 0x5D, 0x45, 0x28, 0x28, 0x45,
	0x5D, 0x35, 0x35, 0x5E, 0x45, 0x28, 0x28, 0x45, 0x5E, 0x35, 0x53, 0x90,
	0x69, 0x3C, 0x3C, 0x69, 0x90, 0x53, 0x53, 0x90, 0x69, 0x3C, 0x3C, 0x69,
	0x90, 0x00, 0x00, 0x00, 0x00, 0x03, 0x00, 0x23, 0xFF, 0xEF, 0x03, 0x47,
	0x03, 0x7A, 0x00, 0x13, 0x00, 0x27, 0x00, 0x3D, 0x00, 0x30, 0xB0, 0x09,
	0x1C, 0x4B, 0x76, 0x2A, 0xA8, 0x25, 0x19, 0x2E, 0xB1, 0x40, 0x11, 0x0F,
	0x0F, 0x19, 0x13, 0x23, 0x04, 0x05, 0x33, 0x3D, 0x05, 0x33, 0x2B, 0x3B,
	0x3B, 0x3D, 0x30, 0x36, 0x00, 0x2F, 0xCD, 0x39, 0x39, 0x2F, 0xCD, 0x39,
	0x32, 0x2F, 0x2F, 0x2F, 0x3F, 0x3F, 0x33, 0x2F, 0x31, 0x30, 0x01, 0x34,
	0x2E, 0x02, 0x23, 0x22, 0x0E, 0x02, 0x15, 0x14, 0x1E, 0x02, 0x33, 0x32,
	0x3E, 0x02, 0x37, 0x14, 0x0E, 0x02, 0x23, 0x22, 0x2E, 0x02, 0x35, 0x34,
	0x3E, 0x02, 0x33, 0x32, 0x1E, 0x02, 0x01, 0x14, 0x06, 0x23, 0x22, 0x26,
	0x27, 0x26, 0x23, 0x22, 0x15, 0x23, 0x34, 0x36, 0x33, 0x32, 0x16, 0x17,
	0x16, 0x33, 0x32, 0x35, 0x02, 0xB5, 0x28, 0x45, 0x5E, 0x35, 0x35, 0x5D,
	0x45, 0x28, 0x28, 0x45, 0x5D, 0x35, 0x35, 0x5E, 0x45, 0x28, 0x92, 0x3F,
	0x6D, 0x93, 0x53, 0x54, 0x92, 0x6D, 0x3F, 0x3F, 0x6D, 0x92, 0x54, 0x53,
	0x93, 0x6D, 0x3F, 0xFE, 0xDF, 0x2A, 0x1F, 0x15, 0x22, 0x0A, 0x04, 0x0C,
	0x13, 0x36, 0x2A, 0x1F, 0x15, 0x22, 0x08, 0x06, 0x0C, 0x13, 0x01, 0x77,
	0x35, 0x5D, 0x45, 0x28, 0x28, 0x45, 0x5D, 0x35, 0x35, 0x5E, 0x45, 0x28,
	0x28, 0x45, 0x5E, 0x35, 0x53, 0x90, 0x69, 0x3C, 0x3C, 0x69, 0x90, 0x53,
	0x53, 0x90, 0x69, 0x3C, 0x3C, 0x69, 0x90, 0x01, 0x92, 0x1E, 0x2C, 0x15,
	0x11, 0x0B, 0x13, 0x1E, 0x2C, 0x16, 0x11, 0x0A, 0x13, 0x00, 0x00, 0x00,
	0x00, 0x04, 0x00, 0x23, 0xFF, 0xEF, 0x03, 0x47, 0x03, 0x7A, 0x00, 0x0B,
	0x00, 0x17, 0x00, 0x2B, 0x00, 0x3F, 0x00, 0x2A, 0xB0, 0x09, 0x1C, 0x4B,
	0x76, 0x2A, 0xA8, 0x25, 0x19, 0x2E, 0xB1, 0x40, 0x0E, 0x27, 0x27, 0x31,
	0x13, 0x0F, 0x15, 0x15, 0x09, 0x3B, 0x04, 0x1D, 0x1D, 0x03, 0x09, 0x00,
	0x2F, 0xCD, 0x32, 0x2F, 0x3F, 0x11, 0x33, 0x2F, 0xCD, 0x3F, 0x33, 0x2F,
	0x31, 0x30, 0x01, 0x14, 0x06, 0x23, 0x22, 0x26, 0x35, 0x34, 0x36, 0x33,
	0x32, 0x16, 0x17, 0x14, 0x06, 0x23, 0x22, 0x26, 0x35, 0x34, 0x36, 0x33,
	0x32, 0x16, 0x13, 0x34, 0x2E, 0x02, 0x23, 0x22, 0x0E, 0x02, 0x15, 0x14,
	0x1E, 0x02, 0x33, 0x32, 0x3E, 0x02, 0x37, 0x14, 0x0E, 0x02, 0x23, 0x22,
	0x2E, 0x02, 0x35, 0x34, 0x3E, 0x02, 0x33, 0x32, 0x1E, 0x02, 0x01, 0x85,
	0x1E, 0x15, 0x16, 0x1E, 0x1E, 0x16, 0x15, 0x1E, 0xC6, 0x1E, 0x16, 0x14,
	0x1E, 0x1E, 0x14, 0x16, 0x1E, 0x6A, 0x28, 0x45, 0x5E, 0x35, 0x35, 0x5D,
	0x45, 0x28, 0x28, 0x45, 0x5D, 0x35, 0x35, 0x5E, 0x45, 0x28, 0x92, 0x3F,
	0x6D, 0x93, 0x53, 0x54, 0x92, 0x6D, 0x3F, 0x3F, 0x6D, 0x92, 0x54, 0x53,
	0x93, 0x6D, 0x3F, 0x03, 0x47, 0x15, 0x1E, 0x1E, 0x15, 0x15, 0x1E, 0x1E,
	0x15, 0x15, 0x1E, 0x1E, 0x15, 0x15, 0x1E, 0x1E, 0xFE, 0x1B, 0x35, 0x5D,
	0x45, 0x28, 0x28, 0x45, 0x5D, 0x35, 0x35, 0x5E, 0x45, 0x28, 0x28, 0x45,
	0x5E, 0x35, 0x53, 0x90, 0x69, 0x3C, 0x3C, 0x69, 0x90, 0x53, 0x53, 0x90,
	0x69, 0x3C, 0x3C, 0x69, 0x90, 0x00, 0x00, 0x00, 0x00, 0x01, 0x00, 0x28,
	0x00, 0x00, 0x02, 0x6B, 0x02, 0x43, 0x00, 0x0B, 0x00, 0x1B, 0xB0, 0x09,
	0x1C, 0x4B, 0x76, 0x2A, 0xA8, 0x25, 0x19, 0x2E, 0xB1, 0xB8, 0x00, 0x00,
	0xB4, 0x01, 0x12, 0x04, 0x03, 0x12, 0x00, 0x3F, 0x33, 0x3F, 0x33, 0x31,
	0x30, 0x25, 0x07, 0x27, 0x07, 0x27, 0x37, 0x27, 0x37, 0x17, 0x37, 0x17,
	0x07, 0x02, 0x6B, 0x60, 0xC2, 0xC1, 0x60, 0xC1, 0xC1, 0x60, 0xC1, 0xC2,
	0x60, 0xC1, 0x60, 0x60, 0xC2, 0xC2, 0x60, 0xC2, 0xC1, 0x60, 0xC1, 0xC1,
	0x60, 0xC1, 0x00, 0x00, 0x00, 0x03, 0x00, 0x28, 0xFF, 0xEF, 0x03, 0x4C,
	0x02, 0xFF, 0x00, 0x1B, 0x00, 0x27, 0x00, 0x32, 0x00, 0x20, 0xB0, 0x09,
	0x1C, 0x4B, 0x76, 0x2A, 0xA8, 0x25, 0x19, 0x2E, 0xB1, 0x40, 0x0A, 0x16,
	0x13, 0x1B, 0x1A, 0x13, 0x08, 0x04, 0x0D, 0x0C, 0x04, 0x00, 0x3F, 0x33,
	0x3F, 0x3F, 0x33, 0x3F, 0x31, 0x30, 0x37, 0x2E, 0x01, 0x35, 0x34, 0x3E,
	0x02, 0x33, 0x32, 0x16, 0x17, 0x37, 0x17, 0x07, 0x1E, 0x01, 0x15, 0x14,
	0x0E, 0x02, 0x23, 0x22, 0x26, 0x27, 0x07, 0x27, 0x01, 0x34, 0x26, 0x27,
	0x01, 0x1E, 0x01, 0x33, 0x32, 0x3E, 0x02, 0x25, 0x14, 0x17, 0x01, 0x2E,
	0x01, 0x23, 0x22, 0x0E, 0x02, 0x7D, 0x28, 0x2D, 0x3F, 0x6D, 0x92, 0x54,
	0x45, 0x7A, 0x33, 0x4E, 0x48, 0x4C, 0x29, 0x2D, 0x3F, 0x6D, 0x93, 0x53,
	0x45, 0x7B, 0x33, 0x4D, 0x48, 0x02, 0x88, 0x17, 0x14, 0xFE, 0x9D, 0x1F,
	0x47, 0x28, 0x35, 0x5E, 0x45, 0x28, 0xFE, 0x01, 0x2A, 0x01, 0x62, 0x1F,
	0x47, 0x27, 0x35, 0x5D, 0x45, 0x28, 0x82, 0x33, 0x7B, 0x47, 0x53, 0x90,
	0x69, 0x3C, 0x29, 0x25, 0x4E, 0x48, 0x4C, 0x32, 0x7C, 0x46, 0x53, 0x90,
	0x69, 0x3C, 0x28, 0x25, 0x4D, 0x48, 0x01, 0x40, 0x27, 0x48, 0x1E, 0xFE,
	0x9D, 0x14, 0x16, 0x28, 0x45, 0x5E, 0x35, 0x4F, 0x3E, 0x01, 0x62, 0x14,
	0x16, 0x28, 0x45, 0x5D, 0x00, 0x02, 0x00, 0x3C, 0xFF, 0xEF, 0x02, 0x91,
	0x03, 0x8E, 0x00, 0x03, 0x00, 0x1D, 0x00, 0x30, 0xB0, 0x09, 0x1C, 0x4B,
	0x76, 0x2A, 0xA8, 0x25, 0x19, 0x2E, 0xB1, 0x40, 0x0A, 0x16, 0x16, 0x09,
	0x13, 0x1C, 0x01, 0x0F, 0x01, 0x01, 0x02, 0xB8, 0xFF, 0xF0, 0xB5, 0x02,
	0x02, 0x03, 0x00, 0x10, 0x00, 0x00, 0x2F, 0x38, 0xCD, 0x32, 0x2F, 0x38,
	0xCD, 0x3F, 0x3F, 0x3F, 0x33, 0x2F, 0x31, 0x30, 0x01, 0x17, 0x15, 0x27,
	0x01, 0x14, 0x0E, 0x02, 0x23, 0x22, 0x2E, 0x02, 0x35, 0x11, 0x33, 0x11,
	0x14, 0x1E, 0x02, 0x33, 0x32, 0x3E, 0x02, 0x35, 0x11, 0x33, 0x01, 0x12,
	0xAB, 0xAB, 0x01, 0x7F, 0x2D, 0x4F, 0x6E, 0x40, 0x41, 0x6E, 0x4F, 0x2D,
	0x8E, 0x18, 0x2A, 0x3A, 0x21, 0x21, 0x3A, 0x2A, 0x18, 0x8D, 0x03, 0x8E,
	0x3B, 0x42, 0x2A, 0xFD, 0xCA, 0x41, 0x67, 0x48, 0x26, 0x26, 0x48, 0x67,
	0x41, 0x01, 0xE9, 0xFE, 0x17, 0x21, 0x36, 0x26, 0x14, 0x14, 0x26, 0x36,
	0x21, 0x01, 0xE9, 0x00, 0x00, 0x02, 0x00, 0x3C, 0xFF, 0xEF, 0x02, 0x91,
	0x03, 0x8E, 0x00, 0x03, 0x00, 0x1D, 0x00, 0x30, 0xB0, 0x09, 0x1C, 0x4B,
	0x76, 0x2A, 0xA8, 0x25, 0x19, 0x2E, 0xB1, 0x40, 0x0A, 0x16, 0x16, 0x09,
	0x13, 0x1C, 0x01, 0x0F, 0x01, 0x02, 0x01, 0xB8, 0xFF, 0xF0, 0xB5, 0x01,
	0x01, 0x00, 0x03, 0x10, 0x03, 0x00, 0x2F, 0x38, 0xCD, 0x32, 0x2F, 0x38,
	0xCD, 0x3F, 0x3F, 0x3F, 0x33, 0x2F, 0x31, 0x30, 0x01, 0x07, 0x35, 0x37,
	0x13, 0x14, 0x0E, 0x02, 0x23, 0x22, 0x2E, 0x02, 0x35, 0x11, 0x33, 0x11,
	0x14, 0x1E, 0x02, 0x33, 0x32, 0x3E, 0x02, 0x35, 0x11, 0x33, 0x01, 0xBD,
	0xAB, 0xAB, 0xD4, 0x2D, 0x4F, 0x6E, 0x40, 0x41, 0x6E, 0x4F, 0x2D, 0x8E,
	0x18, 0x2A, 0x3A, 0x21, 0x21, 0x3A, 0x2A, 0x18, 0x8D, 0x03, 0x3B, 0x2A,
	0x42, 0x3B, 0xFD, 0x77, 0x41, 0x67, 0x48, 0x26, 0x26, 0x48, 0x67, 0x41,
	0x01, 0xE9, 0xFE, 0x17, 0x21, 0x36, 0x26, 0x14, 0x14, 0x26, 0x36, 0x21,
	0x01, 0xE9, 0x00, 0x00, 0x00, 0x02, 0x00, 0x3C, 0xFF, 0xEF, 0x02, 0x91,
	0x03, 0x7A, 0x00, 0x07, 0x00, 0x21, 0x00, 0x27, 0xB0, 0x09, 0x1C, 0x4B,
	0x76, 0x2A, 0xA8, 0x25, 0x19, 0x2E, 0xB1, 0x40, 0x0D, 0x1A, 0x1A, 0x0D,
	0x13, 0x20, 0x01, 0x13, 0x01, 0x02, 0x06, 0x06, 0x04, 0x07, 0x00, 0x2F,
	0xCD, 0x32, 0x2F, 0x33, 0x3F, 0x3F, 0x3F, 0x33, 0x2F, 0x31, 0x30, 0x01,
	0x17, 0x23, 0x27, 0x23, 0x07, 0x23, 0x37, 0x01, 0x14, 0x0E, 0x02, 0x23,
	0x22, 0x2E, 0x02, 0x35, 0x11, 0x33, 0x11, 0x14, 0x1E, 0x02, 0x33, 0x32,
	0x3E, 0x02, 0x35, 0x11, 0x33, 0x01, 0x81, 0x50, 0x4D, 0x1D, 0x03, 0x1E,
	0x4D, 0x50, 0x01, 0x48, 0x2D, 0x4F, 0x6E, 0x40, 0x41, 0x6E, 0x4F, 0x2D,
	0x8E, 0x18, 0x2A, 0x3A, 0x21, 0x21, 0x3A, 0x2A, 0x18, 0x8D, 0x03, 0x7A,
	0x64, 0x25, 0x25, 0x64, 0xFD, 0x8B, 0x41, 0x67, 0x48, 0x26, 0x26, 0x48,
	0x67, 0x41, 0x01, 0xE9, 0xFE, 0x17, 0x21, 0x36, 0x26, 0x14, 0x14, 0x26,
	0x36, 0x21, 0x01, 0xE9, 0x00, 0x03, 0x00, 0x3C, 0xFF, 0xEF, 0x02, 0x91,
	0x03, 0x7A, 0x00, 0x0B, 0x00, 0x17, 0x00, 0x31, 0x00, 0x29, 0xB0, 0x09,
	0x1C, 0x4B, 0x76, 0x2A, 0xA8, 0x25, 0x19, 0x2E, 0xB1, 0x40, 0x0E, 0x2A,
	0x2A, 0x1D, 0x13, 0x0F, 0x15, 0x15, 0x09, 0x30, 0x01, 0x23, 0x01, 0x03,
	0x09, 0x00, 0x2F, 0xCD, 0x3F, 0x3F, 0x11, 0x33, 0x2F, 0xCD, 0x3F, 0x33,
	0x2F, 0x31, 0x30, 0x01, 0x14, 0x06, 0x23, 0x22, 0x26, 0x35, 0x34, 0x36,
	0x33, 0x32, 0x16, 0x17, 0x14, 0x06, 0x23, 0x22, 0x26, 0x35, 0x34, 0x36,
	0x33, 0x32, 0x16, 0x13, 0x14, 0x0E, 0x02, 0x23, 0x22, 0x2E, 0x02, 0x35,
	0x11, 0x33, 0x11, 0x14, 0x1E, 0x02, 0x33, 0x32, 0x3E, 0x02, 0x35, 0x11,
	0x33, 0x01, 0x35, 0x1E, 0x14, 0x16, 0x1E, 0x1E, 0x16, 0x14, 0x1E, 0xC7,
	0x1E, 0x16, 0x15, 0x1E, 0x1E, 0x15, 0x16, 0x1E, 0x95, 0x2D, 0x4F, 0x6E,
	0x40, 0x41, 0x6E, 0x4F, 0x2D, 0x8E, 0x18, 0x2A, 0x3A, 0x21, 0x21, 0x3A,
	0x2A, 0x18, 0x8D, 0x03, 0x47, 0x15, 0x1E, 0x1E, 0x15, 0x16, 0x1D, 0x1D,
	0x16, 0x15, 0x1E, 0x1E, 0x15, 0x16, 0x1D, 0x1D, 0xFD, 0xA8, 0x41, 0x67,
	0x48, 0x26, 0x26, 0x48, 0x67, 0x41, 0x01, 0xE9, 0xFE, 0x17, 0x21, 0x36,
	0x26, 0x14, 0x14, 0x26, 0x36, 0x21, 0x01, 0xE9, 0x00, 0x02, 0x00, 0x0F,
	0x00, 0x00, 0x02, 0xBC, 0x03, 0x8E, 0x00, 0x03, 0x00, 0x0D, 0x00, 0x3E,
	0xB0, 0x09, 0x1C, 0x4B, 0x76, 0x2A, 0xA8, 0x25, 0x19, 0x2E, 0xB1, 0xB2,
	0x05, 0x0B, 0x08, 0xB8, 0xFF, 0xF0, 0x40, 0x0C, 0x08, 0x08, 0x07, 0x09,
	0x07, 0x12, 0x0D, 0x01, 0x09, 0x01, 0x02, 0x01, 0xB8, 0xFF, 0xF0, 0xB5,
	0x01, 0x01, 0x00, 0x03, 0x10, 0x03, 0x00, 0x2F, 0x38, 0xCD, 0x32, 0x2F,
	0x38, 0xCD, 0x3F, 0x3F, 0x3F, 0x11, 0x12, 0x39, 0x2F, 0x38, 0x33, 0x33,
	0x31, 0x30, 0x01, 0x07, 0x35, 0x37, 0x05, 0x01, 0x11, 0x23, 0x11, 0x01,
	0x33, 0x13, 0x33, 0x13, 0x01, 0xB9, 0xAA, 0xAA, 0x01, 0x03, 0xFE, 0xF1,
	0x8C, 0xFE, 0xEE, 0xA8, 0xAE, 0x04, 0xAB, 0x03, 0x3B, 0x2A, 0x42, 0x3B,
	0xA0, 0xFE, 0x4D, 0xFE, 0xC5, 0x01, 0x3B, 0x01, 0xB3, 0xFE, 0xE2, 0x01,
	0x1E, 0x00, 0x00, 0x00, 0x00, 0x02, 0x00, 0x3C, 0x00, 0x00, 0x02, 0x66,
	0x02, 0xEE, 0x00, 0x10, 0x00, 0x19, 0x00, 0x29, 0xB0, 0x09, 0x1C, 0x4B,
	0x76, 0x2A, 0xA8, 0x25, 0x19, 0x2E, 0xB1, 0x40, 0x0F, 0x06, 0x19, 0x18,
	0x0B, 0x0B, 0x18, 0x19, 0x06, 0x04, 0x08, 0x09, 0x08, 0x12, 0x09, 0x01,
	0x00, 0x3F, 0x3F, 0x11, 0x12, 0x17, 0x39, 0x2F, 0x2F, 0x2F, 0x2F, 0x31,
	0x30, 0x01, 0x14, 0x0E, 0x02, 0x2B, 0x01, 0x15, 0x23, 0x11, 0x33, 0x15,
	0x33, 0x32, 0x1E, 0x02, 0x07, 0x32, 0x36, 0x35, 0x34, 0x26, 0x2B, 0x01,
	0x15, 0x02, 0x66, 0x21, 0x39, 0x4C, 0x2B, 0xD0, 0x89, 0x89, 0xD0, 0x2B,
	0x4C, 0x39, 0x21, 0xD1, 0x1F, 0x2A, 0x2A, 0x1F, 0xD0, 0x01, 0xBF, 0x2B,
	0x4B, 0x39, 0x21, 0xEF, 0x02, 0xEE, 0x5E, 0x21, 0x38, 0x4D, 0x73, 0x2B,
	0x1D, 0x1F, 0x2B, 0x92, 0x00, 0x01, 0x00, 0x3C, 0x00, 0x00, 0x02, 0x3A,
	0x02, 0xFF, 0x00, 0x32, 0x00, 0x2D, 0xB0, 0x09, 0x1C, 0x4B, 0x76, 0x2A,
	0xA8, 0x25, 0x19, 0x2E, 0xB1, 0x40, 0x12, 0x07, 0x13, 0x14, 0x1B, 0x1B,
	0x1E, 0x14, 0x2E, 0x13, 0x07, 0x06, 0x20, 0x26, 0x06, 0x20, 0x12, 0x26,
	0x04, 0x00, 0x3F, 0x3F, 0x33, 0x11, 0x12, 0x17, 0x39, 0x2F, 0x2F, 0x2F,
	0x2F, 0x31, 0x30, 0x25, 0x14, 0x0E, 0x02, 0x2B, 0x01, 0x35, 0x33, 0x32,
	0x3E, 0x02, 0x35, 0x34, 0x2E, 0x02, 0x2B, 0x01, 0x35, 0x33, 0x32, 0x36,
	0x35, 0x34, 0x26, 0x23, 0x22, 0x06, 0x07, 0x11, 0x23, 0x11, 0x34, 0x3E,
	0x02, 0x33, 0x32, 0x1E, 0x02, 0x15, 0x14, 0x06, 0x07, 0x1E, 0x03, 0x02,
	0x3A, 0x27, 0x43, 0x5A, 0x34, 0x45, 0x45, 0x15, 0x25, 0x1C, 0x10, 0x10,
	0x1C, 0x25, 0x15, 0x45, 0x19, 0x21, 0x2C, 0x2C, 0x21, 0x1D, 0x2B, 0x03,
	0x8F, 0x23, 0x3C, 0x4F, 0x2C, 0x2F, 0x52, 0x3C, 0x23, 0x25, 0x18, 0x1A,
	0x2F, 0x23, 0x15, 0xE6, 0x33, 0x54, 0x3D, 0x22, 0x88, 0x10, 0x1C, 0x25,
	0x15, 0x15, 0x25, 0x1C, 0x10, 0x89, 0x2D, 0x20, 0x20, 0x2C, 0x26, 0x1D,
	0xFD, 0xCD, 0x02, 0x33, 0x2A, 0x4B, 0x37, 0x20, 0x1D, 0x36, 0x4B, 0x2E,
	0x2C, 0x3F, 0x1B, 0x0F, 0x28, 0x31, 0x3C, 0x00, 0x00, 0x03, 0x00, 0x28,
	0xFF, 0xEF, 0x02, 0x9A, 0x02, 0xFF, 0x00, 0x03, 0x00, 0x17, 0x00, 0x32,
	0x00, 0x42, 0xB0, 0x09, 0x1C, 0x4B, 0x76, 0x2A, 0xA8, 0x25, 0x19, 0x2E,
	0xB1, 0x40, 0x12, 0x13, 0x09, 0x19, 0x13, 0x09, 0x2D, 0x1E, 0x02, 0x1E,
	0x13, 0x32, 0x12, 0x2F, 0x28, 0x2F, 0x28, 0x01, 0x02, 0xB8, 0xFF, 0xF0,
	0xB6, 0x02, 0x02, 0x03, 0x00, 0x10, 0x00, 0x04, 0x00, 0x3F, 0x38, 0xCD,
	0x32, 0x2F, 0x38, 0xCD, 0x33, 0x33, 0x2F, 0x2F, 0x3F, 0x3F, 0x11, 0x12,
	0x39, 0x39, 0x39, 0x32, 0x2F, 0x2F, 0x31, 0x30, 0x01, 0x17, 0x15, 0x27,
	0x01, 0x34, 0x2E, 0x02, 0x23, 0x22, 0x0E, 0x02, 0x15, 0x14, 0x1E, 0x02,
	0x33, 0x32, 0x3E, 0x02, 0x15, 0x23, 0x0E, 0x03, 0x23, 0x22, 0x2E, 0x02,
	0x35, 0x34, 0x3E, 0x02, 0x33, 0x32, 0x1E, 0x02, 0x17, 0x33, 0x35, 0x33,
	0x11, 0x23, 0x01, 0x06, 0xAB, 0xAB, 0x01, 0x09, 0x1A, 0x2E, 0x3E, 0x24,
	0x23, 0x3E, 0x2E, 0x1B, 0x1B, 0x2E, 0x3E, 0x23, 0x24, 0x3E, 0x2E, 0x1A,
	0x02, 0x0F, 0x27, 0x30, 0x3A, 0x22, 0x3C, 0x6A, 0x4F, 0x2E, 0x2E, 0x4F,
	0x6A, 0x3C, 0x22, 0x3A, 0x30, 0x27, 0x0F, 0x02, 0x8B, 0x8B, 0x02, 0xFF,
	0x3B, 0x42, 0x2A, 0xFE, 0x76, 0x23, 0x3E, 0x2E, 0x1B, 0x1B, 0x2E, 0x3E,
	0x23, 0x23, 0x3F, 0x2E, 0x1B, 0x1B, 0x2E, 0x3F, 0xAA, 0x14, 0x25, 0x1C,
	0x11, 0x2E, 0x53, 0x70, 0x42, 0x42, 0x70, 0x52, 0x2E, 0x10, 0x1C, 0x25,
	0x14, 0x54, 0xFD, 0xBD, 0x00, 0x03, 0x00, 0x28, 0xFF, 0xEF, 0x02, 0x9A,
	0x02, 0xFF, 0x00, 0x03, 0x00, 0x17, 0x00, 0x32, 0x00, 0x44, 0xB0, 0x09,
	0x1C, 0x4B, 0x76, 0x2A, 0xA8, 0x25, 0x19, 0x2E, 0xB1, 0x40, 0x12, 0x13,
	0x09, 0x19, 0x13, 0x09, 0x01, 0x2D, 0x1E, 0x00, 0x1E, 0x13, 0x32, 0x12,
	0x2F, 0x28, 0x28, 0x02, 0x01, 0xB8, 0xFF, 0xF0, 0xB7, 0x01, 0x01, 0x2F,
	0x00, 0x03, 0x10, 0x03, 0x04, 0x00, 0x3F, 0x38, 0xCD, 0x32, 0x32, 0x2F,
	0x38, 0xCD, 0x33, 0x2F, 0x2F, 0x3F, 0x3F, 0x11, 0x12, 0x39, 0x11, 0x39,
	0x39, 0x32, 0x2F, 0x2F, 0x31, 0x30, 0x01, 0x07, 0x35, 0x37, 0x13, 0x34,
	0x2E, 0x02, 0x23, 0x22, 0x0E, 0x02, 0x15, 0x14, 0x1E, 0x02, 0x33, 0x32,
	0x3E, 0x02, 0x15, 0x23, 0x0E, 0x03, 0x23, 0x22, 0x2E, 0x02, 0x35, 0x34,
	0x3E, 0x02, 0x33, 0x32, 0x1E, 0x02, 0x17, 0x33, 0x35, 0x33, 0x11, 0x23,
	0x01, 0xB1, 0xAB, 0xAB, 0x5E, 0x1A, 0x2E, 0x3E, 0x24, 0x23, 0x3E, 0x2E,
	0x1B, 0x1B, 0x2E, 0x3E, 0x23, 0x24, 0x3E, 0x2E, 0x1A, 0x02, 0x0F, 0x27,
	0x30, 0x3A, 0x22, 0x3C, 0x6A, 0x4F, 0x2E, 0x2E, 0x4F, 0x6A, 0x3C, 0x22,
	0x3A, 0x30, 0x27, 0x0F, 0x02, 0x8B, 0x8B, 0x02, 0xAC, 0x2A, 0x42, 0x3B,
	0xFE, 0x23, 0x23, 0x3E, 0x2E, 0x1B, 0x1B, 0x2E, 0x3E, 0x23, 0x23, 0x3F,
	0x2E, 0x1B, 0x1B, 0x2E, 0x3F, 0xAA, 0x14, 0x25, 0x1C, 0x11, 0x2E, 0x53,
	0x70, 0x42, 0x42, 0x70, 0x52, 0x2E, 0x10, 0x1C, 0x25, 0x14, 0x54, 0xFD,
	0xBD, 0x00, 0x00, 0x00, 0x00, 0x03, 0x00, 0x28, 0xFF, 0xEF, 0x02, 0x9A,
	0x03, 0x0C, 0x00, 0x07, 0x00, 0x1B, 0x00, 0x36, 0x00, 0x38, 0xB0, 0x09,
	0x1C, 0x4B, 0x76, 0x2A, 0xA8, 0x25, 0x19, 0x2E, 0xB1, 0x40, 0x15, 0x17,
	0x0D, 0x1D, 0x17, 0x0D, 0x31, 0x22, 0x04, 0x22, 0x13, 0x36, 0x12, 0x33,
	0x2C, 0x02, 0x06, 0x33, 0x2C, 0x06, 0x04, 0x07, 0x00, 0x2F, 0xCD, 0x32,
	0x32, 0x32, 0x2F, 0x33, 0x2F, 0x2F, 0x3F, 0x3F, 0x11, 0x12, 0x39, 0x39,
	0x32, 0x32, 0x2F, 0x2F, 0x31, 0x30, 0x01, 0x17, 0x23, 0x27, 0x23, 0x07,
	0x23, 0x37, 0x13, 0x34, 0x2E, 0x02, 0x23, 0x22, 0x0E, 0x02, 0x15, 0x14,
	0x1E, 0x02, 0x33, 0x32, 0x3E, 0x02, 0x15, 0x23, 0x0E, 0x03, 0x23, 0x22,
	0x2E, 0x02, 0x35, 0x34, 0x3E, 0x02, 0x33, 0x32, 0x1E, 0x02, 0x17, 0x33,
	0x35, 0x33, 0x11, 0x23, 0x01, 0x70, 0x50, 0x4D, 0x1D, 0x03, 0x1E, 0x4D,
	0x50, 0xD7, 0x1A, 0x2E, 0x3E, 0x24, 0x23, 0x3E, 0x2E, 0x1B, 0x1B, 0x2E,
	0x3E, 0x23, 0x24, 0x3E, 0x2E, 0x1A, 0x02, 0x0F, 0x27, 0x30, 0x3A, 0x22,
	0x3C, 0x6A, 0x4F, 0x2E, 0x2E, 0x4F, 0x6A, 0x3C, 0x22, 0x3A, 0x30, 0x27,
	0x0F, 0x02, 0x8B, 0x8B, 0x03, 0x0C, 0x64, 0x25, 0x25, 0x64, 0xFE, 0x16,
	0x23, 0x3E, 0x2E, 0x1B, 0x1B, 0x2E, 0x3E, 0x23, 0x23, 0x3F, 0x2E, 0x1B,
	0x1B, 0x2E, 0x3F, 0xAA, 0x14, 0x25, 0x1C, 0x11, 0x2E, 0x53, 0x70, 0x42,
	0x42, 0x70, 0x52, 0x2E, 0x10, 0x1C, 0x25, 0x14, 0x54, 0xFD, 0xBD, 0x00,
	0x00, 0x03, 0x00, 0x28, 0xFF, 0xEF, 0x02, 0x9A, 0x02, 0xFF, 0x00, 0x15,
	0x00, 0x29, 0x00, 0x44, 0x00, 0x41, 0xB0, 0x09, 0x1C, 0x4B, 0x76, 0x2A,
	0xA8, 0x25, 0x19, 0x2E, 0xB1, 0x40, 0x1A, 0x25, 0x1B, 0x2B, 0x25, 0x1B,
	0x3F, 0x30, 0x03, 0x30, 0x13, 0x44, 0x12, 0x41, 0x3A, 0x0B, 0x15, 0x41,
	0x3A, 0x0B, 0x03, 0x13, 0x13, 0x15, 0x08, 0x0E, 0x04, 0x00, 0x3F, 0xCD,
	0x39, 0x39, 0x2F, 0xCD, 0x39, 0x32, 0x32, 0x2F, 0x2F, 0x2F, 0x2F, 0x3F,
	0x3F, 0x11, 0x12, 0x39, 0x39, 0x39, 0x32, 0x2F, 0x2F, 0x31, 0x30, 0x01,
	0x14, 0x06, 0x23, 0x22, 0x26, 0x27, 0x26, 0x23, 0x22, 0x15, 0x23, 0x34,
	0x36, 0x33, 0x32, 0x16, 0x17, 0x16, 0x33, 0x32, 0x35, 0x13, 0x34, 0x2E,
	0x02, 0x23, 0x22, 0x0E, 0x02, 0x15, 0x14, 0x1E, 0x02, 0x33, 0x32, 0x3E,
	0x02, 0x15, 0x23, 0x0E, 0x03, 0x23, 0x22, 0x2E, 0x02, 0x35, 0x34, 0x3E,
	0x02, 0x33, 0x32, 0x1E, 0x02, 0x17, 0x33, 0x35, 0x33, 0x11, 0x23, 0x01,
	0xCA, 0x2A, 0x1F, 0x15, 0x22, 0x0A, 0x04, 0x0C, 0x13, 0x36, 0x2A, 0x1F,
	0x15, 0x22, 0x08, 0x06, 0x0C, 0x13, 0x7B, 0x1A, 0x2E, 0x3E, 0x24, 0x23,
	0x3E, 0x2E, 0x1B, 0x1B, 0x2E, 0x3E, 0x23, 0x24, 0x3E, 0x2E, 0x1A, 0x02,
	0x0F, 0x27, 0x30, 0x3A, 0x22, 0x3C, 0x6A, 0x4F, 0x2E, 0x2E, 0x4F, 0x6A,
	0x3C, 0x22, 0x3A, 0x30, 0x27, 0x0F, 0x02, 0x8B, 0x8B, 0x02, 0xE1, 0x1E,
	0x2C, 0x15, 0x11, 0x0B, 0x13, 0x1E, 0x2C, 0x16, 0x11, 0x0A, 0x13, 0xFE,
	0x41, 0x23, 0x3E, 0x2E, 0x1B, 0x1B, 0x2E, 0x3E, 0x23, 0x23, 0x3F, 0x2E,
	0x1B, 0x1B, 0x2E, 0x3F, 0xAA, 0x14, 0x25, 0x1C, 0x11, 0x2E, 0x53, 0x70,
	0x42, 0x42, 0x70, 0x52, 0x2E, 0x10, 0x1C, 0x25, 0x14, 0x54, 0xFD, 0xBD,
	0x00, 0x04, 0x00, 0x28, 0xFF, 0xEF, 0x02, 0x9A, 0x02, 0xFF, 0x00, 0x0B,
	0x00, 0x17, 0x00, 0x2B, 0x00, 0x46, 0x00, 0x3A, 0xB0, 0x09, 0x1C, 0x4B,
	0x76, 0x2A, 0xA8, 0x25, 0x19, 0x2E, 0xB1, 0x40, 0x17, 0x27, 0x1D, 0x2D,
	0x27, 0x41, 0x0F, 0x1D, 0x32, 0x03, 0x32, 0x13, 0x46, 0x12, 0x43, 0x3C,
	0x43, 0x0F, 0x15, 0x04, 0x3C, 0x03, 0x09, 0x04, 0x00, 0x3F, 0xCD, 0x32,
	0x3F, 0xCD, 0x32, 0x2F, 0x2F, 0x3F, 0x3F, 0x11, 0x12, 0x39, 0x11, 0x39,
	0x32, 0x32, 0x2F, 0x2F, 0x31, 0x30, 0x01, 0x14, 0x06, 0x23, 0x22, 0x26,
	0x35, 0x34, 0x36, 0x33, 0x32, 0x16, 0x17, 0x14, 0x06, 0x23, 0x22, 0x26,
	0x35, 0x34, 0x36, 0x33, 0x32, 0x16, 0x13, 0x34, 0x2E, 0x02, 0x23, 0x22,
	0x0E, 0x02, 0x15, 0x14, 0x1E, 0x02, 0x33, 0x32, 0x3E, 0x02, 0x15, 0x23,
	0x0E, 0x03, 0x23, 0x22, 0x2E, 0x02, 0x35, 0x34, 0x3E, 0x02, 0x33, 0x32,
	0x1E, 0x02, 0x17, 0x33, 0x35, 0x33, 0x11, 0x23, 0x01, 0x29, 0x1D, 0x15,
	0x16, 0x1E, 0x1E, 0x16, 0x15, 0x1D, 0xC7, 0x1E, 0x16, 0x15, 0x1D, 0x1D,
	0x15, 0x16, 0x1E, 0x1F, 0x1A, 0x2E, 0x3E, 0x24, 0x23, 0x3E, 0x2E, 0x1B,
	0x1B, 0x2E, 0x3E, 0x23, 0x24, 0x3E, 0x2E, 0x1A, 0x02, 0x0F, 0x27, 0x30,
	0x3A, 0x22, 0x3C, 0x6A, 0x4F, 0x2E, 0x2E, 0x4F, 0x6A, 0x3C, 0x22, 0x3A,
	0x30, 0x27, 0x0F, 0x02, 0x8B, 0x8B, 0x02, 0xCC, 0x15, 0x1E, 0x1E, 0x15,
	0x15, 0x1E, 0x1E, 0x15, 0x15, 0x1E, 0x1E, 0x15, 0x15, 0x1E, 0x1E, 0xFE,
	0x41, 0x23, 0x3E, 0x2E, 0x1B, 0x1B, 0x2E, 0x3E, 0x23, 0x23, 0x3F, 0x2E,
	0x1B, 0x1B, 0x2E, 0x3F, 0xAA, 0x14, 0x25, 0x1C, 0x11, 0x2E, 0x53, 0x70,
	0x42, 0x42, 0x70, 0x52, 0x2E, 0x10, 0x1C, 0x25, 0x14, 0x54, 0xFD, 0xBD,
	0x00, 0x04, 0x00, 0x28, 0xFF, 0xEF, 0x02, 0x9A, 0x03, 0x20, 0x00, 0x0B,
	0x00, 0x19, 0x00, 0x2D, 0x00, 0x48, 0x00, 0x3C, 0xB0, 0x09, 0x1C, 0x4B,
	0x76, 0x2A, 0xA8, 0x25, 0x19, 0x2E, 0xB1, 0x40, 0x17, 0x29, 0x1F, 0x2F,
	0x29, 0x1F, 0x43, 0x34, 0x11, 0x45, 0x3E, 0x45, 0x3E, 0x11, 0x09, 0x09,
	0x48, 0x17, 0x34, 0x13, 0x48, 0x12, 0x03, 0x17, 0x00, 0x2F, 0xCD, 0x3F,
	0x3F, 0x11, 0x12, 0x39, 0x2F, 0xCD, 0x32, 0x32, 0x2F, 0x2F, 0x11, 0x12,
	0x39, 0x39, 0x39, 0x32, 0x2F, 0x2F, 0x31, 0x30, 0x01, 0x34, 0x26, 0x23,
	0x22, 0x06, 0x15, 0x14, 0x16, 0x33, 0x32, 0x36, 0x37, 0x14, 0x0E, 0x02,
	0x23, 0x22, 0x26, 0x35, 0x34, 0x36, 0x33, 0x32, 0x16, 0x13, 0x34, 0x2E,
	0x02, 0x23, 0x22, 0x0E, 0x02, 0x15, 0x14, 0x1E, 0x02, 0x33, 0x32, 0x3E,
	0x02, 0x15, 0x23, 0x0E, 0x03, 0x23, 0x22, 0x2E, 0x02, 0x35, 0x34, 0x3E,
	0x02, 0x33, 0x32, 0x1E, 0x02, 0x17, 0x33, 0x35, 0x33, 0x11, 0x23, 0x01,
	0x76, 0x0F, 0x0B, 0x0C, 0x10, 0x10, 0x0C, 0x0B, 0x0F, 0x2F, 0x0C, 0x14,
	0x1A, 0x0F, 0x1F, 0x2C, 0x2C, 0x1F, 0x1D, 0x2C, 0x6A, 0x1A, 0x2E, 0x3E,
	0x24, 0x23, 0x3E, 0x2E, 0x1B, 0x1B, 0x2E, 0x3E, 0x23, 0x24, 0x3E, 0x2E,
	0x1A, 0x02, 0x0F, 0x27, 0x30, 0x3A, 0x22, 0x3C, 0x6A, 0x4F, 0x2E, 0x2E,
	0x4F, 0x6A, 0x3C, 0x22, 0x3A, 0x30, 0x27, 0x0F, 0x02, 0x8B, 0x8B, 0x02,
	0xD7, 0x0B, 0x0F, 0x0F, 0x0B, 0x0C, 0x10, 0x10, 0x0C, 0x0F, 0x1C, 0x14,
	0x0C, 0x2C, 0x1F, 0x1E, 0x2B, 0x2B, 0xFE, 0x2D, 0x23, 0x3E, 0x2E, 0x1B,
	0x1B, 0x2E, 0x3E, 0x23, 0x23, 0x3F, 0x2E, 0x1B, 0x1B, 0x2E, 0x3F, 0xAA,
	0x14, 0x25, 0x1C, 0x11, 0x2E, 0x53, 0x70, 0x42, 0x42, 0x70, 0x52, 0x2E,
	0x10, 0x1C, 0x25, 0x14, 0x54, 0xFD, 0xBD, 0x00, 0x00, 0x03, 0x00, 0x28,
	0xFF, 0xEF, 0x04, 0x9C, 0x02, 0x54, 0x00, 0x34, 0x00, 0x48, 0x00, 0x4F,
	0x00, 0x56, 0xB0, 0x09, 0x1C, 0x4B, 0x76, 0x2A, 0xA8, 0x25, 0x19, 0x2E,
	0xB1, 0x40, 0x1F, 0x07, 0x44, 0x0A, 0x3A, 0x4C, 0x2A, 0x30, 0x18, 0x07,
	0x0A, 0x04, 0x44, 0x3A, 0x10, 0x4C, 0x28, 0x4F, 0x2A, 0x30, 0x25, 0x10,
	0x13, 0x1B, 0x13, 0x16, 0x12, 0x25, 0x25, 0x14, 0x10, 0x2C, 0xB8, 0xFF,
	0xF0, 0xB3, 0x14, 0x2C, 0x04, 0x4F, 0x00, 0x2F, 0xCD, 0x33, 0x32, 0x38,
	0x38, 0x32, 0x2F, 0x3F, 0x3F, 0x3F, 0x11, 0x33, 0x33, 0x12, 0x39, 0x39,
	0x12, 0x39, 0x39, 0x11, 0x39, 0x39, 0x39, 0x2F, 0x2F, 0x2F, 0x2F, 0x2F,
	0x2F, 0x2F, 0x31, 0x30, 0x01, 0x14, 0x06, 0x07, 0x21, 0x1E, 0x01, 0x33,
	0x32, 0x36, 0x37, 0x33, 0x0E, 0x03, 0x23, 0x22, 0x26, 0x27, 0x23, 0x15,
	0x23, 0x35, 0x23, 0x0E, 0x01, 0x23, 0x22, 0x2E, 0x02, 0x35, 0x34, 0x3E,
	0x02, 0x33, 0x32, 0x16, 0x17, 0x33, 0x35, 0x33, 0x15, 0x33, 0x3E, 0x01,
	0x33, 0x32, 0x1E, 0x02, 0x05, 0x34, 0x2E, 0x02, 0x23, 0x22, 0x0E, 0x02,
	0x15, 0x14, 0x1E, 0x02, 0x33, 0x32, 0x3E, 0x02, 0x25, 0x2E, 0x01, 0x23,
	0x22, 0x06, 0x07, 0x04, 0x9C, 0x04, 0x04, 0xFE, 0x31, 0x13, 0x54, 0x37,
	0x27, 0x42, 0x19, 0x9A, 0x0F, 0x39, 0x4A, 0x5A, 0x30, 0x45, 0x6B, 0x20,
	0x02, 0x82, 0x02, 0x1E, 0x63, 0x41, 0x3C, 0x6A, 0x4F, 0x2E, 0x2E, 0x4F,
	0x6A, 0x3C, 0x41, 0x63, 0x1E, 0x02, 0x82, 0x02, 0x20, 0x6A, 0x48, 0x40,
	0x71, 0x55, 0x31, 0xFD, 0x73, 0x1A, 0x2E, 0x3E, 0x24, 0x23, 0x3E, 0x2E,
	0x1B, 0x1B, 0x2E, 0x3E, 0x23, 0x24, 0x3E, 0x2E, 0x1A, 0x01, 0xF5, 0x12,
	0x56, 0x37, 0x36, 0x56, 0x12, 0x01, 0x22, 0x11, 0x1F, 0x11, 0x30, 0x3D,
	0x1F, 0x1B, 0x2C, 0x47, 0x31, 0x1B, 0x38, 0x29, 0x50, 0x50, 0x29, 0x38,
	0x2E, 0x53, 0x70, 0x42, 0x42, 0x70, 0x52, 0x2E, 0x37, 0x29, 0x4F, 0x4F,
	0x28, 0x38, 0x30, 0x52, 0x70, 0x40, 0x23, 0x3E, 0x2E, 0x1B, 0x1B, 0x2E,
	0x3E, 0x23, 0x23, 0x3F, 0x2E, 0x1B, 0x1B, 0x2E, 0x3F, 0x5D, 0x35, 0x3E,
	0x3E, 0x35, 0x00, 0x00, 0x00, 0x01, 0x00, 0x28, 0xFF, 0x40, 0x02, 0x94,
	0x02, 0x55, 0x00, 0x3B, 0x00, 0x3C, 0xB0, 0x09, 0x1C, 0x4B, 0x76, 0x2A,
	0xA8, 0x25, 0x19, 0x2E, 0xB1, 0x40, 0x0E, 0x28, 0x2B, 0x1B, 0x1E, 0x28,
	0x2B, 0x1B, 0x1E, 0x15, 0x3B, 0x00, 0x00, 0x32, 0x0A, 0xB8, 0xFF, 0xF0,
	0xB6, 0x0A, 0x09, 0x31, 0x13, 0x0B, 0x13, 0x15, 0x00, 0x2F, 0x3F, 0x3F,
	0x2F, 0xCD, 0x38, 0x32, 0x33, 0x2F, 0x33, 0x11, 0x39, 0x39, 0x39, 0x39,
	0x2F, 0x2F, 0x2F, 0x2F, 0x31, 0x30, 0x05, 0x1E, 0x01, 0x37, 0x3E, 0x01,
	0x27, 0x2E, 0x01, 0x07, 0x27, 0x37, 0x2E, 0x03, 0x35, 0x34, 0x3E, 0x02,
	0x33, 0x32, 0x1E, 0x02, 0x17, 0x23, 0x2E, 0x01, 0x23, 0x22, 0x0E, 0x02,
	0x15, 0x14, 0x1E, 0x02, 0x33, 0x32, 0x36, 0x37, 0x33, 0x0E, 0x03, 0x0F,
	0x01, 0x1E, 0x01, 0x17, 0x16, 0x06, 0x07, 0x06, 0x26, 0x27, 0x01, 0x4C,
	0x06, 0x18, 0x0B, 0x0B, 0x06, 0x07, 0x06, 0x17, 0x0B, 0x13, 0x0C, 0x3F,
	0x6C, 0x4F, 0x2E, 0x31, 0x56, 0x74, 0x42, 0x3B, 0x66, 0x4E, 0x35, 0x0B,
	0x91, 0x13, 0x54, 0x37, 0x23, 0x3E, 0x2E, 0x1B, 0x1B, 0x2E, 0x3E, 0x23,
	0x37, 0x54, 0x13, 0x91, 0x0A, 0x32, 0x4A, 0x60, 0x38, 0x0A, 0x10, 0x1B,
	0x09, 0x0D, 0x0E, 0x18, 0x18, 0x36, 0x0E, 0x88, 0x0B, 0x06, 0x06, 0x07,
	0x17, 0x0B, 0x0B, 0x06, 0x06, 0x20, 0x2F, 0x03, 0x31, 0x52, 0x6D, 0x3F,
	0x42, 0x70, 0x53, 0x2E, 0x22, 0x3E, 0x58, 0x36, 0x2F, 0x39, 0x1C, 0x2F,
	0x3F, 0x23, 0x23, 0x3F, 0x2F, 0x1C, 0x39, 0x2F, 0x35, 0x55, 0x3E, 0x23,
	0x03, 0x25, 0x02, 0x12, 0x0E, 0x17, 0x36, 0x0D, 0x0E, 0x0E, 0x18, 0x00,
	0x00, 0x03, 0x00, 0x28, 0xFF, 0xEF, 0x02, 0x9B, 0x02, 0xFF, 0x00, 0x1E,
	0x00, 0x25, 0x00, 0x29, 0x00, 0x49, 0xB0, 0x09, 0x1C, 0x4B, 0x76, 0x2A,
	0xA8, 0x25, 0x19, 0x2E, 0xB1, 0x40, 0x15, 0x07, 0x0A, 0x07, 0x0A, 0x10,
	0x04, 0x22, 0x22, 0x25, 0x28, 0x04, 0x25, 0x25, 0x10, 0x26, 0x10, 0x13,
	0x1A, 0x1A, 0x27, 0x28, 0xB8, 0xFF, 0xF0, 0xB6, 0x28, 0x28, 0x29, 0x26,
	0x10, 0x26, 0x04, 0x00, 0x3F, 0x38, 0xCD, 0x32, 0x2F, 0x38, 0xCD, 0x33,
	0x2F, 0x3F, 0x11, 0x12, 0x39, 0x2F, 0xCD, 0x11, 0x12, 0x39, 0x2F, 0x11,
	0x12, 0x39, 0x39, 0x2F, 0x2F, 0x31, 0x30, 0x01, 0x14, 0x06, 0x07, 0x21,
	0x1E, 0x01, 0x33, 0x32, 0x36, 0x37, 0x33, 0x0E, 0x03, 0x23, 0x22, 0x2E,
	0x02, 0x35, 0x34, 0x3E, 0x02, 0x33, 0x32, 0x1E, 0x02, 0x07, 0x2E, 0x01,
	0x23, 0x22, 0x06, 0x07, 0x13, 0x17, 0x15, 0x27, 0x02, 0x9B, 0x04, 0x04,
	0xFE, 0x31, 0x13, 0x54, 0x37, 0x27, 0x42, 0x19, 0x9A, 0x0F, 0x39, 0x4A,
	0x5A, 0x30, 0x3D, 0x72, 0x57, 0x34, 0x32, 0x56, 0x73, 0x41, 0x40, 0x71,
	0x55, 0x31, 0x98, 0x12, 0x56, 0x37, 0x36, 0x56, 0x12, 0x46, 0xAB, 0xAB,
	0x01, 0x22, 0x11, 0x1F, 0x11, 0x30, 0x3D, 0x1F, 0x1B, 0x2C, 0x47, 0x31,
	0x1B, 0x30, 0x53, 0x70, 0x40, 0x42, 0x70, 0x52, 0x2E, 0x30, 0x52, 0x70,
	0x06, 0x35, 0x3E, 0x3E, 0x35, 0x01, 0xA3, 0x3B, 0x42, 0x2A, 0x00, 0x00,
	0x00, 0x03, 0x00, 0x28, 0xFF, 0xEF, 0x02, 0x9B, 0x02, 0xFF, 0x00, 0x03,
	0x00, 0x22, 0x00, 0x29, 0x00, 0x49, 0xB0, 0x09, 0x1C, 0x4B, 0x76, 0x2A,
	0xA8, 0x25, 0x19, 0x2E, 0xB1, 0x40, 0x15, 0x0B, 0x0E, 0x0B, 0x0E, 0x14,
	0x08, 0x26, 0x26, 0x29, 0x01, 0x08, 0x29, 0x29, 0x14, 0x03, 0x14, 0x13,
	0x1E, 0x1E, 0x02, 0x01, 0xB8, 0xFF, 0xF0, 0xB6, 0x01, 0x01, 0x00, 0x03,
	0x10, 0x03, 0x04, 0x00, 0x3F, 0x38, 0xCD, 0x32, 0x2F, 0x38, 0xCD, 0x33,
	0x2F, 0x3F, 0x11, 0x12, 0x39, 0x2F, 0xCD, 0x11, 0x12, 0x39, 0x2F, 0x11,
	0x12, 0x39, 0x39, 0x2F, 0x2F, 0x31, 0x30, 0x01, 0x07, 0x35, 0x37, 0x13,
	0x14, 0x06, 0x07, 0x21, 0x1E, 0x01, 0x33, 0x32, 0x36, 0x37, 0x33, 0x0E,
	0x03, 0x23, 0x22, 0x2E, 0x02, 0x35, 0x34, 0x3E, 0x02, 0x33, 0x32, 0x1E,
	0x02, 0x07, 0x2E, 0x01, 0x23, 0x22, 0x06, 0x07, 0x01, 0xB7, 0xAB, 0xAB,
	0xE4, 0x04, 0x04, 0xFE, 0x31, 0x13, 0x54, 0x37, 0x27, 0x42, 0x19, 0x9A,
	0x0F, 0x39, 0x4A, 0x5A, 0x30, 0x3D, 0x72, 0x57, 0x34, 0x32, 0x56, 0x73,
	0x41, 0x40, 0x71, 0x55, 0x31, 0x98, 0x12, 0x56, 0x37, 0x36, 0x56, 0x12,
	0x02, 0xAC, 0x2A, 0x42, 0x3B, 0xFE, 0x23, 0x11, 0x1F, 0x11, 0x30, 0x3D,
	0x1F, 0x1B, 0x2C, 0x47, 0x31, 0x1B, 0x30, 0x53, 0x70, 0x40, 0x42, 0x70,
	0x52, 0x2E, 0x30, 0x52, 0x70, 0x06, 0x35, 0x3E, 0x3E, 0x35, 0x00, 0x00,
	0x00, 0x03, 0x00, 0x28, 0xFF, 0xEF, 0x02, 0x9B, 0x03, 0x0C, 0x00, 0x07,
	0x00, 0x26, 0x00, 0x2D, 0x00, 0x3F, 0xB0, 0x09, 0x1C, 0x4B, 0x76, 0x2A,
	0xA8, 0x25, 0x19, 0x2E, 0xB1, 0x40, 0x18, 0x0F, 0x12, 0x0F, 0x12, 0x18,
	0x0C, 0x2A, 0x22, 0x2A, 0x22, 0x2D, 0x04, 0x0C, 0x2D, 0x2D, 0x18, 0x07,
	0x18, 0x13, 0x02, 0x06, 0x06, 0x04, 0x07, 0x00, 0x2F, 0xCD, 0x32, 0x2F,
	0x33, 0x3F, 0x11, 0x12, 0x39, 0x2F, 0xCD, 0x11, 0x12, 0x39, 0x39, 0x2F,
	0x2F, 0x11, 0x12, 0x39, 0x39, 0x2F, 0x2F, 0x31, 0x30, 0x01, 0x17, 0x23,
	0x27, 0x23, 0x07, 0x23, 0x37, 0x01, 0x14, 0x06, 0x07, 0x21, 0x1E, 0x01,
	0x33, 0x32, 0x36, 0x37, 0x33, 0x0E, 0x03, 0x23, 0x22, 0x2E, 0x02, 0x35,
	0x34, 0x3E, 0x02, 0x33, 0x32, 0x1E, 0x02, 0x07, 0x2E, 0x01, 0x23, 0x22,
	0x06, 0x07, 0x01, 0x7F, 0x50, 0x4D, 0x1D, 0x03, 0x1E, 0x4D, 0x50, 0x01,
	0x54, 0x04, 0x04, 0xFE, 0x31, 0x13, 0x54, 0x37, 0x27, 0x42, 0x19, 0x9A,
	0x0F, 0x39, 0x4A, 0x5A, 0x30, 0x3D, 0x72, 0x57, 0x34, 0x32, 0x56, 0x73,
	0x41, 0x40, 0x71, 0x55, 0x31, 0x98, 0x12, 0x56, 0x37, 0x36, 0x56, 0x12,
	0x03, 0x0C, 0x64, 0x25, 0x25, 0x64, 0xFE, 0x16, 0x11, 0x1F, 0x11, 0x30,
	0x3D, 0x1F, 0x1B, 0x2C, 0x47, 0x31, 0x1B, 0x30, 0x53, 0x70, 0x40, 0x42,
	0x70, 0x52, 0x2E, 0x30, 0x52, 0x70, 0x06, 0x35, 0x3E, 0x3E, 0x35, 0x00,
	0x00, 0x04, 0x00, 0x28, 0xFF, 0xEF, 0x02, 0x9B, 0x02, 0xFF, 0x00, 0x0B,
	0x00, 0x17, 0x00, 0x36, 0x00, 0x3D, 0x00, 0x3F, 0xB0, 0x09, 0x1C, 0x4B,
	0x76, 0x2A, 0xA8, 0x25, 0x19, 0x2E, 0xB1, 0x40, 0x19, 0x1F, 0x22, 0x1F,
	0x22, 0x28, 0x1C, 0x3A, 0x32, 0x3A, 0x32, 0x3D, 0x03, 0x1C, 0x3D, 0x3D,
	0x28, 0x09, 0x28, 0x13, 0x0F, 0x15, 0x04, 0x03, 0x09, 0x04, 0x00, 0x3F,
	0xCD, 0x3F, 0xCD, 0x3F, 0x11, 0x12, 0x39, 0x2F, 0xCD, 0x11, 0x12, 0x39,
	0x39, 0x2F, 0x2F, 0x11, 0x12, 0x39, 0x39, 0x2F, 0x2F, 0x31, 0x30, 0x01,
	0x14, 0x06, 0x23, 0x22, 0x26, 0x35, 0x34, 0x36, 0x33, 0x32, 0x16, 0x17,
	0x14, 0x06, 0x23, 0x22, 0x26, 0x35, 0x34, 0x36, 0x33, 0x32, 0x16, 0x13,
	0x14, 0x06, 0x07, 0x21, 0x1E, 0x01, 0x33, 0x32, 0x36, 0x37, 0x33, 0x0E,
	0x03, 0x23, 0x22, 0x2E, 0x02, 0x35, 0x34, 0x3E, 0x02, 0x33, 0x32, 0x1E,
	0x02, 0x07, 0x2E, 0x01, 0x23, 0x22, 0x06, 0x07, 0x01, 0x34, 0x1E, 0x14,
	0x16, 0x1E, 0x1E, 0x16, 0x14, 0x1E, 0xC7, 0x1E, 0x16, 0x15, 0x1E, 0x1E,
	0x15, 0x16, 0x1E, 0xA0, 0x04, 0x04, 0xFE, 0x31, 0x13, 0x54, 0x37, 0x27,
	0x42, 0x19, 0x9A, 0x0F, 0x39, 0x4A, 0x5A, 0x30, 0x3D, 0x72, 0x57, 0x34,
	0x32, 0x56, 0x73, 0x41, 0x40, 0x71, 0x55, 0x31, 0x98, 0x12, 0x56, 0x37,
	0x36, 0x56, 0x12, 0x02, 0xCC, 0x15, 0x1E, 0x1E, 0x15, 0x15, 0x1E, 0x1E,
	0x15, 0x15, 0x1E, 0x1E, 0x15, 0x15, 0x1E, 0x1E, 0xFE, 0x41, 0x11, 0x1F,
	0x11, 0x30, 0x3D, 0x1F, 0x1B, 0x2C, 0x47, 0x31, 0x1B, 0x30, 0x53, 0x70,
	0x40, 0x42, 0x70, 0x52, 0x2E, 0x30, 0x52, 0x70, 0x06, 0x35, 0x3E, 0x3E,
	0x35, 0x00, 0x00, 0x00, 0x00, 0x02, 0x00, 0x2B, 0x00, 0x00, 0x00, 0xD6,
	0x02, 0xFF, 0x00, 0x03, 0x00, 0x07, 0x00, 0x2A, 0xB0, 0x09, 0x1C, 0x4B,
	0x76, 0x2A, 0xA8, 0x25, 0x19, 0x2E, 0xB1, 0xB5, 0x03, 0x12, 0x00, 0x00,
	0x05, 0x06, 0xB8, 0xFF, 0xF0, 0xB6, 0x06, 0x06, 0x07, 0x04, 0x10, 0x04,
	0x04, 0x00, 0x3F, 0x38, 0xCD, 0x32, 0x2F, 0x38, 0xCD, 0x33, 0x2F, 0x3F,
	0x31, 0x30, 0x13, 0x33, 0x11, 0x23, 0x03, 0x17, 0x15, 0x27, 0x3C, 0x89,
	0x89, 0x11, 0xAB, 0xAB, 0x02, 0x43, 0xFD, 0xBD, 0x02, 0xFF, 0x3B, 0x42,
	0x2A, 0x00, 0x00, 0x00, 0x00, 0x02, 0x00, 0x2C, 0x00, 0x00, 0x00, 0xD6,
	0x02, 0xFF, 0x00, 0x03, 0x00, 0x07, 0x00, 0x2A, 0xB0, 0x09, 0x1C, 0x4B,
	0x76, 0x2A, 0xA8, 0x25, 0x19, 0x2E, 0xB1, 0xB5, 0x03, 0x12, 0x00, 0x00,
	0x06, 0x05, 0xB8, 0xFF, 0xF0, 0xB6, 0x05, 0x05, 0x04, 0x07, 0x10, 0x07,
	0x04, 0x00, 0x3F, 0x38, 0xCD, 0x32, 0x2F, 0x38, 0xCD, 0x33, 0x2F, 0x3F,
	0x31, 0x30, 0x13, 0x33, 0x11, 0x23, 0x13, 0x07, 0x35, 0x37, 0x3C, 0x8A,
	0x8A, 0x9A, 0xAA, 0xAA, 0x02, 0x43, 0xFD, 0xBD, 0x02, 0xAC, 0x2A, 0x42,
	0x3B, 0x00, 0x00, 0x00, 0x00, 0x02, 0x00, 0x14, 0x00, 0x00, 0x00, 0xEC,
	0x03, 0x0C, 0x00, 0x03, 0x00, 0x0B, 0x00, 0x21, 0xB0, 0x09, 0x1C, 0x4B,
	0x76, 0x2A, 0xA8, 0x25, 0x19, 0x2E, 0xB1, 0x40, 0x09, 0x03, 0x12, 0x00,
	0x06, 0x0A, 0x00, 0x0A, 0x08, 0x0B, 0x00, 0x2F, 0xCD, 0x32, 0x32, 0x2F,
	0x33, 0x2F, 0x3F, 0x31, 0x30, 0x13, 0x33, 0x11, 0x23, 0x13, 0x17, 0x23,
	0x27, 0x23, 0x07, 0x23, 0x37, 0x3C, 0x89, 0x89, 0x60, 0x50, 0x4D, 0x1D,
	0x03, 0x1E, 0x4D, 0x50, 0x02, 0x43, 0xFD, 0xBD, 0x03, 0x0C, 0x64, 0x25,
	0x25, 0x64, 0x00, 0x00, 0x00, 0x03, 0xFF, 0xF0, 0x00, 0x00, 0x01, 0x11,
	0x02, 0xFF, 0x00, 0x03, 0x00, 0x0F, 0x00, 0x1B, 0x00, 0x21, 0xB0, 0x09,
	0x1C, 0x4B, 0x76, 0x2A, 0xA8, 0x25, 0x19, 0x2E, 0xB1, 0x40, 0x0A, 0x03,
	0x12, 0x00, 0x13, 0x19, 0x04, 0x00, 0x07, 0x0D, 0x04, 0x00, 0x3F, 0xCD,
	0x32, 0x3F, 0xCD, 0x2F, 0x3F, 0x31, 0x30, 0x13, 0x33, 0x11, 0x23, 0x13,
	0x14, 0x06, 0x23, 0x22, 0x26, 0x35, 0x34, 0x36, 0x33, 0x32, 0x16, 0x17,
	0x14, 0x06, 0x23, 0x22, 0x26, 0x35, 0x34, 0x36, 0x33, 0x32, 0x16, 0x3C,
	0x89, 0x89, 0x1A, 0x1E, 0x14, 0x16, 0x1E, 0x1E, 0x16, 0x14, 0x1E, 0xBB,
	0x1E, 0x15, 0x15, 0x1E, 0x1E, 0x15, 0x15, 0x1E, 0x02, 0x43, 0xFD, 0xBD,
	0x02, 0xCC, 0x15, 0x1E, 0x1E, 0x15, 0x15, 0x1E, 0x1E, 0x15, 0x15, 0x1E,
	0x1E, 0x15, 0x15, 0x1E, 0x1E, 0x00, 0x00, 0x00, 0x00, 0x02, 0x00, 0x28,
	0xFF, 0xEF, 0x02, 0x7C, 0x02, 0xEE, 0x00, 0x23, 0x00, 0x37, 0x00, 0x55,
	0xB0, 0x09, 0x1C, 0x4B, 0x76, 0x2A, 0xA8, 0x25, 0x19, 0x2E, 0xB1, 0x40,
	0x14, 0x15, 0x18, 0x18, 0x12, 0x19, 0x1B, 0x1E, 0x1E, 0x19, 0x33, 0x33,
	0x05, 0x29, 0x12, 0x29, 0x0F, 0x0F, 0x05, 0x1C, 0x17, 0xB8, 0xFF, 0xF0,
	0x40, 0x0E, 0x17, 0x16, 0x16, 0x05, 0x1D, 0x05, 0x13, 0x19, 0x01, 0x1D,
	0x10, 0x1D, 0x1C, 0x01, 0x00, 0x3F, 0xCD, 0x38, 0x3F, 0x3F, 0x11, 0x12,
	0x39, 0x2F, 0xCD, 0x38, 0x11, 0x12, 0x39, 0x2F, 0xCD, 0x32, 0x11, 0x12,
	0x39, 0x2F, 0x11, 0x39, 0x11, 0x33, 0x11, 0x12, 0x39, 0x11, 0x33, 0x31,
	0x30, 0x01, 0x14, 0x0E, 0x02, 0x23, 0x22, 0x2E, 0x02, 0x27, 0x34, 0x3E,
	0x02, 0x33, 0x32, 0x16, 0x17, 0x33, 0x2F, 0x01, 0x07, 0x27, 0x37, 0x27,
	0x33, 0x17, 0x37, 0x17, 0x07, 0x17, 0x1E, 0x03, 0x07, 0x34, 0x2E, 0x02,
	0x23, 0x22, 0x0E, 0x02, 0x15, 0x14, 0x1E, 0x02, 0x33, 0x32, 0x3E, 0x02,
	0x02, 0x7C, 0x2F, 0x51, 0x6C, 0x3E, 0x3D, 0x6B, 0x51, 0x30, 0x01, 0x27,
	0x43, 0x5A, 0x34, 0x1C, 0x38, 0x17, 0x03, 0x12, 0x4C, 0x3B, 0x1B, 0x31,
	0x6F, 0xC1, 0x21, 0x34, 0x1C, 0x2A, 0x57, 0x12, 0x2D, 0x27, 0x1B, 0x88,
	0x19, 0x2C, 0x3B, 0x22, 0x21, 0x3B, 0x2C, 0x19, 0x19, 0x2C, 0x3B, 0x21,
	0x22, 0x3B, 0x2C, 0x19, 0x01, 0x19, 0x3E, 0x6C, 0x51, 0x2F, 0x2E, 0x50,
	0x6D, 0x3F, 0x34, 0x5D, 0x45, 0x28, 0x10, 0x0C, 0x13, 0x4C, 0x28, 0x2B,
	0x21, 0x70, 0x23, 0x22, 0x2B, 0x1B, 0x65, 0x15, 0x41, 0x4E, 0x58, 0x2D,
	0x21, 0x3B, 0x2C, 0x1A, 0x1A, 0x2C, 0x3B, 0x21, 0x21, 0x3C, 0x2C, 0x1A,
	0x1A, 0x2C, 0x3C, 0x00, 0x00, 0x02, 0x00, 0x3C, 0x00, 0x00, 0x02, 0x53,
	0x02, 0xFF, 0x00, 0x15, 0x00, 0x30, 0x00, 0x3D, 0xB0, 0x09, 0x1C, 0x4B,
	0x76, 0x2A, 0xA8, 0x25, 0x19, 0x2E, 0xB1, 0x40, 0x18, 0x2A, 0x2A, 0x03,
	0x19, 0x24, 0x08, 0x24, 0x12, 0x16, 0x12, 0x17, 0x1D, 0x0B, 0x15, 0x1D,
	0x0B, 0x03, 0x13, 0x13, 0x17, 0x15, 0x08, 0x0E, 0x04, 0x00, 0x3F, 0xCD,
	0x39, 0x32, 0x39, 0x2F, 0xCD, 0x39, 0x32, 0x2F, 0x2F, 0x2F, 0x2F, 0x3F,
	0x3F, 0x11, 0x12, 0x39, 0x11, 0x39, 0x2F, 0x31, 0x30, 0x01, 0x14, 0x06,
	0x23, 0x22, 0x26, 0x27, 0x26, 0x23, 0x22, 0x15, 0x23, 0x34, 0x36, 0x33,
	0x32, 0x16, 0x17, 0x16, 0x33, 0x32, 0x35, 0x01, 0x11, 0x33, 0x15, 0x33,
	0x3E, 0x01, 0x33, 0x32, 0x1E, 0x02, 0x15, 0x11, 0x23, 0x11, 0x34, 0x2E,
	0x02, 0x23, 0x22, 0x0E, 0x02, 0x15, 0x11, 0x01, 0xD0, 0x2A, 0x1F, 0x15,
	0x22, 0x0A, 0x04, 0x0C, 0x13, 0x36, 0x2A, 0x1F, 0x15, 0x22, 0x08, 0x06,
	0x0C, 0x13, 0xFE, 0xA2, 0x81, 0x02, 0x17, 0x5B, 0x42, 0x32, 0x52, 0x3B,
	0x21, 0x8C, 0x14, 0x23, 0x2E, 0x1A, 0x1B, 0x2E, 0x23, 0x14, 0x02, 0xE1,
	0x1E, 0x2C, 0x15, 0x11, 0x0B, 0x13, 0x1E, 0x2C, 0x16, 0x11, 0x0A, 0x13,
	0xFD, 0x1F, 0x02, 0x43, 0x53, 0x2A, 0x3A, 0x24, 0x41, 0x5B, 0x36, 0xFE,
	0xA2, 0x01, 0x4C, 0x1B, 0x2E, 0x23, 0x14, 0x14, 0x23, 0x2E, 0x1B, 0xFE,
	0xB4, 0x00, 0x00, 0x00, 0x00, 0x03, 0x00, 0x28, 0xFF, 0xEF, 0x02, 0xA1,
	0x02, 0xFF, 0x00, 0x03, 0x00, 0x17, 0x00, 0x2B, 0x00, 0x37, 0xB0, 0x09,
	0x1C, 0x4B, 0x76, 0x2A, 0xA8, 0x25, 0x19, 0x2E, 0xB1, 0x40, 0x0C, 0x13,
	0x09, 0x13, 0x09, 0x1D, 0x02, 0x1D, 0x13, 0x27, 0x27, 0x01, 0x02, 0xB8,
	0xFF, 0xF0, 0xB6, 0x02, 0x02, 0x03, 0x00, 0x10, 0x00, 0x04, 0x00, 0x3F,
	0x38, 0xCD, 0x32, 0x2F, 0x38, 0xCD, 0x33, 0x2F, 0x3F, 0x11, 0x12, 0x39,
	0x39, 0x2F, 0x2F, 0x31, 0x30, 0x01, 0x17, 0x15, 0x27, 0x01, 0x34, 0x2E,
	0x02, 0x23, 0x22, 0x0E, 0x02, 0x15, 0x14, 0x1E, 0x02, 0x33, 0x32, 0x3E,
	0x02, 0x37, 0x14, 0x0E, 0x02, 0x23, 0x22, 0x2E, 0x02, 0x35, 0x34, 0x3E,
	0x02, 0x33, 0x32, 0x1E, 0x02, 0x01, 0x10, 0xAB, 0xAB, 0x00, 0xFF, 0x1B,
	0x2E, 0x3E, 0x24, 0x23, 0x3D, 0x2E, 0x1B, 0x1B, 0x2E, 0x3D, 0x23, 0x24,
	0x3E, 0x2E, 0x1B, 0x92, 0x32, 0x55, 0x74, 0x42, 0x42, 0x73, 0x55, 0x32,
	0x32, 0x55, 0x73, 0x42, 0x42, 0x74, 0x55, 0x32, 0x02, 0xFF, 0x3B, 0x42,
	0x2A, 0xFE, 0x76, 0x23, 0x3E, 0x2E, 0x1B, 0x1B, 0x2E, 0x3E, 0x23, 0x23,
	0x3F, 0x2E, 0x1B, 0x1B, 0x2E, 0x3F, 0x23, 0x42, 0x70, 0x53, 0x2E, 0x2E,
	0x53, 0x70, 0x42, 0x42, 0x70, 0x52, 0x2E, 0x2E, 0x52, 0x70, 0x00, 0x00,
	0x00, 0x03, 0x00, 0x28, 0xFF, 0xEF, 0x02, 0xA1, 0x02, 0xFF, 0x00, 0x03,
	0x00, 0x17, 0x00, 0x2B, 0x00, 0x37, 0xB0, 0x09, 0x1C, 0x4B, 0x76, 0x2A,
	0xA8, 0x25, 0x19, 0x2E, 0xB1, 0x40, 0x0C, 0x13, 0x09, 0x13, 0x09, 0x1D,
	0x01, 0x1D, 0x13, 0x27, 0x27, 0x02, 0x01, 0xB8, 0xFF, 0xF0, 0xB6, 0x01,
	0x01, 0x00, 0x03, 0x10, 0x03, 0x04, 0x00, 0x3F, 0x38, 0xCD, 0x32, 0x2F,
	0x38, 0xCD, 0x33, 0x2F, 0x3F, 0x11, 0x12, 0x39, 0x39, 0x2F, 0x2F, 0x31,
	0x30, 0x01, 0x07, 0x35, 0x37, 0x13, 0x34, 0x2E, 0x02, 0x23, 0x22, 0x0E,
	0x02, 0x15, 0x14, 0x1E, 0x02, 0x33, 0x32, 0x3E, 0x02, 0x37, 0x14, 0x0E,
	0x02, 0x23, 0x22, 0x2E, 0x02, 0x35, 0x34, 0x3E, 0x02, 0x33, 0x32, 0x1E,
	0x02, 0x01, 0xBB, 0xAB, 0xAB, 0x54, 0x1B, 0x2E, 0x3E, 0x24, 0x23, 0x3D,
	0x2E, 0x1B, 0x1B, 0x2E, 0x3D, 0x23, 0x24, 0x3E, 0x2E, 0x1B, 0x92, 0x32,
	0x55, 0x74, 0x42, 0x42, 0x73, 0x55, 0x32, 0x32, 0x55, 0x73, 0x42, 0x42,
	0x74, 0x55, 0x32, 0x02, 0xAC, 0x2A, 0x42, 0x3B, 0xFE, 0x23, 0x23, 0x3E,
	0x2E, 0x1B, 0x1B, 0x2E, 0x3E, 0x23, 0x23, 0x3F, 0x2E, 0x1B, 0x1B, 0x2E,
	0x3F, 0x23, 0x42, 0x70, 0x53, 0x2E, 0x2E, 0x53, 0x70, 0x42, 0x42, 0x70,
	0x52, 0x2E, 0x2E, 0x52, 0x70, 0x00, 0x00, 0x00, 0x00, 0x03, 0x00, 0x28,
	0xFF, 0xEF, 0x02, 0xA1, 0x03, 0x0C, 0x00, 0x07, 0x00, 0x1B, 0x00, 0x2F,
	0x00, 0x2D, 0xB0, 0x09, 0x1C, 0x4B, 0x76, 0x2A, 0xA8, 0x25, 0x19, 0x2E,
	0xB1, 0x40, 0x0F, 0x17, 0x0D, 0x17, 0x0D, 0x21, 0x04, 0x21, 0x13, 0x2B,
	0x02, 0x06, 0x2B, 0x06, 0x04, 0x07, 0x00, 0x2F, 0xCD, 0x32, 0x32, 0x2F,
	0x33, 0x2F, 0x3F, 0x11, 0x12, 0x39, 0x32, 0x2F, 0x2F, 0x31, 0x30, 0x01,
	0x17, 0x23, 0x27, 0x23, 0x07, 0x23, 0x37, 0x13, 0x34, 0x2E, 0x02, 0x23,
	0x22, 0x0E, 0x02, 0x15, 0x14, 0x1E, 0x02, 0x33, 0x32, 0x3E, 0x02, 0x37,
	0x14, 0x0E, 0x02, 0x23, 0x22, 0x2E, 0x02, 0x35, 0x34, 0x3E, 0x02, 0x33,
	0x32, 0x1E, 0x02, 0x01, 0x7F, 0x50, 0x4D, 0x1D, 0x03, 0x1E, 0x4D, 0x50,
	0xC8, 0x1B, 0x2E, 0x3E, 0x24, 0x23, 0x3D, 0x2E, 0x1B, 0x1B, 0x2E, 0x3D,
	0x23, 0x24, 0x3E, 0x2E, 0x1B, 0x92, 0x32, 0x55, 0x74, 0x42, 0x42, 0x73,
	0x55, 0x32, 0x32, 0x55, 0x73, 0x42, 0x42, 0x74, 0x55, 0x32, 0x03, 0x0C,
	0x64, 0x25, 0x25, 0x64, 0xFE, 0x16, 0x23, 0x3E, 0x2E, 0x1B, 0x1B, 0x2E,
	0x3E, 0x23, 0x23, 0x3F, 0x2E, 0x1B, 0x1B, 0x2E, 0x3F, 0x23, 0x42, 0x70,
	0x53, 0x2E, 0x2E, 0x53, 0x70, 0x42, 0x42, 0x70, 0x52, 0x2E, 0x2E, 0x52,
	0x70, 0x00, 0x00, 0x00, 0x00, 0x03, 0x00, 0x28, 0xFF, 0xEF, 0x02, 0xA1,
	0x02, 0xFF, 0x00, 0x13, 0x00, 0x27, 0x00, 0x3D, 0x00, 0x36, 0xB0, 0x09,
	0x1C, 0x4B, 0x76, 0x2A, 0xA8, 0x25, 0x19, 0x2E, 0xB1, 0x40, 0x14, 0x0F,
	0x05, 0x0F, 0x05, 0x19, 0x2B, 0x19, 0x13, 0x23, 0x33, 0x3D, 0x23, 0x33,
	0x2B, 0x3B, 0x3B, 0x3D, 0x30, 0x36, 0x04, 0x00, 0x3F, 0xCD, 0x39, 0x39,
	0x2F, 0xCD, 0x39, 0x32, 0x2F, 0x2F, 0x2F, 0x3F, 0x11, 0x12, 0x39, 0x39,
	0x2F, 0x2F, 0x31, 0x30, 0x01, 0x34, 0x2E, 0x02, 0x23, 0x22, 0x0E, 0x02,
	0x15, 0x14, 0x1E, 0x02, 0x33, 0x32, 0x3E, 0x02, 0x37, 0x14, 0x0E, 0x02,
	0x23, 0x22, 0x2E, 0x02, 0x35, 0x34, 0x3E, 0x02, 0x33, 0x32, 0x1E, 0x02,
	0x03, 0x14, 0x06, 0x23, 0x22, 0x26, 0x27, 0x26, 0x23, 0x22, 0x15, 0x23,
	0x34, 0x36, 0x33, 0x32, 0x16, 0x17, 0x16, 0x33, 0x32, 0x35, 0x02, 0x0F,
	0x1B, 0x2E, 0x3E, 0x24, 0x23, 0x3D, 0x2E, 0x1B, 0x1B, 0x2E, 0x3D, 0x23,
	0x24, 0x3E, 0x2E, 0x1B, 0x92, 0x32, 0x55, 0x74, 0x42, 0x42, 0x73, 0x55,
	0x32, 0x32, 0x55, 0x73, 0x42, 0x42, 0x74, 0x55, 0x32, 0xCB, 0x2A, 0x1F,
	0x15, 0x22, 0x0A, 0x04, 0x0C, 0x13, 0x36, 0x2A, 0x1F, 0x15, 0x22, 0x08,
	0x06, 0x0C, 0x13, 0x01, 0x22, 0x23, 0x3E, 0x2E, 0x1B, 0x1B, 0x2E, 0x3E,
	0x23, 0x23, 0x3F, 0x2E, 0x1B, 0x1B, 0x2E, 0x3F, 0x23, 0x42, 0x70, 0x53,
	0x2E, 0x2E, 0x53, 0x70, 0x42, 0x42, 0x70, 0x52, 0x2E, 0x2E, 0x52, 0x70,
	0x01, 0x7D, 0x1E, 0x2C, 0x15, 0x11, 0x0B, 0x13, 0x1E, 0x2C, 0x16, 0x11,
	0x0A, 0x13, 0x00, 0x00, 0x00, 0x04, 0x00, 0x28, 0xFF, 0xEF, 0x02, 0xA1,
	0x02, 0xFF, 0x00, 0x0B, 0x00, 0x17, 0x00, 0x2B, 0x00, 0x3F, 0x00, 0x2D,
	0xB0, 0x09, 0x1C, 0x4B, 0x76, 0x2A, 0xA8, 0x25, 0x19, 0x2E, 0xB1, 0x40,
	0x10, 0x27, 0x1D, 0x27, 0x1D, 0x31, 0x03, 0x31, 0x13, 0x3B, 0x0F, 0x15,
	0x04, 0x3B, 0x03, 0x09, 0x04, 0x00, 0x3F, 0xCD, 0x32, 0x3F, 0xCD, 0x2F,
	0x3F, 0x11, 0x12, 0x39, 0x32, 0x2F, 0x2F, 0x31, 0x30, 0x01, 0x14, 0x06,
	0x23, 0x22, 0x26, 0x35, 0x34, 0x36, 0x33, 0x32, 0x16, 0x17, 0x14, 0x06,
	0x23, 0x22, 0x26, 0x35, 0x34, 0x36, 0x33, 0x32, 0x16, 0x13, 0x34, 0x2E,
	0x02, 0x23, 0x22, 0x0E, 0x02, 0x15, 0x14, 0x1E, 0x02, 0x33, 0x32, 0x3E,
	0x02, 0x37, 0x14, 0x0E, 0x02, 0x23, 0x22, 0x2E, 0x02, 0x35, 0x34, 0x3E,
	0x02, 0x33, 0x32, 0x1E, 0x02, 0x01, 0x34, 0x1E, 0x14, 0x16, 0x1E, 0x1E,
	0x16, 0x14, 0x1E, 0xC7, 0x1E, 0x16, 0x15, 0x1E, 0x1E, 0x15, 0x16, 0x1E,
	0x14, 0x1B, 0x2E, 0x3E, 0x24, 0x23, 0x3D, 0x2E, 0x1B, 0x1B, 0x2E, 0x3D,
	0x23, 0x24, 0x3E, 0x2E, 0x1B, 0x92, 0x32, 0x55, 0x74, 0x42, 0x42, 0x73,
	0x55, 0x32, 0x32, 0x55, 0x73, 0x42, 0x42, 0x74, 0x55, 0x32, 0x02, 0xCC,
	0x15, 0x1E, 0x1E, 0x15, 0x15, 0x1E, 0x1E, 0x15, 0x15, 0x1E, 0x1E, 0x15,
	0x15, 0x1E, 0x1E, 0xFE, 0x41, 0x23, 0x3E, 0x2E, 0x1B, 0x1B, 0x2E, 0x3E,
	0x23, 0x23, 0x3F, 0x2E, 0x1B, 0x1B, 0x2E, 0x3F, 0x23, 0x42, 0x70, 0x53,
	0x2E, 0x2E, 0x53, 0x70, 0x42, 0x42, 0x70, 0x52, 0x2E, 0x2E, 0x52, 0x70,
	0x00, 0x03, 0x00, 0x32, 0xFF, 0xF8, 0x02, 0x75, 0x02, 0x4B, 0x00, 0x0B,
	0x00, 0x17, 0x00, 0x1B, 0x00, 0x2B, 0xB0, 0x09, 0x1C, 0x4B, 0x76, 0x2A,
	0xA8, 0x25, 0x19, 0x2E, 0xB1, 0x40, 0x0E, 0x09, 0x15, 0x09, 0x03, 0x1A,
	0x15, 0x1B, 0x0F, 0x03, 0x12, 0x0F, 0x0F, 0x1A, 0x1B, 0x00, 0x2F, 0xCD,
	0x32, 0x2F, 0x3F, 0x11, 0x12, 0x39, 0x11, 0x12, 0x39, 0x2F, 0x2F, 0x31,
	0x30, 0x25, 0x14, 0x06, 0x23, 0x22, 0x26, 0x35, 0x34, 0x36, 0x33, 0x32,
	0x16, 0x03, 0x34, 0x36, 0x33, 0x32, 0x16, 0x15, 0x14, 0x06, 0x23, 0x22,
	0x26, 0x05, 0x15, 0x21, 0x35, 0x01, 0x98, 0x28, 0x1D, 0x1C, 0x27, 0x27,
	0x1C, 0x1D, 0x28, 0x88, 0x27, 0x1C, 0x1D, 0x28, 0x28, 0x1D, 0x1C, 0x27,
	0x01, 0x65, 0xFD, 0xBD, 0x3C, 0x1D, 0x27, 0x27, 0x1D, 0x1D, 0x27, 0x27,
	0x01, 0xAD, 0x1D, 0x28, 0x28, 0x1D, 0x1C, 0x27, 0x27, 0x96, 0x66, 0x66,
	0x00, 0x03, 0x00, 0x2C, 0xFF, 0xEF, 0x02, 0xA5, 0x02, 0x54, 0x00, 0x1B,
	0x00, 0x25, 0x00, 0x2F, 0x00, 0x5C, 0xB0, 0x09, 0x1C, 0x4B, 0x76, 0x2A,
	0xA8, 0x25, 0x19, 0x2E, 0xB1, 0x40, 0x1C, 0x1E, 0x29, 0x29, 0x00, 0x21,
	0x28, 0x1F, 0x1F, 0x2B, 0x0E, 0x2B, 0x21, 0x2B, 0x21, 0x00, 0x0E, 0x19,
	0x00, 0x00, 0x08, 0x0B, 0x0E, 0x0E, 0x16, 0x08, 0x16, 0x13, 0x1B, 0xB8,
	0xFF, 0xF0, 0x40, 0x09, 0x1B, 0x1A, 0x13, 0x08, 0x08, 0x0D, 0x10, 0x0D,
	0x0C, 0x00, 0x2F, 0xCD, 0x38, 0x33, 0x2F, 0x3F, 0xCD, 0x38, 0x3F, 0x11,
	0x12, 0x39, 0x11, 0x33, 0x11, 0x39, 0x11, 0x33, 0x11, 0x12, 0x39, 0x39,
	0x2F, 0x2F, 0x11, 0x12, 0x39, 0x11, 0x33, 0x11, 0x12, 0x39, 0x11, 0x33,
	0x31, 0x30, 0x37, 0x2E, 0x01, 0x35, 0x34, 0x3E, 0x02, 0x33, 0x32, 0x16,
	0x17, 0x37, 0x17, 0x07, 0x1E, 0x01, 0x15, 0x14, 0x0E, 0x02, 0x23, 0x22,
	0x26, 0x27, 0x07, 0x27, 0x37, 0x14, 0x17, 0x37, 0x26, 0x23, 0x22, 0x0E,
	0x02, 0x05, 0x34, 0x27, 0x07, 0x16, 0x33, 0x32, 0x3E, 0x02, 0x69, 0x1D,
	0x20, 0x32, 0x55, 0x73, 0x42, 0x33, 0x5C, 0x26, 0x36, 0x48, 0x33, 0x1D,
	0x20, 0x32, 0x55, 0x74, 0x42, 0x33, 0x5B, 0x26, 0x35, 0x48, 0x88, 0x13,
	0xE5, 0x23, 0x2C, 0x23, 0x3D, 0x2E, 0x1B, 0x01, 0x54, 0x13, 0xE6, 0x22,
	0x2C, 0x24, 0x3E, 0x2E, 0x1B, 0x6A, 0x26, 0x5C, 0x36, 0x42, 0x70, 0x52,
	0x2E, 0x1C, 0x1A, 0x36, 0x49, 0x33, 0x26, 0x5C, 0x34, 0x42, 0x70, 0x53,
	0x2E, 0x1B, 0x1A, 0x35, 0x49, 0xEA, 0x2B, 0x24, 0xE5, 0x14, 0x1B, 0x2E,
	0x3E, 0x23, 0x28, 0x26, 0xE6, 0x13, 0x1B, 0x2E, 0x3F, 0x00, 0x00, 0x00,
	0x00, 0x02, 0x00, 0x3C, 0xFF, 0xEF, 0x02, 0x53, 0x02, 0xFF, 0x00, 0x03,
	0x00, 0x1E, 0x00, 0x3C, 0xB0, 0x09, 0x1C, 0x4B, 0x76, 0x2A, 0xA8, 0x25,
	0x19, 0x2E, 0xB1, 0x40, 0x0E, 0x18, 0x08, 0x18, 0x0B, 0x02, 0x0B, 0x13,
	0x06, 0x12, 0x1E, 0x11, 0x1E, 0x01, 0x02, 0xB8, 0xFF, 0xF0, 0xB7, 0x02,
	0x02, 0x11, 0x03, 0x00, 0x10, 0x00, 0x04, 0x00, 0x3F, 0x38, 0xCD, 0x32,
	0x32, 0x2F, 0x38, 0xCD, 0x33, 0x2F, 0x2F, 0x3F, 0x3F, 0x11, 0x12, 0x39,
	0x32, 0x2F, 0x31, 0x30, 0x13, 0x17, 0x15, 0x27, 0x05, 0x11, 0x23, 0x35,
	0x23, 0x0E, 0x01, 0x23, 0x22, 0x2E, 0x02, 0x35, 0x11, 0x33, 0x11, 0x14,
	0x1E, 0x02, 0x33, 0x32, 0x3E, 0x02, 0x35, 0x11, 0xF4, 0xAB, 0xAB, 0x01,
	0x5F, 0x81, 0x02, 0x17, 0x5B, 0x42, 0x32, 0x52, 0x3B, 0x21, 0x8C, 0x14,
	0x22, 0x2F, 0x1A, 0x1B, 0x2E, 0x23, 0x14, 0x02, 0xFF, 0x3B, 0x42, 0x2A,
	0x69, 0xFD, 0xBD, 0x53, 0x2A, 0x3A, 0x24, 0x41, 0x5B, 0x36, 0x01, 0x5E,
	0xFE, 0xB4, 0x1B, 0x2E, 0x23, 0x14, 0x14, 0x23, 0x2E, 0x1B, 0x01, 0x4C,
	0x00, 0x02, 0x00, 0x3C, 0xFF, 0xEF, 0x02, 0x53, 0x02, 0xFF, 0x00, 0x03,
	0x00, 0x1E, 0x00, 0x3C, 0xB0, 0x09, 0x1C, 0x4B, 0x76, 0x2A, 0xA8, 0x25,
	0x19, 0x2E, 0xB1, 0x40, 0x0E, 0x18, 0x08, 0x18, 0x0B, 0x01, 0x0B, 0x13,
	0x06, 0x12, 0x1E, 0x11, 0x11, 0x02, 0x01, 0xB8, 0xFF, 0xF0, 0xB7, 0x01,
	0x01, 0x1E, 0x00, 0x03, 0x10, 0x03, 0x04, 0x00, 0x3F, 0x38, 0xCD, 0x32,
	0x32, 0x2F, 0x38, 0xCD, 0x33, 0x2F, 0x2F, 0x3F, 0x3F, 0x11, 0x12, 0x39,
	0x32, 0x2F, 0x31, 0x30, 0x01, 0x07, 0x35, 0x37, 0x17, 0x11, 0x23, 0x35,
	0x23, 0x0E, 0x01, 0x23, 0x22, 0x2E, 0x02, 0x35, 0x11, 0x33, 0x11, 0x14,
	0x1E, 0x02, 0x33, 0x32, 0x3E, 0x02, 0x35, 0x11, 0x01, 0x9F, 0xAB, 0xAB,
	0xB4, 0x81, 0x02, 0x17, 0x5B, 0x42, 0x32, 0x52, 0x3B, 0x21, 0x8C, 0x14,
	0x22, 0x2F, 0x1A, 0x1B, 0x2E, 0x23, 0x14, 0x02, 0xAC, 0x2A, 0x42, 0x3B,
	0xBC, 0xFD, 0xBD, 0x53, 0x2A, 0x3A, 0x24, 0x41, 0x5B, 0x36, 0x01, 0x5E,
	0xFE, 0xB4, 0x1B, 0x2E, 0x23, 0x14, 0x14, 0x23, 0x2E, 0x1B, 0x01, 0x4C,
	0x00, 0x02, 0x00, 0x3C, 0xFF, 0xEF, 0x02, 0x53, 0x03, 0x0C, 0x00, 0x07,
	0x00, 0x22, 0x00, 0x2E, 0xB0, 0x09, 0x1C, 0x4B, 0x76, 0x2A, 0xA8, 0x25,
	0x19, 0x2E, 0xB1, 0x40, 0x10, 0x1C, 0x0C, 0x1C, 0x0F, 0x13, 0x0A, 0x12,
	0x22, 0x15, 0x02, 0x06, 0x22, 0x15, 0x06, 0x04, 0x07, 0x00, 0x2F, 0xCD,
	0x32, 0x32, 0x32, 0x2F, 0x33, 0x2F, 0x2F, 0x3F, 0x3F, 0x33, 0x33, 0x2F,
	0x31, 0x30, 0x01, 0x17, 0x23, 0x27, 0x23, 0x07, 0x23, 0x37, 0x05, 0x11,
	0x23, 0x35, 0x23, 0x0E, 0x01, 0x23, 0x22, 0x2E, 0x02, 0x35, 0x11, 0x33,
	0x11, 0x14, 0x1E, 0x02, 0x33, 0x32, 0x3E, 0x02, 0x35, 0x11, 0x01, 0x62,
	0x50, 0x4D, 0x1D, 0x03, 0x1E, 0x4D, 0x50, 0x01, 0x29, 0x81, 0x02, 0x17,
	0x5B, 0x42, 0x32, 0x52, 0x3B, 0x21, 0x8C, 0x14, 0x22, 0x2F, 0x1A, 0x1B,
	0x2E, 0x23, 0x14, 0x03, 0x0C, 0x64, 0x25, 0x25, 0x64, 0xC9, 0xFD, 0xBD,
	0x53, 0x2A, 0x3A, 0x24, 0x41, 0x5B, 0x36, 0x01, 0x5E, 0xFE, 0xB4, 0x1B,
	0x2E, 0x23, 0x14, 0x14, 0x23, 0x2E, 0x1B, 0x01, 0x4C, 0x00, 0x00, 0x00,
	0x00, 0x03, 0x00, 0x3C, 0xFF, 0xEF, 0x02, 0x53, 0x02, 0xFF, 0x00, 0x0B,
	0x00, 0x17, 0x00, 0x32, 0x00, 0x2E, 0xB0, 0x09, 0x1C, 0x4B, 0x76, 0x2A,
	0xA8, 0x25, 0x19, 0x2E, 0xB1, 0x40, 0x11, 0x2C, 0x1C, 0x2C, 0x1F, 0x13,
	0x1A, 0x12, 0x32, 0x25, 0x32, 0x0F, 0x15, 0x04, 0x25, 0x03, 0x09, 0x04,
	0x00, 0x3F, 0xCD, 0x32, 0x3F, 0xCD, 0x32, 0x2F, 0x2F, 0x3F, 0x3F, 0x33,
	0x33, 0x2F, 0x31, 0x30, 0x01, 0x14, 0x06, 0x23, 0x22, 0x26, 0x35, 0x34,
	0x36, 0x33, 0x32, 0x16, 0x17, 0x14, 0x06, 0x23, 0x22, 0x26, 0x35, 0x34,
	0x36, 0x33, 0x32, 0x16, 0x17, 0x11, 0x23, 0x35, 0x23, 0x0E, 0x01, 0x23,
	0x22, 0x2E, 0x02, 0x35, 0x11, 0x33, 0x11, 0x14, 0x1E, 0x02, 0x33, 0x32,
	0x3E, 0x02, 0x35, 0x11, 0x01, 0x17, 0x1E, 0x14, 0x16, 0x1E, 0x1E, 0x16,
	0x14, 0x1E, 0xC7, 0x1E, 0x16, 0x15, 0x1E, 0x1E, 0x15, 0x16, 0x1E, 0x75,
	0x81, 0x02, 0x17, 0x5B, 0x42, 0x32, 0x52, 0x3B, 0x21, 0x8C, 0x14, 0x22,
	0x2F, 0x1A, 0x1B, 0x2E, 0x23, 0x14, 0x02, 0xCC, 0x15, 0x1E, 0x1E, 0x15,
	0x15, 0x1E, 0x1E, 0x15, 0x15, 0x1E, 0x1E, 0x15, 0x15, 0x1E, 0x1E, 0x9E,
	0xFD, 0xBD, 0x53, 0x2A, 0x3A, 0x24, 0x41, 0x5B, 0x36, 0x01, 0x5E, 0xFE,
	0xB4, 0x1B, 0x2E, 0x23, 0x14, 0x14, 0x23, 0x2E, 0x1B, 0x01, 0x4C, 0x00,
	0x00, 0x02, 0x00, 0x0F, 0xFF, 0x55, 0x02, 0x58, 0x02, 0xFF, 0x00, 0x03,
	0x00, 0x0C, 0x00, 0x35, 0xB0, 0x09, 0x1C, 0x4B, 0x76, 0x2A, 0xA8, 0x25,
	0x19, 0x2E, 0xB1, 0x40, 0x0A, 0x09, 0x05, 0x01, 0x05, 0x1C, 0x0B, 0x07,
	0x07, 0x02, 0x01, 0xB8, 0xFF, 0xF0, 0xB7, 0x01, 0x01, 0x0B, 0x00, 0x03,
	0x10, 0x03, 0x04, 0x00, 0x3F, 0x38, 0xCD, 0x32, 0x32, 0x2F, 0x38, 0xCD,
	0x33, 0x2F, 0x2F, 0x3F, 0x11, 0x12, 0x39, 0x31, 0x30, 0x01, 0x07, 0x35,
	0x37, 0x03, 0x23, 0x37, 0x03, 0x33, 0x13, 0x33, 0x13, 0x33, 0x01, 0x8A,
	0xAB, 0xAB, 0x54, 0x92, 0x47, 0xDC, 0x93, 0x91, 0x02, 0x91, 0x92, 0x02,
	0xAC, 0x2A, 0x42, 0x3B, 0xFC, 0x56, 0xB8, 0x02, 0x36, 0xFE, 0x87, 0x01,
	0x79, 0x00, 0x00, 0x00, 0x00, 0x02, 0x00, 0x3C, 0xFF, 0x55, 0x02, 0xAF,
	0x02, 0xEE, 0x00, 0x18, 0x00, 0x2C, 0x00, 0x2B, 0xB0, 0x09, 0x1C, 0x4B,
	0x76, 0x2A, 0xA8, 0x25, 0x19, 0x2E, 0xB1, 0x40, 0x11, 0x16, 0x1C, 0x1E,
	0x28, 0x06, 0x06, 0x00, 0x28, 0x1E, 0x14, 0x05, 0x10, 0x17, 0x10, 0x13,
	0x17, 0x01, 0x00, 0x3F, 0x3F, 0x11, 0x12, 0x17, 0x39, 0x2F, 0x2F, 0x2F,
	0x3F, 0x31, 0x30, 0x13, 0x33, 0x3E, 0x03, 0x33, 0x32, 0x1E, 0x02, 0x15,
	0x14, 0x0E, 0x02, 0x23, 0x22, 0x26, 0x27, 0x23, 0x15, 0x23, 0x11, 0x33,
	0x11, 0x14, 0x1E, 0x02, 0x33, 0x32, 0x3E, 0x02, 0x35, 0x34, 0x2E, 0x02,
	0x23, 0x22, 0x0E, 0x02, 0xC8, 0x02, 0x10, 0x25, 0x2F, 0x3A, 0x24, 0x3C,
	0x6A, 0x4F, 0x2E, 0x2E, 0x4F, 0x6A, 0x3C, 0x45, 0x5E, 0x1F, 0x02, 0x8C,
	0x8C, 0x1B, 0x2E, 0x3E, 0x23, 0x24, 0x3E, 0x2E, 0x1A, 0x1A, 0x2E, 0x3E,
	0x24, 0x23, 0x3E, 0x2E, 0x1B, 0x01, 0xE2, 0x17, 0x2A, 0x1F, 0x12, 0x2E,
	0x53, 0x70, 0x42, 0x42, 0x70, 0x52, 0x2E, 0x3C, 0x29, 0xFF, 0x03, 0x99,
	0xFE, 0x33, 0x23, 0x3E, 0x2E, 0x1B, 0x1B, 0x2E, 0x3E, 0x23, 0x23, 0x3E,
	0x2F, 0x1B, 0x1B, 0x2F, 0x3E, 0x00, 0x00, 0x00, 0x00, 0x03, 0x00, 0x0F,
	0xFF, 0x55, 0x02, 0x58, 0x02, 0xF5, 0x00, 0x0B, 0x00, 0x17, 0x00, 0x20,
	0x00, 0x2B, 0xB0, 0x09, 0x1C, 0x4B, 0x76, 0x2A, 0xA8, 0x25, 0x19, 0x2E,
	0xB1, 0x40, 0x0F, 0x1D, 0x19, 0x0F, 0x19, 0x1C, 0x1F, 0x1B, 0x1F, 0x03,
	0x09, 0x01, 0x1B, 0x0F, 0x15, 0x01, 0x00, 0x3F, 0xCD, 0x32, 0x3F, 0xCD,
	0x32, 0x2F, 0x2F, 0x3F, 0x11, 0x12, 0x39, 0x31, 0x30, 0x01, 0x14, 0x06,
	0x23, 0x22, 0x26, 0x35, 0x34, 0x36, 0x33, 0x32, 0x16, 0x07, 0x14, 0x06,
	0x23, 0x22, 0x26, 0x35, 0x34, 0x36, 0x33, 0x32, 0x16, 0x13, 0x23, 0x37,
	0x03, 0x33, 0x13, 0x33, 0x13, 0x33, 0x01, 0xCB, 0x1E, 0x16, 0x15, 0x1E,
	0x1E, 0x15, 0x16, 0x1E, 0xC7, 0x1E, 0x14, 0x16, 0x1E, 0x1E, 0x16, 0x14,
	0x1E, 0x32, 0x92, 0x47, 0xDC, 0x93, 0x91, 0x02, 0x91, 0x92, 0x02, 0xC2,
	0x15, 0x1E, 0x1E, 0x15, 0x15, 0x1E, 0x1E, 0x15, 0x15, 0x1E, 0x1E, 0x15,
	0x15, 0x1E, 0x1E, 0xFC, 0x7E, 0xB8, 0x02, 0x36, 0xFE, 0x87, 0x01, 0x79,
	0x00, 0x01, 0x00, 0x3C, 0x00, 0x00, 0x00, 0xC8, 0x02, 0x43, 0x00, 0x03,
	0x00, 0x14, 0xB0, 0x09, 0x1C, 0x4B, 0x76, 0x2A, 0xA8, 0x25, 0x19, 0x2E,
	0xB1, 0xB2, 0x03, 0x02, 0x12, 0x00, 0x3F, 0xC5, 0x31, 0x30, 0x13, 0x11,
	0x23, 0x11, 0xC8, 0x8C, 0x02, 0x43, 0xFD, 0xBD, 0x02, 0x43, 0x00, 0x00,
	0x00, 0x01, 0x00, 0x14, 0x00, 0x00, 0x02, 0x54, 0x02, 0xEE, 0x00, 0x0D,
	0x00, 0x4B, 0xB0, 0x09, 0x1C, 0x4B, 0x76, 0x2A, 0xA8, 0x25, 0x19, 0x2E,
	0xB1, 0x40, 0x0F, 0x0D, 0x0D, 0x02, 0x03, 0x04, 0x04, 0x03, 0x05, 0x10,
	0x05, 0x05, 0x0B, 0x0A, 0x09, 0x0C, 0xB8, 0xFF, 0xF0, 0x40, 0x0E, 0x0C,
	0x0C, 0x0B, 0x0B, 0x0A, 0x10, 0x0A, 0x0A, 0x02, 0x07, 0x02, 0x12, 0x07,
	0x01, 0x00, 0x3F, 0x3F, 0x11, 0x12, 0x39, 0x2F, 0x38, 0x33, 0x11, 0x33,
	0x2F, 0x38, 0x33, 0x11, 0x12, 0x39, 0x2F, 0x38, 0xCD, 0x32, 0x2F, 0x11,
	0x12, 0x39, 0x2F, 0x31, 0x30, 0x25, 0x15, 0x21, 0x11, 0x07, 0x35, 0x37,
	0x11, 0x33, 0x11, 0x37, 0x15, 0x07, 0x15, 0x02, 0x54, 0xFD, 0xFB, 0x3B,
	0x3B, 0x8E, 0xB3, 0xB3, 0x88, 0x88, 0x01, 0x1D, 0x0C, 0x88, 0x0D, 0x01,
	0x48, 0xFE, 0xD4, 0x26, 0x89, 0x25, 0xB2, 0x00, 0x00, 0x01, 0x00, 0x14,
	0x00, 0x00, 0x01, 0x15, 0x02, 0xEE, 0x00, 0x0B, 0x00, 0x43, 0xB0, 0x09,
	0x1C, 0x4B, 0x76, 0x2A, 0xA8, 0x25, 0x19, 0x2E, 0xB1, 0x40, 0x0B, 0x05,
	0x05, 0x04, 0x06, 0x10, 0x06, 0x06, 0x00, 0x0B, 0x0A, 0x01, 0xB8, 0xFF,
	0xF0, 0x40, 0x0E, 0x01, 0x01, 0x00, 0x00, 0x0B, 0x10, 0x0B, 0x0B, 0x03,
	0x08, 0x03, 0x12, 0x08, 0x01, 0x00, 0x3F, 0x3F, 0x11, 0x12, 0x39, 0x2F,
	0x38, 0x33, 0x11, 0x33, 0x2F, 0x38, 0x33, 0x11, 0x12, 0x39, 0x2F, 0x38,
	0xCD, 0x32, 0x2F, 0x31, 0x30, 0x01, 0x07, 0x11, 0x23, 0x11, 0x07, 0x35,
	0x37, 0x11, 0x33, 0x11, 0x37, 0x01, 0x15, 0x3A, 0x8C, 0x3B, 0x3B, 0x8C,
	0x3A, 0x01, 0x46, 0x0C, 0xFE, 0xC6, 0x01, 0x1D, 0x0C, 0x88, 0x0D, 0x01,
	0x48, 0xFE, 0xD4, 0x0D, 0x00, 0x02, 0x00, 0x23, 0xFF, 0xEF, 0x04, 0xDC,
	0x02, 0xFF, 0x00, 0x1C, 0x00, 0x30, 0x00, 0x39, 0xB0, 0x09, 0x1C, 0x4B,
	0x76, 0x2A, 0xA8, 0x25, 0x19, 0x2E, 0xB1, 0x40, 0x1A, 0x2C, 0x1C, 0x1B,
	0x18, 0x17, 0x22, 0x14, 0x13, 0x22, 0x17, 0x18, 0x1B, 0x1C, 0x2C, 0x03,
	0x08, 0x02, 0x10, 0x06, 0x13, 0x02, 0x12, 0x10, 0x04, 0x14, 0x01, 0x00,
	0x3F, 0x3F, 0x3F, 0x3F, 0x11, 0x12, 0x17, 0x39, 0x2F, 0x2F, 0x2F, 0x2F,
	0x2F, 0x2F, 0x2F, 0x31, 0x30, 0x25, 0x15, 0x21, 0x35, 0x0E, 0x01, 0x23,
	0x22, 0x2E, 0x02, 0x35, 0x34, 0x3E, 0x02, 0x33, 0x32, 0x16, 0x17, 0x35,
	0x21, 0x15, 0x21, 0x15, 0x21, 0x15, 0x21, 0x15, 0x27, 0x34, 0x2E, 0x02,
	0x23, 0x22, 0x0E, 0x02, 0x15, 0x14, 0x1E, 0x02, 0x33, 0x32, 0x3E, 0x02,
	0x04, 0xDC, 0xFD, 0xD9, 0x33, 0x81, 0x4C, 0x54, 0x92, 0x6D, 0x3F, 0x3F,
	0x6D, 0x92, 0x54, 0x4C, 0x81, 0x33, 0x02, 0x27, 0xFE, 0x67, 0x01, 0x54,
	0xFE, 0xAC, 0x8E, 0x28, 0x45, 0x5E, 0x35, 0x35, 0x5D, 0x45, 0x28, 0x28,
	0x45, 0x5D, 0x35, 0x35, 0x5E, 0x45, 0x28, 0x88, 0x88, 0x4D, 0x2D, 0x31,
	0x3C, 0x69, 0x90, 0x53, 0x53, 0x90, 0x69, 0x3C, 0x32, 0x2D, 0x4E, 0x89,
	0xA9, 0x89, 0xAB, 0xEF, 0x35, 0x5D, 0x45, 0x28, 0x28, 0x45, 0x5D, 0x35,
	0x35, 0x5E, 0x45, 0x28, 0x28, 0x45, 0x5E, 0x00, 0x00, 0x03, 0x00, 0x28,
	0xFF, 0xEF, 0x04, 0x79, 0x02, 0x54, 0x00, 0x2A, 0x00, 0x3E, 0x00, 0x45,
	0x00, 0x42, 0xB0, 0x09, 0x1C, 0x4B, 0x76, 0x2A, 0xA8, 0x25, 0x19, 0x2E,
	0xB1, 0x40, 0x1A, 0x07, 0x3A, 0x0A, 0x30, 0x42, 0x26, 0x13, 0x07, 0x0A,
	0x04, 0x3A, 0x30, 0x10, 0x42, 0x23, 0x45, 0x26, 0x20, 0x10, 0x13, 0x16,
	0x13, 0x20, 0x20, 0x04, 0x45, 0x00, 0x2F, 0xCD, 0x32, 0x2F, 0x3F, 0x3F,
	0x11, 0x33, 0x12, 0x39, 0x39, 0x12, 0x39, 0x39, 0x11, 0x39, 0x39, 0x39,
	0x2F, 0x2F, 0x2F, 0x2F, 0x2F, 0x2F, 0x31, 0x30, 0x01, 0x14, 0x06, 0x07,
	0x21, 0x1E, 0x01, 0x33, 0x32, 0x36, 0x37, 0x33, 0x0E, 0x03, 0x23, 0x22,
	0x26, 0x27, 0x0E, 0x01, 0x23, 0x22, 0x2E, 0x02, 0x35, 0x34, 0x3E, 0x02,
	0x33, 0x32, 0x16, 0x17, 0x3E, 0x01, 0x33, 0x32, 0x1E, 0x02, 0x05, 0x34,
	0x2E, 0x02, 0x23, 0x22, 0x0E, 0x02, 0x15, 0x14, 0x1E, 0x02, 0x33, 0x32,
	0x3E, 0x02, 0x25, 0x2E, 0x01, 0x23, 0x22, 0x06, 0x07, 0x04, 0x79, 0x04,
	0x04, 0xFE, 0x31, 0x13, 0x54, 0x37, 0x27, 0x42, 0x19, 0x9A, 0x0F, 0x39,
	0x4A, 0x5A, 0x30, 0x44, 0x79, 0x2D, 0x2C, 0x7D, 0x49, 0x42, 0x73, 0x55,
	0x32, 0x32, 0x55, 0x73, 0x42, 0x48, 0x7B, 0x2C, 0x2C, 0x7B, 0x48, 0x40,
	0x71, 0x55, 0x31, 0xFD, 0x96, 0x1B, 0x2E, 0x3E, 0x24, 0x23, 0x3D, 0x2E,
	0x1B, 0x1B, 0x2E, 0x3D, 0x23, 0x24, 0x3E, 0x2E, 0x1B, 0x01, 0xD2, 0x12,
	0x56, 0x37, 0x36, 0x56, 0x12, 0x01, 0x22, 0x11, 0x1F, 0x11, 0x30, 0x3D,
	0x1F, 0x1B, 0x2C, 0x47, 0x31, 0x1B, 0x38, 0x31, 0x31, 0x38, 0x2E, 0x53,
	0x70, 0x42, 0x42, 0x70, 0x52, 0x2E, 0x37, 0x30, 0x30, 0x37, 0x30, 0x52,
	0x70, 0x40, 0x23, 0x3E, 0x2E, 0x1B, 0x1B, 0x2E, 0x3E, 0x23, 0x23, 0x3F,
	0x2E, 0x1B, 0x1B, 0x2E, 0x3F, 0x5D, 0x35, 0x3E, 0x3E, 0x35, 0x00, 0x00,
	0x00, 0x02, 0x00, 0x28, 0xFF, 0xEF, 0x02, 0x5C, 0x03, 0x7A, 0x00, 0x07,
	0x00, 0x43, 0x00, 0x34, 0xB0, 0x09, 0x1C, 0x4B, 0x76, 0x2A, 0xA8, 0x25,
	0x19, 0x2E, 0xB1, 0x40, 0x13, 0x2B, 0x25, 0x08, 0x2B, 0x25, 0x08, 0x20,
	0x00, 0x20, 0x13, 0x3E, 0x04, 0x0D, 0x05, 0x01, 0x0D, 0x01, 0x03, 0x00,
	0x00, 0x2F, 0xCD, 0x32, 0x33, 0x2F, 0x33, 0x2F, 0x3F, 0x3F, 0x11, 0x12,
	0x39, 0x39, 0x32, 0x2F, 0x2F, 0x2F, 0x31, 0x30, 0x01, 0x27, 0x33, 0x17,
	0x33, 0x37, 0x33, 0x07, 0x17, 0x34, 0x2E, 0x02, 0x23, 0x22, 0x0E, 0x02,
	0x15, 0x14, 0x16, 0x1F, 0x01, 0x1E, 0x03, 0x15, 0x14, 0x0E, 0x02, 0x23,
	0x22, 0x2E, 0x02, 0x35, 0x33, 0x14, 0x1E, 0x02, 0x33, 0x32, 0x3E, 0x02,
	0x35, 0x34, 0x26, 0x2F, 0x01, 0x2E, 0x03, 0x35, 0x34, 0x3E, 0x02, 0x33,
	0x32, 0x1E, 0x02, 0x15, 0x01, 0x24, 0x50, 0x4D, 0x1E, 0x03, 0x1D, 0x4D,
	0x50, 0x62, 0x15, 0x22, 0x2D, 0x19, 0x19, 0x2B, 0x20, 0x13, 0x2B, 0x20,
	0x77, 0x2B, 0x4B, 0x39, 0x21, 0x2B, 0x4C, 0x68, 0x3C, 0x3B, 0x67, 0x4C,
	0x2B, 0x89, 0x18, 0x28, 0x34, 0x1C, 0x1C, 0x32, 0x24, 0x15, 0x31, 0x28,
	0x7D, 0x26, 0x45, 0x33, 0x1E, 0x2A, 0x48, 0x61, 0x38, 0x37, 0x5F, 0x47,
	0x29, 0x03, 0x16, 0x64, 0x25, 0x25, 0x64, 0xF9, 0x14, 0x22, 0x18, 0x0E,
	0x0E, 0x17, 0x1E, 0x11, 0x1A, 0x28, 0x09, 0x20, 0x0A, 0x29, 0x3B, 0x48,
	0x2A, 0x34, 0x56, 0x3E, 0x23, 0x23, 0x40, 0x59, 0x37, 0x18, 0x28, 0x1D,
	0x11, 0x10, 0x1C, 0x25, 0x15, 0x20, 0x31, 0x0B, 0x21, 0x0A, 0x26, 0x34,
	0x43, 0x27, 0x30, 0x51, 0x39, 0x20, 0x21, 0x3C, 0x53, 0x32, 0x00, 0x00,
	0x00, 0x02, 0x00, 0x26, 0xFF, 0xEF, 0x02, 0x25, 0x03, 0x0C, 0x00, 0x07,
	0x00, 0x41, 0x00, 0x34, 0xB0, 0x09, 0x1C, 0x4B, 0x76, 0x2A, 0xA8, 0x25,
	0x19, 0x2E, 0xB1, 0x40, 0x13, 0x25, 0x08, 0x25, 0x08, 0x2B, 0x0D, 0x0D,
	0x3C, 0x3C, 0x03, 0x2B, 0x20, 0x13, 0x05, 0x01, 0x01, 0x00, 0x03, 0x01,
	0x00, 0x3F, 0xCD, 0x33, 0x2F, 0x33, 0x3F, 0xCD, 0x11, 0x39, 0x2F, 0xCD,
	0x11, 0x12, 0x39, 0x39, 0x2F, 0x2F, 0x31, 0x30, 0x01, 0x27, 0x33, 0x17,
	0x33, 0x37, 0x33, 0x07, 0x13, 0x34, 0x2E, 0x02, 0x23, 0x22, 0x0E, 0x02,
	0x15, 0x14, 0x16, 0x1F, 0x01, 0x1E, 0x03, 0x15, 0x14, 0x0E, 0x02, 0x23,
	0x22, 0x2E, 0x02, 0x35, 0x33, 0x14, 0x1E, 0x02, 0x33, 0x32, 0x36, 0x35,
	0x34, 0x26, 0x2F, 0x01, 0x2E, 0x03, 0x35, 0x34, 0x3E, 0x02, 0x33, 0x32,
	0x1E, 0x02, 0x15, 0x01, 0x0A, 0x50, 0x4D, 0x1E, 0x03, 0x1D, 0x4D, 0x50,
	0x48, 0x0E, 0x19, 0x25, 0x17, 0x13, 0x23, 0x1A, 0x10, 0x1B, 0x16, 0x7C,
	0x24, 0x41, 0x30, 0x1C, 0x29, 0x46, 0x5E, 0x36, 0x35, 0x5C, 0x44, 0x27,
	0x89, 0x13, 0x1F, 0x2A, 0x17, 0x2F, 0x42, 0x1F, 0x1E, 0x7B, 0x22, 0x3D,
	0x2E, 0x1B, 0x27, 0x42, 0x59, 0x32, 0x32, 0x56, 0x3F, 0x24, 0x02, 0xA8,
	0x64, 0x25, 0x25, 0x64, 0xFE, 0xE8, 0x0C, 0x1C, 0x17, 0x0F, 0x0A, 0x11,
	0x18, 0x0E, 0x14, 0x0F, 0x07, 0x20, 0x09, 0x1A, 0x28, 0x39, 0x29, 0x2D,
	0x44, 0x2F, 0x17, 0x1D, 0x34, 0x48, 0x2B, 0x0E, 0x1B, 0x16, 0x0E, 0x21,
	0x1F, 0x14, 0x12, 0x07, 0x1F, 0x09, 0x1C, 0x2A, 0x38, 0x24, 0x2D, 0x44,
	0x2E, 0x18, 0x1F, 0x35, 0x47, 0x29, 0x00, 0x00, 0x00, 0x03, 0x00, 0x0F,
	0x00, 0x00, 0x02, 0xBC, 0x03, 0x7A, 0x00, 0x0B, 0x00, 0x17, 0x00, 0x21,
	0x00, 0x37, 0xB0, 0x09, 0x1C, 0x4B, 0x76, 0x2A, 0xA8, 0x25, 0x19, 0x2E,
	0xB1, 0xB2, 0x19, 0x1F, 0x1C, 0xB8, 0xFF, 0xF0, 0x40, 0x10, 0x1C, 0x1C,
	0x1B, 0x1D, 0x1B, 0x12, 0x0F, 0x15, 0x15, 0x09, 0x21, 0x01, 0x1D, 0x01,
	0x03, 0x09, 0x00, 0x2F, 0xCD, 0x3F, 0x3F, 0x11, 0x33, 0x2F, 0xCD, 0x3F,
	0x11, 0x12, 0x39, 0x2F, 0x38, 0x33, 0x33, 0x31, 0x30, 0x01, 0x14, 0x06,
	0x23, 0x22, 0x26, 0x35, 0x34, 0x36, 0x33, 0x32, 0x16, 0x17, 0x14, 0x06,
	0x23, 0x22, 0x26, 0x35, 0x34, 0x36, 0x33, 0x32, 0x16, 0x17, 0x01, 0x11,
	0x23, 0x11, 0x01, 0x33, 0x13, 0x33, 0x13, 0x01, 0x36, 0x1E, 0x14, 0x16,
	0x1E, 0x1E, 0x16, 0x14, 0x1E, 0xC6, 0x1D, 0x16, 0x15, 0x1E, 0x1E, 0x15,
	0x16, 0x1D, 0xC0, 0xFE, 0xF1, 0x8C, 0xFE, 0xEE, 0xA8, 0xAE, 0x04, 0xAB,
	0x03, 0x47, 0x15, 0x1E, 0x1E, 0x15, 0x16, 0x1D, 0x1D, 0x16, 0x15, 0x1E,
	0x1E, 0x15, 0x16, 0x1D, 0x1D, 0x6F, 0xFE, 0x4D, 0xFE, 0xC5, 0x01, 0x3B,
	0x01, 0xB3, 0xFE, 0xE2, 0x01, 0x1E, 0x00, 0x00, 0x00, 0x02, 0x00, 0x1E,
	0x00, 0x00, 0x02, 0x61, 0x03, 0x7A, 0x00, 0x07, 0x00, 0x13, 0x00, 0x2C,
	0xB0, 0x09, 0x1C, 0x4B, 0x76, 0x2A, 0xA8, 0x25, 0x19, 0x2E, 0xB1, 0x40,
	0x0F, 0x12, 0x0D, 0x12, 0x0D, 0x09, 0x00, 0x09, 0x12, 0x0E, 0x01, 0x05,
	0x01, 0x01, 0x03, 0x00, 0x00, 0x2F, 0xCD, 0x32, 0x2F, 0x33, 0x3F, 0x3F,
	0x11, 0x12, 0x39, 0x32, 0x2F, 0x2F, 0x31, 0x30, 0x01, 0x27, 0x33, 0x17,
	0x33, 0x37, 0x33, 0x07, 0x01, 0x21, 0x35, 0x01, 0x35, 0x21, 0x35, 0x21,
	0x15, 0x01, 0x15, 0x21, 0x01, 0x23, 0x50, 0x4D, 0x1E, 0x03, 0x1D, 0x4D,
	0x50, 0x01, 0x06, 0xFD, 0xBD, 0x01, 0x92, 0xFE, 0x6E, 0x02, 0x43, 0xFE,
	0x6F, 0x01, 0x91, 0x03, 0x16, 0x64, 0x25, 0x25, 0x64, 0xFC, 0xEA, 0x88,
	0x01, 0xDB, 0x02, 0x89, 0x89, 0xFE, 0x25, 0x02, 0x00, 0x02, 0x00, 0x26,
	0x00, 0x00, 0x02, 0x14, 0x03, 0x0C, 0x00, 0x0B, 0x00, 0x13, 0x00, 0x30,
	0xB0, 0x09, 0x1C, 0x4B, 0x76, 0x2A, 0xA8, 0x25, 0x19, 0x2E, 0xB1, 0x40,
	0x11, 0x01, 0x08, 0x09, 0x01, 0x08, 0x0C, 0x09, 0x04, 0x0D, 0x04, 0x12,
	0x11, 0x0D, 0x0D, 0x0C, 0x0F, 0x01, 0x00, 0x3F, 0xCD, 0x33, 0x2F, 0x33,
	0x3F, 0x11, 0x12, 0x39, 0x11, 0x39, 0x39, 0x2F, 0x2F, 0x2F, 0x31, 0x30,
	0x37, 0x15, 0x21, 0x15, 0x21, 0x35, 0x01, 0x35, 0x21, 0x35, 0x21, 0x15,
	0x25, 0x27, 0x33, 0x17, 0x33, 0x37, 0x33, 0x07, 0xE6, 0x01, 0x2E, 0xFE,
	0x12, 0x01, 0x2F, 0xFE, 0xD1, 0x01, 0xEE, 0xFE, 0xEC, 0x50, 0x4D, 0x1E,
	0x03, 0x1D, 0x4D, 0x50, 0x8A, 0x02, 0x88, 0x88, 0x01, 0x32, 0x02, 0x87,
	0x87, 0xEC, 0x64, 0x25, 0x25, 0x64, 0x00, 0x00, 0x00, 0x01, 0x00, 0x0F,
	0xFF, 0x55, 0x01, 0x8F, 0x02, 0xEE, 0x00, 0x20, 0x00, 0x34, 0xB0, 0x09,
	0x1C, 0x4B, 0x76, 0x2A, 0xA8, 0x25, 0x19, 0x2E, 0xB1, 0x40, 0x13, 0x1B,
	0x0C, 0x1B, 0x1A, 0x00, 0x0C, 0x01, 0x08, 0x13, 0x10, 0x00, 0x01, 0x01,
	0x1A, 0x08, 0x1A, 0x1C, 0x08, 0x01, 0x00, 0x3F, 0x3F, 0x11, 0x12, 0x39,
	0x2F, 0xCD, 0x33, 0x32, 0x11, 0x12, 0x39, 0x11, 0x12, 0x39, 0x2F, 0x2F,
	0x31, 0x30, 0x13, 0x37, 0x33, 0x37, 0x3E, 0x03, 0x3B, 0x01, 0x0F, 0x01,
	0x23, 0x22, 0x06, 0x0F, 0x01, 0x33, 0x07, 0x23, 0x03, 0x0E, 0x03, 0x2B,
	0x01, 0x37, 0x33, 0x32, 0x36, 0x37, 0x13, 0x65, 0x12, 0x3D, 0x01, 0x06,
	0x25, 0x34, 0x40, 0x22, 0x19, 0x09, 0x09, 0x19, 0x0E, 0x16, 0x02, 0x03,
	0x3C, 0x12, 0x3C, 0x3F, 0x06, 0x24, 0x34, 0x41, 0x22, 0x1A, 0x12, 0x1A,
	0x0E, 0x17, 0x02, 0x3F, 0x01, 0xBC, 0x7F, 0x10, 0x22, 0x3B, 0x2C, 0x1A,
	0x44, 0x3E, 0x13, 0x0E, 0x10, 0x7F, 0xFE, 0x3D, 0x22, 0x3B, 0x2D, 0x1A,
	0x82, 0x14, 0x0E, 0x01, 0xC3, 0x00, 0x00, 0x00, 0x00, 0x01, 0x00, 0x5D,
	0x02, 0xA8, 0x01, 0x35, 0x03, 0x0C, 0x00, 0x07, 0x00, 0x19, 0xB0, 0x09,
	0x1C, 0x4B, 0x76, 0x2A, 0xA8, 0x25, 0x19, 0x2E, 0xB1, 0xB4, 0x02, 0x06,
	0x06, 0x04, 0x07, 0x00, 0x2F, 0xCD, 0x32, 0x2F, 0x33, 0x31, 0x30, 0x13,
	0x17, 0x23, 0x27, 0x23, 0x07, 0x23, 0x37, 0xE5, 0x50, 0x4D, 0x1D, 0x03,
	0x1E, 0x4D, 0x50, 0x03, 0x0C, 0x64, 0x25, 0x25, 0x64, 0x00, 0x00, 0x00,
	0x00, 0x01, 0x00, 0x5D, 0x02, 0xA8, 0x01, 0x35, 0x03, 0x0C, 0x00, 0x07,
	0x00, 0x1A, 0xB0, 0x09, 0x1C, 0x4B, 0x76, 0x2A, 0xA8, 0x25, 0x19, 0x2E,
	0xB1, 0xB5, 0x05, 0x01, 0x01, 0x00, 0x03, 0x01, 0x00, 0x3F, 0xCD, 0x33,
	0x2F, 0x33, 0x31, 0x30, 0x13, 0x27, 0x33, 0x17, 0x33, 0x37, 0x33, 0x07,
	0xAD, 0x50, 0x4D, 0x1E, 0x03, 0x1D, 0x4D, 0x50, 0x02, 0xA8, 0x64, 0x25,
	0x25, 0x64, 0x00, 0x00, 0x00, 0x01, 0x00, 0x3C, 0x02, 0xA0, 0x00, 0xF7,
	0x02, 0xEE, 0x00, 0x03, 0x00, 0x14, 0xB0, 0x09, 0x1C, 0x4B, 0x76, 0x2A,
	0xA8, 0x25, 0x19, 0x2E, 0xB1, 0xB2, 0x01, 0x02, 0x01, 0x00, 0x3F, 0xCD,
	0x31, 0x30, 0x13, 0x23, 0x35, 0x33, 0xF7, 0xBB, 0xBB, 0x02, 0xA0, 0x4E,
	0x00, 0x01, 0x00, 0x3C, 0x02, 0x98, 0x01, 0x06, 0x02, 0xEE, 0x00, 0x0B,
	0x00, 0x18, 0xB0, 0x09, 0x1C, 0x4B, 0x76, 0x2A, 0xA8, 0x25, 0x19, 0x2E,
	0xB1, 0xB4, 0x08, 0x02, 0x04, 0x0B, 0x01, 0x00, 0x3F, 0x33, 0x2F, 0xCD,
	0x31, 0x30, 0x13, 0x16, 0x33, 0x32, 0x37, 0x33, 0x0E, 0x01, 0x23, 0x22,
	0x26, 0x27, 0x87, 0x08, 0x11, 0x11, 0x0A, 0x4B, 0x06, 0x39, 0x27, 0x26,
	0x38, 0x06, 0x02, 0xEE, 0x0F, 0x0F, 0x25, 0x31, 0x31, 0x25, 0x00, 0x00,
	0x00, 0x01, 0x00, 0x3C, 0x02, 0x8C, 0x00, 0xD6, 0x03, 0x26, 0x00, 0x0B,
	0x00, 0x15, 0xB0, 0x09, 0x1C, 0x4B, 0x76, 0x2A, 0xA8, 0x25, 0x19, 0x2E,
	0xB1, 0xB8, 0x00, 0x00, 0xB0, 0x06, 0x00, 0x2F, 0xC5, 0x31, 0x30, 0x13,
	0x22, 0x26, 0x35, 0x34, 0x36, 0x33, 0x32, 0x16, 0x15, 0x14, 0x06, 0x89,
	0x20, 0x2D, 0x2D, 0x20, 0x20, 0x2D, 0x2D, 0x02, 0x8C, 0x2D, 0x20, 0x20,
	0x2D, 0x2D, 0x20, 0x20, 0x2D, 0x00, 0x00, 0x00, 0x00, 0x02, 0x00, 0x64,
	0x02, 0x8C, 0x00, 0xF8, 0x03, 0x20, 0x00, 0x0B, 0x00, 0x19, 0x00, 0x19,
	0xB0, 0x09, 0x1C, 0x4B, 0x76, 0x2A, 0xA8, 0x25, 0x19, 0x2E, 0xB1, 0xB4,
	0x11, 0x09, 0x09, 0x03, 0x17, 0x00, 0x2F, 0xCD, 0x33, 0x2F, 0xCD, 0x31,
	0x30, 0x13, 0x34, 0x26, 0x23, 0x22, 0x06, 0x15, 0x14, 0x16, 0x33, 0x32,
	0x36, 0x37, 0x14, 0x0E, 0x02, 0x23, 0x22, 0x26, 0x35, 0x34, 0x36, 0x33,
	0x32, 0x16, 0xC9, 0x0F, 0x0B, 0x0C, 0x10, 0x10, 0x0C, 0x0B, 0x0F, 0x2F,
	0x0C, 0x14, 0x1A, 0x0F, 0x1F, 0x2C, 0x2C, 0x1F, 0x1D, 0x2C, 0x02, 0xD7,
	0x0B, 0x0F, 0x0F, 0x0B, 0x0C, 0x10, 0x10, 0x0C, 0x0F, 0x1C, 0x14, 0x0C,
	0x2C, 0x1F, 0x1E, 0x2B, 0x2B, 0x00, 0x00, 0x00, 0x00, 0x01, 0x00, 0x3C,
	0xFF, 0x44, 0x00, 0xF5, 0x00, 0x00, 0x00, 0x15, 0x00, 0x1C, 0xB0, 0x09,
	0x1C, 0x4B, 0x76, 0x2A, 0xA8, 0x25, 0x19, 0x2E, 0xB1, 0xB6, 0x09, 0x09,
	0x15, 0x15, 0x06, 0x0D, 0x1B, 0x00, 0x3F, 0xCD, 0x32, 0x2F, 0x39, 0x2F,
	0x31, 0x30, 0x33, 0x0E, 0x01, 0x15, 0x14, 0x16, 0x33, 0x32, 0x36, 0x37,
	0x15, 0x0E, 0x01, 0x23, 0x22, 0x2E, 0x02, 0x35, 0x34, 0x36, 0x37, 0xC7,
	0x10, 0x15, 0x19, 0x13, 0x0E, 0x14, 0x05, 0x09, 0x14, 0x0A, 0x1E, 0x36,
	0x27, 0x17, 0x03, 0x04, 0x02, 0x17, 0x11, 0x12, 0x19, 0x10, 0x0D, 0x7E,
	0x02, 0x04, 0x17, 0x27, 0x36, 0x1E, 0x0B, 0x15, 0x0A, 0x00, 0x00, 0x00,
	0x00, 0x01, 0x00, 0x64, 0x02, 0x97, 0x01, 0x47, 0x02, 0xFF, 0x00, 0x15,
	0x00, 0x23, 0xB0, 0x09, 0x1C, 0x4B, 0x76, 0x2A, 0xA8, 0x25, 0x19, 0x2E,
	0xB1, 0x40, 0x0A, 0x0B, 0x15, 0x0B, 0x03, 0x13, 0x13, 0x15, 0x08, 0x0E,
	0x04, 0x00, 0x3F, 0xCD, 0x39, 0x39, 0x2F, 0xCD, 0x39, 0x2F, 0x2F, 0x31,
	0x30, 0x01, 0x14, 0x06, 0x23, 0x22, 0x26, 0x27, 0x26, 0x23, 0x22, 0x15,
	0x23, 0x34, 0x36, 0x33, 0x32, 0x16, 0x17, 0x16, 0x33, 0x32, 0x35, 0x01,
	0x47, 0x2A, 0x1F, 0x15, 0x22, 0x0A, 0x04, 0x0C, 0x13, 0x36, 0x2A, 0x1F,
	0x15, 0x22, 0x08, 0x06, 0x0C, 0x13, 0x02, 0xE1, 0x1E, 0x2C, 0x15, 0x11,
	0x0B, 0x13, 0x1E, 0x2C, 0x16, 0x11, 0x0A, 0x13, 0x00, 0x02, 0x00, 0x3C,
	0x02, 0x78, 0x01, 0x2E, 0x02, 0xEE, 0x00, 0x03, 0x00, 0x07, 0x00, 0x19,
	0xB0, 0x09, 0x1C, 0x4B, 0x76, 0x2A, 0xA8, 0x25, 0x19, 0x2E, 0xB1, 0xB5,
	0x06, 0x07, 0x01, 0x02, 0x03, 0x01, 0x00, 0x3F, 0xCD, 0x3F, 0xCD, 0x31,
	0x30, 0x13, 0x07, 0x23, 0x37, 0x33, 0x07, 0x23, 0x37, 0xBB, 0x35, 0x4A,
	0x35, 0xBD, 0x35, 0x48, 0x35, 0x02, 0xEE, 0x76, 0x76, 0x76, 0x76, 0x00,
	0x00, 0x02, 0x00, 0x14, 0x00, 0x00, 0x02, 0x3C, 0x02, 0xEE, 0x00, 0x03,
	0x00, 0x07, 0x00, 0x1B, 0xB0, 0x09, 0x1C, 0x4B, 0x76, 0x2A, 0xA8, 0x25,
	0x19, 0x2E, 0xB1, 0xB6, 0x06, 0x00, 0x07, 0x03, 0x12, 0x00, 0x01, 0x00,
	0x3F, 0x3F, 0xCD, 0x11, 0x39, 0x31, 0x30, 0x13, 0x33, 0x13, 0x21, 0x25,
	0x03, 0x23, 0x03, 0xF5, 0x66, 0xE1, 0xFD, 0xD8, 0x01, 0x9E, 0x89, 0x04,
	0x87, 0x02, 0xEE, 0xFD, 0x12, 0x66, 0x01, 0xD2, 0xFE, 0x2E, 0x00, 0x00,
	0x00, 0x01, 0x00, 0x28, 0x00, 0x00, 0x03, 0x4C, 0x02, 0xFF, 0x00, 0x31,
	0x00, 0x2C, 0xB0, 0x09, 0x1C, 0x4B, 0x76, 0x2A, 0xA8, 0x25, 0x19, 0x2E,
	0xB1, 0x40, 0x12, 0x06, 0x21, 0x14, 0x14, 0x23, 0x05, 0x21, 0x1E, 0x0A,
	0x06, 0x07, 0x20, 0x2D, 0x09, 0x20, 0x12, 0x2D, 0x04, 0x00, 0x3F, 0x3F,
	0x33, 0x11, 0x12, 0x17, 0x39, 0x2F, 0x2F, 0x2F, 0x31, 0x30, 0x01, 0x14,
	0x0E, 0x02, 0x07, 0x15, 0x33, 0x15, 0x21, 0x35, 0x3E, 0x03, 0x35, 0x34,
	0x2E, 0x02, 0x23, 0x22, 0x0E, 0x02, 0x15, 0x14, 0x1E, 0x02, 0x17, 0x15,
	0x21, 0x35, 0x33, 0x35, 0x2E, 0x03, 0x35, 0x34, 0x3E, 0x02, 0x33, 0x32,
	0x1E, 0x02, 0x03, 0x4C, 0x16, 0x22, 0x29, 0x13, 0x59, 0xFE, 0xE5, 0x24,
	0x3C, 0x2B, 0x19, 0x28, 0x45, 0x5E, 0x35, 0x35, 0x5D, 0x45, 0x28, 0x18,
	0x2B, 0x3D, 0x24, 0xFE, 0xE4, 0x5A, 0x14, 0x29, 0x22, 0x16, 0x3F, 0x6C,
	0x93, 0x54, 0x54, 0x93, 0x6C, 0x3F, 0x01, 0x77, 0x2B, 0x45, 0x39, 0x2F,
	0x15, 0x02, 0x88, 0x88, 0x0E, 0x2F, 0x3F, 0x4A, 0x29, 0x35, 0x5D, 0x45,
	0x28, 0x28, 0x45, 0x5D, 0x35, 0x29, 0x4A, 0x3F, 0x2F, 0x0E, 0x88, 0x88,
	0x02, 0x15, 0x2F, 0x39, 0x45, 0x2B, 0x54, 0x8F, 0x69, 0x3C, 0x3C, 0x69,
	0x8F, 0x00, 0x00, 0x00, 0x00, 0x01, 0x00, 0x3C, 0xFF, 0x55, 0x02, 0x53,
	0x02, 0x43, 0x00, 0x1B, 0x00, 0x29, 0xB0, 0x09, 0x1C, 0x4B, 0x76, 0x2A,
	0xA8, 0x25, 0x19, 0x2E, 0xB1, 0x40, 0x0E, 0x0D, 0x1C, 0x15, 0x15, 0x0B,
	0x04, 0x02, 0x0E, 0x0E, 0x02, 0x09, 0x13, 0x02, 0x12, 0x00, 0x3F, 0x3F,
	0x10, 0xC5, 0x11, 0x12, 0x39, 0x39, 0x39, 0x2F, 0x3F, 0x31, 0x30, 0x01,
	0x11, 0x23, 0x35, 0x23, 0x0E, 0x03, 0x23, 0x22, 0x27, 0x15, 0x23, 0x11,
	0x33, 0x11, 0x14, 0x1E, 0x02, 0x33, 0x32, 0x3E, 0x02, 0x35, 0x11, 0x02,
	0x53, 0x81, 0x02, 0x0B, 0x1E, 0x25, 0x2F, 0x1D, 0x3D, 0x31, 0x8C, 0x8C,
	0x14, 0x22, 0x2E, 0x1B, 0x1B, 0x2E, 0x23, 0x14, 0x02, 0x43, 0xFD, 0xBD,
	0x4F, 0x13, 0x22, 0x1B, 0x10, 0x25, 0xBF, 0x02, 0xEE, 0xFE, 0xB5, 0x1B,
	0x2F, 0x23, 0x14, 0x14, 0x23, 0x2F, 0x1B, 0x01, 0x4B, 0x00, 0x00, 0x00,
	0x00, 0x01, 0x00, 0x14, 0x00, 0x00, 0x02, 0x58, 0x02, 0x22, 0x00, 0x20,
	0x00, 0x30, 0xB0, 0x09, 0x1C, 0x4B, 0x76, 0x2A, 0xA8, 0x25, 0x19, 0x2E,
	0xB1, 0x40, 0x11, 0x04, 0x04, 0x10, 0x1E, 0x06, 0x10, 0x12, 0x18, 0x08,
	0x1E, 0x18, 0x08, 0x1E, 0x15, 0x19, 0x10, 0x19, 0x00, 0x2F, 0x38, 0xCD,
	0x33, 0x39, 0x32, 0x2F, 0x2F, 0x2F, 0x3F, 0x33, 0x11, 0x12, 0x39, 0x2F,
	0x31, 0x30, 0x01, 0x23, 0x22, 0x06, 0x07, 0x11, 0x23, 0x11, 0x07, 0x0E,
	0x05, 0x2B, 0x01, 0x32, 0x3E, 0x02, 0x37, 0x0E, 0x01, 0x07, 0x35, 0x34,
	0x3E, 0x02, 0x37, 0x36, 0x37, 0x02, 0x58, 0x1A, 0x0C, 0x23, 0x15, 0x88,
	0x7D, 0x02, 0x04, 0x04, 0x05, 0x04, 0x04, 0x01, 0x89, 0x03, 0x07, 0x07,
	0x06, 0x02, 0x26, 0x30, 0x03, 0x32, 0x51, 0x69, 0x36, 0x80, 0xA2, 0x01,
	0x99, 0x01, 0x01, 0xFE, 0x69, 0x01, 0x94, 0x06, 0x27, 0x59, 0x59, 0x51,
	0x3F, 0x25, 0x4D, 0x74, 0x87, 0x3B, 0x05, 0x0B, 0x08, 0x8A, 0x07, 0x0D,
	0x09, 0x07, 0x02, 0x05, 0x02, 0x00, 0x00, 0x00, 0x00, 0x01, 0x00, 0x2D,
	0x00, 0xEE, 0x02, 0x3E, 0x01, 0x54, 0x00, 0x03, 0x00, 0x13, 0xB0, 0x09,
	0x1C, 0x4B, 0x76, 0x2A, 0xA8, 0x25, 0x19, 0x2E, 0xB1, 0xB1, 0x02, 0x03,
	0x00, 0x2F, 0xCD, 0x31, 0x30, 0x01, 0x15, 0x21, 0x35, 0x02, 0x3E, 0xFD,
	0xEF, 0x01, 0x54, 0x66, 0x66, 0x00, 0x00, 0x00, 0x00, 0x01, 0x00, 0x2D,
	0x00, 0xEF, 0x03, 0x60, 0x01, 0x55, 0x00, 0x03, 0x00, 0x13, 0xB0, 0x09,
	0x1C, 0x4B, 0x76, 0x2A, 0xA8, 0x25, 0x19, 0x2E, 0xB1, 0xB1, 0x02, 0x03,
	0x00, 0x2F, 0xCD, 0x31, 0x30, 0x01, 0x15, 0x21, 0x35, 0x03, 0x60, 0xFC,
	0xCD, 0x01, 0x55, 0x66, 0x66, 0x00, 0x00, 0x00, 0x00, 0x01, 0x00, 0x32,
	0x01, 0xEC, 0x00, 0xCC, 0x02, 0xF5, 0x00, 0x16, 0x00, 0x21, 0xB0, 0x09,
	0x1C, 0x4B, 0x76, 0x2A, 0xA8, 0x25, 0x19, 0x2E, 0xB1, 0x40, 0x09, 0x0B,
	0x0B, 0x13, 0x08, 0x13, 0x13, 0x08, 0x05, 0x01, 0x00, 0x3F, 0xCD, 0x33,
	0x2F, 0x11, 0x12, 0x39, 0x2F, 0x31, 0x30, 0x13, 0x34, 0x3E, 0x02, 0x3B,
	0x01, 0x15, 0x23, 0x22, 0x06, 0x07, 0x36, 0x33, 0x32, 0x16, 0x15, 0x14,
	0x06, 0x23, 0x22, 0x26, 0x35, 0x32, 0x12, 0x20, 0x29, 0x18, 0x10, 0x10,
	0x14, 0x1E, 0x01, 0x04, 0x09, 0x20, 0x2D, 0x2D, 0x20, 0x20, 0x2D, 0x02,
	0x82, 0x18, 0x2A, 0x1F, 0x12, 0x41, 0x1C, 0x15, 0x01, 0x2C, 0x21, 0x20,
	0x2B, 0x2B, 0x20, 0x00, 0x00, 0x01, 0x00, 0x1E, 0x01, 0xEC, 0x00, 0xB8,
	0x02, 0xF5, 0x00, 0x17, 0x00, 0x21, 0xB0, 0x09, 0x1C, 0x4B, 0x76, 0x2A,
	0xA8, 0x25, 0x19, 0x2E, 0xB1, 0x40, 0x09, 0x0E, 0x0E, 0x0B, 0x07, 0x14,
	0x06, 0x07, 0x14, 0x01, 0x00, 0x3F, 0x2F, 0xCD, 0x11, 0x12, 0x39, 0x39,
	0x2F, 0x31, 0x30, 0x13, 0x14, 0x0E, 0x02, 0x2B, 0x01, 0x35, 0x33, 0x32,
	0x36, 0x35, 0x06, 0x22, 0x23, 0x22, 0x26, 0x35, 0x34, 0x36, 0x33, 0x32,
	0x16, 0x15, 0xB8, 0x12, 0x1F, 0x2A, 0x18, 0x10, 0x10, 0x14, 0x1E, 0x02,
	0x07, 0x03, 0x20, 0x2D, 0x2D, 0x20, 0x20, 0x2D, 0x02, 0x5F, 0x18, 0x2A,
	0x1F, 0x12, 0x41, 0x1C, 0x15, 0x01, 0x2C, 0x21, 0x20, 0x2B, 0x2B, 0x20,
	0x00, 0x01, 0x00, 0x32, 0xFF, 0x87, 0x00, 0xCC, 0x00, 0x92, 0x00, 0x14,
	0x00, 0x1D, 0xB0, 0x09, 0x1C, 0x4B, 0x76, 0x2A, 0xA8, 0x25, 0x19, 0x2E,
	0xB1, 0xB7, 0x11, 0x11, 0x05, 0x06, 0x0B, 0x12, 0x09, 0x12, 0x00, 0x3F,
	0x3F, 0x2F, 0xCD, 0x32, 0x2F, 0x31, 0x30, 0x17, 0x14, 0x0E, 0x02, 0x23,
	0x35, 0x32, 0x36, 0x37, 0x06, 0x23, 0x22, 0x26, 0x35, 0x34, 0x36, 0x33,
	0x32, 0x16, 0x15, 0xCC, 0x12, 0x20, 0x29, 0x18, 0x14, 0x1E, 0x01, 0x05,
	0x08, 0x20, 0x2D, 0x2D, 0x20, 0x20, 0x2D, 0x05, 0x18, 0x2A, 0x20, 0x12,
	0x41, 0x1D, 0x15, 0x02, 0x2D, 0x20, 0x20, 0x2D, 0x2D, 0x20, 0x00, 0x00,
	0x00, 0x02, 0x00, 0x32, 0x01, 0xEC, 0x01, 0x84, 0x02, 0xF5, 0x00, 0x17,
	0x00, 0x2E, 0x00, 0x30, 0xB0, 0x09, 0x1C, 0x4B, 0x76, 0x2A, 0xA8, 0x25,
	0x19, 0x2E, 0xB1, 0x40, 0x11, 0x2B, 0x23, 0x0E, 0x2B, 0x0B, 0x23, 0x0E,
	0x14, 0x20, 0x14, 0x14, 0x08, 0x05, 0x01, 0x20, 0x1D, 0x01, 0x00, 0x3F,
	0xCD, 0x3F, 0xCD, 0x33, 0x2F, 0x11, 0x12, 0x39, 0x39, 0x39, 0x32, 0x2F,
	0x2F, 0x2F, 0x31, 0x30, 0x13, 0x34, 0x3E, 0x02, 0x3B, 0x01, 0x15, 0x23,
	0x22, 0x06, 0x15, 0x36, 0x32, 0x33, 0x32, 0x16, 0x15, 0x14, 0x06, 0x23,
	0x22, 0x26, 0x35, 0x27, 0x34, 0x3E, 0x02, 0x3B, 0x01, 0x15, 0x23, 0x22,
	0x06, 0x07, 0x36, 0x33, 0x32, 0x16, 0x15, 0x14, 0x06, 0x23, 0x22, 0x26,
	0x35, 0xEA, 0x12, 0x1F, 0x2A, 0x18, 0x10, 0x10, 0x14, 0x1E, 0x02, 0x07,
	0x03, 0x20, 0x2D, 0x2D, 0x20, 0x20, 0x2D, 0xB8, 0x12, 0x20, 0x29, 0x18,
	0x10, 0x10, 0x14, 0x1E, 0x01, 0x04, 0x09, 0x20, 0x2D, 0x2D, 0x20, 0x20,
	0x2D, 0x02, 0x82, 0x18, 0x2A, 0x1F, 0x12, 0x41, 0x1C, 0x15, 0x01, 0x2C,
	0x21, 0x20, 0x2B, 0x2B, 0x20, 0x4B, 0x18, 0x2A, 0x1F, 0x12, 0x41, 0x1C,
	0x15, 0x01, 0x2C, 0x21, 0x20, 0x2B, 0x2B, 0x20, 0x00, 0x02, 0x00, 0x1E,
	0x01, 0xEC, 0x01, 0x70, 0x02, 0xF5, 0x00, 0x17, 0x00, 0x2E, 0x00, 0x30,
	0xB0, 0x09, 0x1C, 0x4B, 0x76, 0x2A, 0xA8, 0x25, 0x19, 0x2E, 0xB1, 0x40,
	0x11, 0x25, 0x0E, 0x25, 0x1F, 0x0E, 0x0B, 0x07, 0x14, 0x06, 0x07, 0x07,
	0x1E, 0x1F, 0x2B, 0x01, 0x14, 0x01, 0x00, 0x3F, 0x3F, 0x2F, 0xCD, 0x33,
	0x2F, 0xCD, 0x11, 0x12, 0x39, 0x39, 0x12, 0x39, 0x2F, 0x2F, 0x31, 0x30,
	0x13, 0x14, 0x0E, 0x02, 0x2B, 0x01, 0x35, 0x33, 0x32, 0x36, 0x35, 0x06,
	0x22, 0x23, 0x22, 0x26, 0x35, 0x34, 0x36, 0x33, 0x32, 0x16, 0x15, 0x17,
	0x14, 0x0E, 0x02, 0x2B, 0x01, 0x35, 0x33, 0x32, 0x36, 0x37, 0x06, 0x23,
	0x22, 0x26, 0x35, 0x34, 0x36, 0x33, 0x32, 0x16, 0x15, 0xB8, 0x12, 0x1F,
	0x2A, 0x18, 0x10, 0x10, 0x14, 0x1E, 0x02, 0x07, 0x03, 0x20, 0x2D, 0x2D,
	0x20, 0x20, 0x2D, 0xB8, 0x12, 0x20, 0x29, 0x18, 0x10, 0x10, 0x14, 0x1E,
	0x01, 0x04, 0x09, 0x20, 0x2D, 0x2D, 0x20, 0x20, 0x2D, 0x02, 0x5F, 0x18,
	0x2A, 0x1F, 0x12, 0x41, 0x1C, 0x15, 0x01, 0x2C, 0x21, 0x20, 0x2B, 0x2B,
	0x20, 0x4B, 0x18, 0x2A, 0x1F, 0x12, 0x41, 0x1C, 0x15, 0x01, 0x2C, 0x21,
	0x20, 0x2B, 0x2B, 0x20, 0x00, 0x02, 0x00, 0x1E, 0xFF, 0x87, 0x01, 0x70,
	0x00, 0x90, 0x00, 0x17, 0x00, 0x2E, 0x00, 0x2B, 0xB0, 0x09, 0x1C, 0x4B,
	0x76, 0x2A, 0xA8, 0x25, 0x19, 0x2E, 0xB1, 0x40, 0x0F, 0x2B, 0x2B, 0x14,
	0x14, 0x06, 0x07, 0x07, 0x1E, 0x1F, 0x25, 0x12, 0x0E, 0x12, 0x0B, 0x12,
	0x00, 0x3F, 0x3F, 0x3F, 0x2F, 0xCD, 0x33, 0x2F, 0xCD, 0x32, 0x2F, 0x33,
	0x2F, 0x31, 0x30, 0x17, 0x14, 0x0E, 0x02, 0x2B, 0x01, 0x35, 0x33, 0x32,
	0x36, 0x35, 0x06, 0x22, 0x23, 0x22, 0x26, 0x35, 0x34, 0x36, 0x33, 0x32,
	0x16, 0x15, 0x17, 0x14, 0x0E, 0x02, 0x2B, 0x01, 0x35, 0x33, 0x32, 0x36,
	0x37, 0x06, 0x23, 0x22, 0x26, 0x35, 0x34, 0x36, 0x33, 0x32, 0x16, 0x15,
	0xB8, 0x12, 0x1F, 0x2A, 0x18, 0x10, 0x10, 0x14, 0x1E, 0x02, 0x07, 0x03,
	0x20, 0x2D, 0x2D, 0x20, 0x20, 0x2D, 0xB8, 0x12, 0x20, 0x29, 0x18, 0x10,
	0x10, 0x14, 0x1E, 0x01, 0x04, 0x09, 0x20, 0x2D, 0x2D, 0x20, 0x20, 0x2D,
	0x06, 0x18, 0x2A, 0x1F, 0x12, 0x41, 0x1C, 0x15, 0x01, 0x2C, 0x21, 0x20,
	0x2B, 0x2B, 0x20, 0x4B, 0x18, 0x2A, 0x1F, 0x12, 0x41, 0x1C, 0x15, 0x01,
	0x2C, 0x21, 0x20, 0x2B, 0x2B, 0x20, 0x00, 0x00, 0x00, 0x01, 0x00, 0x3C,
	0xFF, 0xAA, 0x01, 0xBE, 0x02, 0xEE, 0x00, 0x0B, 0x00, 0x23, 0xB0, 0x09,
	0x1C, 0x4B, 0x76, 0x2A, 0xA8, 0x25, 0x19, 0x2E, 0xB1, 0x40, 0x0A, 0x06,
	0x03, 0x0A, 0x0B, 0x0B, 0x08, 0x01, 0x08, 0x01, 0x01, 0x00, 0x3F, 0x2F,
	0x11, 0x12, 0x39, 0x2F, 0xCD, 0x33, 0x32, 0x31, 0x30, 0x13, 0x35, 0x33,
	0x15, 0x33, 0x15, 0x23, 0x11, 0x23, 0x11, 0x23, 0x35, 0xCC, 0x66, 0x8C,
	0x8C, 0x66, 0x90, 0x02, 0x43, 0xAB, 0xAB, 0x66, 0xFD, 0xCD, 0x02, 0x33,
	0x66, 0x00, 0x00, 0x00, 0x00, 0x01, 0x00, 0x3C, 0xFF, 0xAA, 0x01, 0xBE,
	0x02, 0xEE, 0x00, 0x13, 0x00, 0x2D, 0xB0, 0x09, 0x1C, 0x4B, 0x76, 0x2A,
	0xA8, 0x25, 0x19, 0x2E, 0xB1, 0x40, 0x0F, 0x0B, 0x08, 0x03, 0x04, 0x04,
	0x00, 0x06, 0x11, 0x11, 0x0F, 0x0C, 0x13, 0x00, 0x06, 0x01, 0x00, 0x3F,
	0x2F, 0xCD, 0x33, 0x32, 0x32, 0x2F, 0x11, 0x12, 0x39, 0x2F, 0xCD, 0x33,
	0x32, 0x31, 0x30, 0x37, 0x33, 0x11, 0x23, 0x35, 0x33, 0x35, 0x33, 0x15,
	0x33, 0x15, 0x23, 0x11, 0x33, 0x15, 0x23, 0x15, 0x23, 0x35, 0x23, 0x3C,
	0x90, 0x90, 0x90, 0x66, 0x8C, 0x8C, 0x8C, 0x8C, 0x66, 0x90, 0xBB, 0x01,
	0x22, 0x66, 0xAB, 0xAB, 0x66, 0xFE, 0xDE, 0x66, 0xAB, 0xAB, 0x00, 0x00,
	0x00, 0x01, 0x00, 0x64, 0x00, 0xAB, 0x01, 0x53, 0x01, 0x99, 0x00, 0x13,
	0x00, 0x13, 0xB0, 0x09, 0x1C, 0x4B, 0x76, 0x2A, 0xA8, 0x25, 0x19, 0x2E,
	0xB1, 0xB1, 0x0A, 0x00, 0x00, 0x2F, 0xC5, 0x31, 0x30, 0x37, 0x22, 0x2E,
	0x02, 0x35, 0x34, 0x3E, 0x02, 0x33, 0x32, 0x1E, 0x02, 0x15, 0x14, 0x0E,
	0x02, 0xDC, 0x19, 0x2B, 0x21, 0x13, 0x13, 0x21, 0x2B, 0x19, 0x18, 0x2C,
	0x20, 0x13, 0x13, 0x20, 0x2C, 0xAB, 0x13, 0x20, 0x2B, 0x19, 0x19, 0x2B,
	0x20, 0x13, 0x13, 0x20, 0x2B, 0x19, 0x19, 0x2B, 0x20, 0x13, 0x00, 0x00,
	0x00, 0x03, 0x00, 0x23, 0xFF, 0xF8, 0x03, 0xC0, 0x00, 0x92, 0x00, 0x0B,
	0x00, 0x17, 0x00, 0x23, 0x00, 0x1C, 0xB0, 0x09, 0x1C, 0x4B, 0x76, 0x2A,
	0xA8, 0x25, 0x19, 0x2E, 0xB1, 0xB7, 0x1B, 0x21, 0x09, 0x12, 0x15, 0x12,
	0x21, 0x12, 0x00, 0x3F, 0x3F, 0x3F, 0x10, 0xC5, 0x31, 0x30, 0x25, 0x34,
	0x36, 0x33, 0x32, 0x16, 0x15, 0x14, 0x06, 0x23, 0x22, 0x26, 0x25, 0x34,
	0x36, 0x33, 0x32, 0x16, 0x15, 0x14, 0x06, 0x23, 0x22, 0x26, 0x25, 0x34,
	0x36, 0x33, 0x32, 0x16, 0x15, 0x14, 0x06, 0x23, 0x22, 0x26, 0x03, 0x27,
	0x2D, 0x20, 0x20, 0x2C, 0x2C, 0x20, 0x20, 0x2D, 0xFE, 0x7E, 0x2D, 0x20,
	0x20, 0x2D, 0x2D, 0x20, 0x20, 0x2D, 0xFE, 0x7E, 0x2D, 0x20, 0x20, 0x2D,
	0x2D, 0x20, 0x20, 0x2D, 0x45, 0x20, 0x2D, 0x2D, 0x20, 0x20, 0x2D, 0x2D,
	0x20, 0x20, 0x2D, 0x2D, 0x20, 0x20, 0x2D, 0x2D, 0x20, 0x20, 0x2D, 0x2D,
	0x20, 0x20, 0x2D, 0x2D, 0x00, 0x06, 0x00, 0x28, 0xFF, 0xEF, 0x03, 0x79,
	0x02, 0xFF, 0x00, 0x1E, 0x00, 0x32, 0x00, 0x3E, 0x00, 0x4A, 0x00, 0x5E,
	0x00, 0x6A, 0x00, 0x55, 0xB0, 0x09, 0x1C, 0x4B, 0x76, 0x2A, 0xA8, 0x25,
	0x19, 0x2E, 0xB1, 0x40, 0x25, 0x02, 0x04, 0x04, 0x18, 0x18, 0x3C, 0x36,
	0x62, 0x5A, 0x5A, 0x48, 0x13, 0x42, 0x2E, 0x2E, 0x48, 0x13, 0x09, 0x3C,
	0x3C, 0x48, 0x13, 0x00, 0x1E, 0x13, 0x68, 0x50, 0x13, 0x48, 0x24, 0x13,
	0x1D, 0x1C, 0x04, 0x36, 0x13, 0x04, 0x00, 0x3F, 0xCD, 0x3F, 0x33, 0x3F,
	0xCD, 0x3F, 0xCD, 0x3F, 0x33, 0x11, 0x12, 0x39, 0x2F, 0xCD, 0x11, 0x12,
	0x39, 0x2F, 0xCD, 0x11, 0x12, 0x39, 0x2F, 0xCD, 0x11, 0x12, 0x39, 0x2F,
	0x33, 0x11, 0x33, 0x31, 0x30, 0x37, 0x13, 0x23, 0x22, 0x27, 0x0E, 0x03,
	0x23, 0x22, 0x2E, 0x02, 0x35, 0x34, 0x3E, 0x02, 0x33, 0x32, 0x16, 0x17,
	0x16, 0x33, 0x32, 0x36, 0x3F, 0x01, 0x17, 0x01, 0x25, 0x14, 0x0E, 0x02,
	0x23, 0x22, 0x2E, 0x02, 0x35, 0x34, 0x3E, 0x02, 0x33, 0x32, 0x1E, 0x02,
	0x01, 0x34, 0x26, 0x23, 0x22, 0x06, 0x15, 0x14, 0x16, 0x33, 0x32, 0x36,
	0x01, 0x34, 0x26, 0x23, 0x22, 0x06, 0x15, 0x14, 0x16, 0x33, 0x32, 0x36,
	0x25, 0x14, 0x0E, 0x02, 0x23, 0x22, 0x2E, 0x02, 0x35, 0x34, 0x3E, 0x02,
	0x33, 0x32, 0x1E, 0x02, 0x07, 0x34, 0x26, 0x23, 0x22, 0x06, 0x15, 0x14,
	0x16, 0x33, 0x32, 0x36, 0x74, 0xF3, 0x0B, 0x15, 0x12, 0x06, 0x19, 0x23,
	0x2C, 0x18, 0x1C, 0x31, 0x25, 0x15, 0x15, 0x25, 0x31, 0x1C, 0x26, 0x3F,
	0x12, 0x12, 0x24, 0x14, 0x1F, 0x07, 0x19, 0x45, 0xFE, 0xC5, 0x01, 0x8B,
	0x15, 0x26, 0x32, 0x1C, 0x1C, 0x31, 0x25, 0x15, 0x15, 0x25, 0x31, 0x1C,
	0x1C, 0x32, 0x26, 0x15, 0xFE, 0xAA, 0x25, 0x1A, 0x19, 0x25, 0x25, 0x19,
	0x1A, 0x25, 0x01, 0x0C, 0x25, 0x1A, 0x19, 0x25, 0x25, 0x19, 0x1A, 0x25,
	0x01, 0x7F, 0x15, 0x26, 0x32, 0x1C, 0x1C, 0x31, 0x25, 0x15, 0x15, 0x25,
	0x31, 0x1C, 0x1C, 0x32, 0x26, 0x15, 0x4A, 0x25, 0x1A, 0x19, 0x25, 0x25,
	0x19, 0x1A, 0x25, 0x0C, 0x02, 0x46, 0x06, 0x17, 0x26, 0x1C, 0x10, 0x15,
	0x25, 0x31, 0x1D, 0x1C, 0x32, 0x25, 0x15, 0x25, 0x1E, 0x20, 0x16, 0x11,
	0x3C, 0x1D, 0xFD, 0x0D, 0x87, 0x1D, 0x31, 0x24, 0x15, 0x15, 0x24, 0x31,
	0x1D, 0x1C, 0x32, 0x25, 0x15, 0x15, 0x25, 0x32, 0x01, 0xE5, 0x1A, 0x25,
	0x25, 0x1A, 0x1A, 0x24, 0x24, 0xFE, 0x19, 0x1A, 0x25, 0x25, 0x1A, 0x1A,
	0x24, 0x24, 0x1A, 0x1D, 0x31, 0x24, 0x15, 0x15, 0x24, 0x31, 0x1D, 0x1C,
	0x32, 0x25, 0x15, 0x15, 0x25, 0x32, 0x1C, 0x1A, 0x25, 0x25, 0x1A, 0x1A,
	0x24, 0x24, 0x00, 0x00, 0x00, 0x01, 0x00, 0x28, 0x00, 0x4D, 0x00, 0xFD,
	0x01, 0xF6, 0x00, 0x06, 0x00, 0x1D, 0xB0, 0x09, 0x1C, 0x4B, 0x76, 0x2A,
	0xA8, 0x25, 0x19, 0x2E, 0xB1, 0xB6, 0x01, 0x04, 0x06, 0x05, 0x00, 0x00,
	0x05, 0x00, 0x2F, 0xC5, 0x11, 0x12, 0x39, 0x39, 0x39, 0x31, 0x30, 0x13,
	0x15, 0x07, 0x15, 0x17, 0x15, 0x27, 0xFD, 0x4B, 0x4B, 0xD5, 0x01, 0xF6,
	0x90, 0x42, 0x04, 0x43, 0x90, 0xD5, 0x00, 0x00, 0x00, 0x01, 0x00, 0x28,
	0x00, 0x4D, 0x00, 0xFD, 0x01, 0xF6, 0x00, 0x06, 0x00, 0x1D, 0xB0, 0x09,
	0x1C, 0x4B, 0x76, 0x2A, 0xA8, 0x25, 0x19, 0x2E, 0xB1, 0xB6, 0x05, 0x02,
	0x00, 0x01, 0x06, 0x06, 0x01, 0x00, 0x2F, 0xC5, 0x11, 0x12, 0x39, 0x39,
	0x39, 0x31, 0x30, 0x13, 0x07, 0x35, 0x37, 0x35, 0x27, 0x35, 0xFD, 0xD5,
	0x4B, 0x4B, 0x01, 0x22, 0xD5, 0x90, 0x43, 0x04, 0x42, 0x90, 0x00, 0x00,
	0x00, 0x01, 0x00, 0x3C, 0xFF, 0xF0, 0x01, 0xB0, 0x03, 0x00, 0x00, 0x03,
	0x00, 0x19, 0xB0, 0x09, 0x1C, 0x4B, 0x76, 0x2A, 0xA8, 0x25, 0x19, 0x2E,
	0xB1, 0xB5, 0x03, 0x02, 0x13, 0x01, 0x00, 0x04, 0x00, 0x3F, 0x33, 0x3F,
	0x33, 0x31, 0x30, 0x01, 0x17, 0x01, 0x27, 0x01, 0x79, 0x37, 0xFE, 0xC1,
	0x35, 0x03, 0x00, 0x15, 0xFD, 0x05, 0x15, 0x00, 0x00, 0x01, 0x00, 0x23,
	0xFF, 0xEF, 0x02, 0x8C, 0x02, 0xFF, 0x00, 0x2B, 0x00, 0x4A, 0xB0, 0x09,
	0x1C, 0x4B, 0x76, 0x2A, 0xA8, 0x25, 0x19, 0x2E, 0xB1, 0x40, 0x1E, 0x03,
	0x22, 0x03, 0x0A, 0x10, 0x22, 0x15, 0x1B, 0x06, 0x1F, 0x06, 0x00, 0x29,
	0x10, 0x11, 0x11, 0x0A, 0x1B, 0x1F, 0x28, 0x25, 0x14, 0x15, 0x15, 0x0A,
	0x1B, 0x0A, 0x13, 0x1B, 0x04, 0x00, 0x3F, 0x3F, 0x11, 0x12, 0x39, 0x2F,
	0xCD, 0x33, 0x32, 0x33, 0x11, 0x12, 0x39, 0x2F, 0xCD, 0x33, 0x32, 0x32,
	0x2F, 0x2F, 0x11, 0x12, 0x39, 0x11, 0x12, 0x39, 0x2F, 0x2F, 0x31, 0x30,
	0x13, 0x1E, 0x01, 0x33, 0x32, 0x36, 0x37, 0x33, 0x0E, 0x01, 0x23, 0x22,
	0x2E, 0x02, 0x27, 0x23, 0x35, 0x33, 0x35, 0x23, 0x35, 0x33, 0x3E, 0x03,
	0x33, 0x32, 0x16, 0x17, 0x23, 0x2E, 0x01, 0x23, 0x22, 0x06, 0x07, 0x21,
	0x07, 0x23, 0x15, 0x33, 0x07, 0xF3, 0x0C, 0x41, 0x3C, 0x30, 0x38, 0x0F,
	0x99, 0x16, 0x86, 0x74, 0x41, 0x62, 0x46, 0x2B, 0x09, 0x3C, 0x34, 0x34,
	0x3C, 0x09, 0x2B, 0x46, 0x62, 0x41, 0x74, 0x88, 0x14, 0x99, 0x0F, 0x38,
	0x30, 0x3C, 0x41, 0x0C, 0x01, 0x23, 0x32, 0xFA, 0xDE, 0x32, 0x01, 0x08,
	0x41, 0x50, 0x32, 0x2A, 0x6F, 0x75, 0x29, 0x4A, 0x67, 0x3F, 0x56, 0x32,
	0x56, 0x3E, 0x68, 0x4A, 0x29, 0x7A, 0x6B, 0x2A, 0x32, 0x50, 0x40, 0x56,
	0x32, 0x56, 0x00, 0x00, 0x00, 0x02, 0x00, 0x28, 0x02, 0x58, 0x01, 0x43,
	0x02, 0xEE, 0x00, 0x0F, 0x00, 0x17, 0x00, 0x2A, 0xB0, 0x09, 0x1C, 0x4B,
	0x76, 0x2A, 0xA8, 0x25, 0x19, 0x2E, 0xB1, 0x40, 0x0E, 0x14, 0x01, 0x05,
	0x0C, 0x09, 0x03, 0x0E, 0x07, 0x0A, 0x01, 0x12, 0x16, 0x17, 0x01, 0x00,
	0x3F, 0xCD, 0x32, 0x3F, 0xCD, 0x33, 0x32, 0x2F, 0xCD, 0x33, 0x33, 0x33,
	0x31, 0x30, 0x01, 0x23, 0x35, 0x23, 0x07, 0x23, 0x27, 0x23, 0x15, 0x23,
	0x35, 0x33, 0x17, 0x33, 0x37, 0x33, 0x23, 0x15, 0x23, 0x15, 0x23, 0x35,
	0x23, 0x35, 0x01, 0x43, 0x1C, 0x01, 0x20, 0x1C, 0x21, 0x01, 0x1B, 0x1B,
	0x2F, 0x02, 0x2E, 0x1C, 0xA6, 0x2C, 0x1C, 0x2D, 0x02, 0x58, 0x52, 0x52,
	0x52, 0x52, 0x96, 0x71, 0x71, 0x1C, 0x7A, 0x7A, 0x1C, 0x00, 0x00, 0x00,
	0x00, 0x01, 0x00, 0x28, 0x00, 0x00, 0x03, 0x4C, 0x02, 0xFF, 0x00, 0x31,
	0x00, 0x2C, 0xB0, 0x09, 0x1C, 0x4B, 0x76, 0x2A, 0xA8, 0x25, 0x19, 0x2E,
	0xB1, 0x40, 0x12, 0x06, 0x21, 0x14, 0x14, 0x23, 0x05, 0x21, 0x1E, 0x0A,
	0x06, 0x07, 0x20, 0x2D, 0x09, 0x20, 0x12, 0x2D, 0x04, 0x00, 0x3F, 0x3F,
	0x33, 0x11, 0x12, 0x17, 0x39, 0x2F, 0x2F, 0x2F, 0x31, 0x30, 0x01, 0x14,
	0x0E, 0x02, 0x07, 0x15, 0x33, 0x15, 0x21, 0x35, 0x3E, 0x03, 0x35, 0x34,
	0x2E, 0x02, 0x23, 0x22, 0x0E, 0x02, 0x15, 0x14, 0x1E, 0x02, 0x17, 0x15,
	0x21, 0x35, 0x33, 0x35, 0x2E, 0x03, 0x35, 0x34, 0x3E, 0x02, 0x33, 0x32,
	0x1E, 0x02, 0x03, 0x4C, 0x16, 0x22, 0x29, 0x13, 0x59, 0xFE, 0xE5, 0x24,
	0x3C, 0x2B, 0x19, 0x28, 0x45, 0x5E, 0x35, 0x35, 0x5D, 0x45, 0x28, 0x18,
	0x2B, 0x3D, 0x24, 0xFE, 0xE4, 0x5A, 0x14, 0x29, 0x22, 0x16, 0x3F, 0x6C,
	0x93, 0x54, 0x54, 0x93, 0x6C, 0x3F, 0x01, 0x77, 0x2B, 0x45, 0x39, 0x2F,
	0x15, 0x02, 0x88, 0x88, 0x0E, 0x2F, 0x3F, 0x4A, 0x29, 0x35, 0x5D, 0x45,
	0x28, 0x28, 0x45, 0x5D, 0x35, 0x29, 0x4A, 0x3F, 0x2F, 0x0E, 0x88, 0x88,
	0x02, 0x15, 0x2F, 0x39, 0x45, 0x2B, 0x54, 0x8F, 0x69, 0x3C, 0x3C, 0x69,
	0x8F, 0x00, 0x00, 0x00, 0x00, 0x02, 0x00, 0x28, 0xFF, 0xEF, 0x02, 0x90,
	0x02, 0xFE, 0x00, 0x13, 0x00, 0x36, 0x00, 0x32, 0xB0, 0x09, 0x1C, 0x4B,
	0x76, 0x2A, 0xA8, 0x25, 0x19, 0x2E, 0xB1, 0x40, 0x12, 0x0F, 0x0F, 0x19,
	0x05, 0x26, 0x05, 0x23, 0x23, 0x19, 0x32, 0x19, 0x13, 0x2F, 0x2E, 0x2E,
	0x2C, 0x32, 0x04, 0x00, 0x3F, 0xCD, 0x32, 0x2F, 0x33, 0x3F, 0x11, 0x12,
	0x39, 0x2F, 0xCD, 0x32, 0x11, 0x12, 0x39, 0x2F, 0x31, 0x30, 0x01, 0x34,
	0x2E, 0x02, 0x23, 0x22, 0x0E, 0x02, 0x15, 0x14, 0x1E, 0x02, 0x33, 0x32,
	0x3E, 0x02, 0x37, 0x14, 0x0E, 0x02, 0x23, 0x22, 0x2E, 0x02, 0x35, 0x34,
	0x3E, 0x02, 0x33, 0x32, 0x16, 0x17, 0x33, 0x2E, 0x03, 0x23, 0x22, 0x07,
	0x27, 0x3E, 0x01, 0x33, 0x32, 0x1E, 0x02, 0x01, 0xFE, 0x19, 0x2C, 0x3B,
	0x22, 0x21, 0x3B, 0x2C, 0x19, 0x19, 0x2C, 0x3B, 0x21, 0x22, 0x3B, 0x2C,
	0x19, 0x92, 0x30, 0x54, 0x70, 0x40, 0x41, 0x70, 0x53, 0x30, 0x28, 0x46,
	0x5E, 0x36, 0x3F, 0x68, 0x22, 0x02, 0x0B, 0x22, 0x2C, 0x35, 0x1C, 0x32,
	0x2C, 0x66, 0x29, 0x63, 0x38, 0x4B, 0x79, 0x54, 0x2D, 0x01, 0x19, 0x21,
	0x3B, 0x2C, 0x1A, 0x1A, 0x2C, 0x3B, 0x21, 0x21, 0x3C, 0x2C, 0x1A, 0x1A,
	0x2C, 0x3C, 0x29, 0x43, 0x71, 0x51, 0x2D, 0x2D, 0x4F, 0x6D, 0x41, 0x37,
	0x5D, 0x45, 0x27, 0x3E, 0x32, 0x2B, 0x4E, 0x3B, 0x22, 0x2F, 0x48, 0x30,
	0x36, 0x4B, 0x81, 0xAE, 0x00, 0x02, 0x00, 0x14, 0x00, 0x00, 0x02, 0x3C,
	0x02, 0xEE, 0x00, 0x03, 0x00, 0x07, 0x00, 0x1B, 0xB0, 0x09, 0x1C, 0x4B,
	0x76, 0x2A, 0xA8, 0x25, 0x19, 0x2E, 0xB1, 0xB6, 0x06, 0x00, 0x07, 0x03,
	0x12, 0x00, 0x01, 0x00, 0x3F, 0x3F, 0xCD, 0x11, 0x39, 0x31, 0x30, 0x13,
	0x33, 0x13, 0x21, 0x25, 0x03, 0x23, 0x03, 0xF5, 0x66, 0xE1, 0xFD, 0xD8,
	0x01, 0x9E, 0x89, 0x04, 0x87, 0x02, 0xEE, 0xFD, 0x12, 0x66, 0x01, 0xD2,
	0xFE, 0x2E, 0x00, 0x00, 0x00, 0x01, 0x00, 0x19, 0x00, 0x00, 0x02, 0x5D,
	0x02, 0xEE, 0x00, 0x0B, 0x00, 0x24, 0xB0, 0x09, 0x1C, 0x4B, 0x76, 0x2A,
	0xA8, 0x25, 0x19, 0x2E, 0xB1, 0x40, 0x0B, 0x08, 0x08, 0x00, 0x04, 0x06,
	0x09, 0x02, 0x06, 0x12, 0x09, 0x01, 0x00, 0x3F, 0x3F, 0x33, 0x11, 0x12,
	0x39, 0x39, 0x39, 0x2F, 0x31, 0x30, 0x01, 0x11, 0x23, 0x11, 0x23, 0x11,
	0x23, 0x11, 0x23, 0x35, 0x21, 0x15, 0x01, 0xFF, 0x88, 0x77, 0x89, 0x5E,
	0x02, 0x44, 0x02, 0x65, 0xFD, 0x9B, 0x02, 0x65, 0xFD, 0x9B, 0x02, 0x65,
	0x89, 0x89, 0x00, 0x00, 0x00, 0x01, 0x00, 0x19, 0x00, 0x00, 0x02, 0x18,
	0x02, 0xEE, 0x00, 0x0D, 0x00, 0x28, 0xB0, 0x09, 0x1C, 0x4B, 0x76, 0x2A,
	0xA8, 0x25, 0x19, 0x2E, 0xB1, 0x40, 0x10, 0x0C, 0x08, 0x04, 0x08, 0x09,
	0x03, 0x0A, 0x02, 0x0C, 0x07, 0x01, 0x05, 0x01, 0x12, 0x05, 0x01, 0x00,
	0x3F, 0x3F, 0x11, 0x12, 0x17, 0x39, 0x2F, 0x2F, 0x31, 0x30, 0x29, 0x01,
	0x35, 0x37, 0x27, 0x35, 0x21, 0x15, 0x21, 0x15, 0x17, 0x07, 0x15, 0x21,
	0x02, 0x18, 0xFE, 0x01, 0xEF, 0xEF, 0x01, 0xFF, 0xFE, 0xC3, 0xEE, 0xEE,
	0x01, 0x3D, 0x88, 0xEF, 0xEE, 0x89, 0x89, 0x02, 0xEC, 0xED, 0x02, 0x00,
	0x00, 0x01, 0x00, 0x32, 0x00, 0xEE, 0x02, 0x75, 0x01, 0x54, 0x00, 0x03,
	0x00, 0x13, 0xB0, 0x09, 0x1C, 0x4B, 0x76, 0x2A, 0xA8, 0x25, 0x19, 0x2E,
	0xB1, 0xB1, 0x02, 0x03, 0x00, 0x2F, 0xCD, 0x31, 0x30, 0x01, 0x15, 0x21,
	0x35, 0x02, 0x75, 0xFD, 0xBD, 0x01, 0x54, 0x66, 0x66, 0x00, 0x00, 0x00,
	0x00, 0x01, 0x00, 0x3C, 0xFF, 0xF0, 0x01, 0xB0, 0x03, 0x00, 0x00, 0x03,
	0x00, 0x19, 0xB0, 0x09, 0x1C, 0x4B, 0x76, 0x2A, 0xA8, 0x25, 0x19, 0x2E,
	0xB1, 0xB5, 0x03, 0x02, 0x13, 0x01, 0x00, 0x04, 0x00, 0x3F, 0x33, 0x3F,
	0x33, 0x31, 0x30, 0x01, 0x17, 0x01, 0x27, 0x01, 0x79, 0x37, 0xFE, 0xC1,
	0x35, 0x03, 0x00, 0x15, 0xFD, 0x05, 0x15, 0x00, 0x00, 0x01, 0x00, 0x23,
	0x00, 0xD5, 0x00, 0xBD, 0x01, 0x6F, 0x00, 0x0B, 0x00, 0x13, 0xB0, 0x09,
	0x1C, 0x4B, 0x76, 0x2A, 0xA8, 0x25, 0x19, 0x2E, 0xB1, 0xB1, 0x06, 0x00,
	0x00, 0x2F, 0xC5, 0x31, 0x30, 0x37, 0x22, 0x26, 0x35, 0x34, 0x36, 0x33,
	0x32, 0x16, 0x15, 0x14, 0x06, 0x70, 0x20, 0x2D, 0x2D, 0x20, 0x20, 0x2D,
	0x2D, 0xD5, 0x2D, 0x20, 0x20, 0x2D, 0x2D, 0x20, 0x20, 0x2D, 0x00, 0x00,
	0x00, 0x01, 0x00, 0x1E, 0x00, 0x00, 0x02, 0x78, 0x02, 0xEE, 0x00, 0x0B,
	0x00, 0x2C, 0xB0, 0x09, 0x1C, 0x4B, 0x76, 0x2A, 0xA8, 0x25, 0x19, 0x2E,
	0xB1, 0x40, 0x0F, 0x07, 0x0A, 0x0A, 0x00, 0x02, 0x09, 0x08, 0x08, 0x05,
	0x00, 0x00, 0x05, 0x12, 0x02, 0x01, 0x00, 0x3F, 0x3F, 0x33, 0x11, 0x12,
	0x39, 0x2F, 0x33, 0x11, 0x12, 0x39, 0x2F, 0x33, 0x31, 0x30, 0x25, 0x33,
	0x13, 0x33, 0x01, 0x23, 0x27, 0x23, 0x07, 0x27, 0x37, 0x33, 0x01, 0x0C,
	0x02, 0xFB, 0x6F, 0xFE, 0xC8, 0x66, 0x43, 0x02, 0x18, 0x5F, 0x44, 0x66,
	0x8F, 0x02, 0x5F, 0xFD, 0x12, 0xA5, 0x3E, 0x28, 0xA5, 0x00, 0x00, 0x00,
	0x00, 0x03, 0x00, 0x32, 0x00, 0xB3, 0x01, 0xE9, 0x01, 0x90, 0x00, 0x1F,
	0x00, 0x2B, 0x00, 0x37, 0x00, 0x3E, 0xB0, 0x09, 0x1C, 0x4B, 0x76, 0x2A,
	0xA8, 0x25, 0x19, 0x2E, 0xB1, 0x40, 0x17, 0x18, 0x26, 0x26, 0x15, 0x29,
	0x08, 0x37, 0x37, 0x2E, 0x05, 0x1B, 0x23, 0x34, 0x0B, 0x15, 0x23, 0x2E,
	0x0B, 0x05, 0x2E, 0x2E, 0x29, 0x05, 0x00, 0x2F, 0xCD, 0x33, 0x2F, 0x11,
	0x33, 0x11, 0x33, 0xCD, 0x2F, 0xCD, 0x2F, 0xCD, 0x11, 0x12, 0x39, 0x11,
	0x33, 0x11, 0x12, 0x39, 0x11, 0x33, 0x31, 0x30, 0x13, 0x34, 0x3E, 0x02,
	0x33, 0x32, 0x1F, 0x01, 0x37, 0x36, 0x33, 0x32, 0x1E, 0x02, 0x15, 0x14,
	0x0E, 0x02, 0x23, 0x22, 0x2F, 0x01, 0x07, 0x06, 0x23, 0x22, 0x2E, 0x02,
	0x37, 0x14, 0x16, 0x33, 0x32, 0x3F, 0x01, 0x27, 0x26, 0x23, 0x22, 0x06,
	0x17, 0x16, 0x33, 0x32, 0x36, 0x35, 0x34, 0x26, 0x23, 0x22, 0x0F, 0x01,
	0x32, 0x12, 0x1E, 0x28, 0x17, 0x2F, 0x20, 0x1E, 0x1E, 0x20, 0x2F, 0x17,
	0x28, 0x1E, 0x11, 0x11, 0x1E, 0x28, 0x17, 0x30, 0x1F, 0x1E, 0x1E, 0x1F,
	0x30, 0x17, 0x28, 0x1E, 0x12, 0x45, 0x19, 0x11, 0x13, 0x0B, 0x1F, 0x1F,
	0x0C, 0x12, 0x11, 0x19, 0xE6, 0x0A, 0x14, 0x11, 0x19, 0x19, 0x11, 0x12,
	0x0C, 0x1E, 0x01, 0x22, 0x17, 0x28, 0x1E, 0x11, 0x20, 0x1E, 0x1E, 0x20,
	0x11, 0x1E, 0x28, 0x17, 0x17, 0x29, 0x1E, 0x11, 0x21, 0x1E, 0x1E, 0x21,
	0x11, 0x1E, 0x29, 0x17, 0x12, 0x18, 0x0C, 0x1E, 0x1E, 0x0C, 0x18, 0x30,
	0x0C, 0x18, 0x12, 0x12, 0x18, 0x0C, 0x1E, 0x00, 0x00, 0x01, 0x00, 0x14,
	0xFF, 0x55, 0x01, 0x14, 0x02, 0xEE, 0x00, 0x17, 0x00, 0x22, 0xB0, 0x09,
	0x1C, 0x4B, 0x76, 0x2A, 0xA8, 0x25, 0x19, 0x2E, 0xB1, 0x40, 0x0A, 0x17,
	0x0C, 0x0C, 0x17, 0x16, 0x09, 0x16, 0x1C, 0x09, 0x01, 0x00, 0x3F, 0x3F,
	0x11, 0x12, 0x39, 0x39, 0x2F, 0x2F, 0x31, 0x30, 0x17, 0x32, 0x36, 0x35,
	0x11, 0x3E, 0x03, 0x3B, 0x01, 0x15, 0x23, 0x22, 0x06, 0x15, 0x11, 0x0E,
	0x03, 0x2B, 0x01, 0x35, 0x2E, 0x0E, 0x14, 0x01, 0x1C, 0x2E, 0x3C, 0x23,
	0x1A, 0x1A, 0x0E, 0x14, 0x02, 0x1B, 0x2E, 0x3D, 0x22, 0x1A, 0x29, 0x14,
	0x0E, 0x02, 0x52, 0x22, 0x3B, 0x2C, 0x1A, 0x82, 0x13, 0x0E, 0xFD, 0xAE,
	0x22, 0x3B, 0x2D, 0x1A, 0x82, 0x00, 0x00, 0x00, 0x00, 0x02, 0x00, 0x32,
	0x00, 0x73, 0x02, 0x75, 0x01, 0xD1, 0x00, 0x1D, 0x00, 0x3B, 0x00, 0x3A,
	0xB0, 0x09, 0x1C, 0x4B, 0x76, 0x2A, 0xA8, 0x25, 0x19, 0x2E, 0xB1, 0xB8,
	0x00, 0x00, 0xB0, 0x1D, 0xB8, 0xFF, 0xF0, 0x40, 0x0E, 0x1D, 0x2D, 0x2C,
	0x10, 0x2C, 0x1D, 0x0F, 0x2C, 0x0E, 0x10, 0x0E, 0x0E, 0x1E, 0x3B, 0xB8,
	0xFF, 0xF0, 0xB0, 0x3B, 0x00, 0x2F, 0x38, 0xCD, 0x32, 0x2F, 0x38, 0x32,
	0xCD, 0x32, 0x2F, 0x38, 0xCD, 0x2F, 0x38, 0xCD, 0x31, 0x30, 0x13, 0x36,
	0x37, 0x3E, 0x01, 0x1E, 0x01, 0x17, 0x1E, 0x02, 0x36, 0x37, 0x36, 0x37,
	0x15, 0x06, 0x07, 0x0E, 0x01, 0x2E, 0x01, 0x27, 0x2E, 0x02, 0x06, 0x07,
	0x06, 0x07, 0x11, 0x36, 0x37, 0x3E, 0x01, 0x1E, 0x01, 0x17, 0x1E, 0x02,
	0x36, 0x37, 0x36, 0x37, 0x15, 0x06, 0x07, 0x0E, 0x01, 0x2E, 0x01, 0x27,
	0x2E, 0x02, 0x06, 0x07, 0x06, 0x07, 0x32, 0x3A, 0x37, 0x17, 0x31, 0x2F,
	0x2A, 0x10, 0x10, 0x29, 0x2F, 0x31, 0x17, 0x37, 0x3A, 0x3B, 0x36, 0x17,
	0x31, 0x2E, 0x29, 0x10, 0x10, 0x2A, 0x2F, 0x32, 0x17, 0x37, 0x3A, 0x3A,
	0x37, 0x17, 0x31, 0x2F, 0x2A, 0x10, 0x10, 0x29, 0x2F, 0x31, 0x17, 0x37,
	0x3A, 0x3B, 0x36, 0x17, 0x31, 0x2E, 0x29, 0x10, 0x10, 0x2A, 0x2F, 0x32,
	0x17, 0x37, 0x3A, 0x01, 0x00, 0x15, 0x0A, 0x04, 0x03, 0x06, 0x10, 0x10,
	0x10, 0x11, 0x06, 0x03, 0x04, 0x0A, 0x16, 0x66, 0x16, 0x0A, 0x04, 0x03,
	0x06, 0x11, 0x10, 0x10, 0x10, 0x06, 0x03, 0x04, 0x0A, 0x15, 0x01, 0x10,
	0x16, 0x0A, 0x04, 0x03, 0x06, 0x11, 0x10, 0x10, 0x11, 0x06, 0x03, 0x04,
	0x0A, 0x16, 0x67, 0x16, 0x0A, 0x04, 0x03, 0x06, 0x11, 0x10, 0x10, 0x11,
	0x06, 0x03, 0x04, 0x0A, 0x16, 0x00, 0x00, 0x00, 0x00, 0x01, 0x00, 0x32,
	0x00, 0x4A, 0x02, 0x76, 0x01, 0xFB, 0x00, 0x13, 0x00, 0x2A, 0xB0, 0x09,
	0x1C, 0x4B, 0x76, 0x2A, 0xA8, 0x25, 0x19, 0x2E, 0xB1, 0x40, 0x0D, 0x05,
	0x0E, 0x05, 0x03, 0x00, 0x07, 0x08, 0x08, 0x0E, 0x13, 0x10, 0x0B, 0x0C,
	0x00, 0x2F, 0xCD, 0x33, 0x32, 0x33, 0x33, 0x2F, 0xCD, 0x33, 0x32, 0x32,
	0x2F, 0x2F, 0x31, 0x30, 0x01, 0x33, 0x15, 0x21, 0x07, 0x23, 0x37, 0x23,
	0x35, 0x33, 0x37, 0x23, 0x35, 0x21, 0x37, 0x33, 0x07, 0x33, 0x15, 0x23,
	0x01, 0x7B, 0xFB, 0xFE, 0x9E, 0x50, 0x92, 0x52, 0x52, 0xB8, 0x44, 0xFC,
	0x01, 0x62, 0x51, 0x91, 0x51, 0x51, 0xB7, 0x01, 0x00, 0x66, 0x50, 0x50,
	0x66, 0x45, 0x66, 0x50, 0x50, 0x66, 0x00, 0x00, 0x00, 0x02, 0x00, 0x28,
	0x00, 0x00, 0x01, 0x7E, 0x02, 0x43, 0x00, 0x03, 0x00, 0x0B, 0x00, 0x34,
	0xB0, 0x09, 0x1C, 0x4B, 0x76, 0x2A, 0xA8, 0x25, 0x19, 0x2E, 0xB1, 0xB1,
	0x08, 0x09, 0xB8, 0xFF, 0xF0, 0x40, 0x0F, 0x09, 0x09, 0x02, 0x05, 0x0A,
	0x0B, 0x0B, 0x04, 0x03, 0x02, 0x12, 0x05, 0x04, 0x10, 0x04, 0x00, 0x2F,
	0x38, 0xCD, 0x3F, 0xCD, 0x11, 0x39, 0x2F, 0xCD, 0x11, 0x12, 0x39, 0x2F,
	0x38, 0xCD, 0x31, 0x30, 0x25, 0x15, 0x21, 0x35, 0x01, 0x15, 0x07, 0x15,
	0x17, 0x15, 0x25, 0x35, 0x01, 0x7E, 0xFE, 0xAA, 0x01, 0x56, 0xD6, 0xD6,
	0xFE, 0xAA, 0x66, 0x66, 0x66, 0x01, 0xDD, 0x6F, 0x5B, 0x04, 0x5B, 0x6F,
	0x98, 0x67, 0x00, 0x00, 0x00, 0x02, 0x00, 0x28, 0x00, 0x00, 0x01, 0x7E,
	0x02, 0x43, 0x00, 0x03, 0x00, 0x0B, 0x00, 0x34, 0xB0, 0x09, 0x1C, 0x4B,
	0x76, 0x2A, 0xA8, 0x25, 0x19, 0x2E, 0xB1, 0xB1, 0x07, 0x06, 0xB8, 0xFF,
	0xF0, 0x40, 0x0F, 0x06, 0x06, 0x02, 0x0A, 0x05, 0x04, 0x04, 0x0B, 0x03,
	0x02, 0x12, 0x0A, 0x0B, 0x10, 0x0B, 0x00, 0x2F, 0x38, 0xCD, 0x3F, 0xCD,
	0x11, 0x39, 0x2F, 0xCD, 0x11, 0x12, 0x39, 0x2F, 0x38, 0xCD, 0x31, 0x30,
	0x25, 0x15, 0x21, 0x35, 0x01, 0x15, 0x05, 0x35, 0x37, 0x35, 0x27, 0x35,
	0x01, 0x7E, 0xFE, 0xAA, 0x01, 0x56, 0xFE, 0xAA, 0xD6, 0xD6, 0x66, 0x66,
	0x66, 0x01, 0x44, 0x67, 0x98, 0x6F, 0x5B, 0x04, 0x5B, 0x6F, 0x00, 0x00,
	0x00, 0x02, 0x00, 0x28, 0x00, 0x00, 0x02, 0x05, 0x02, 0xEE, 0x00, 0x05,
	0x00, 0x0B, 0x00, 0x19, 0xB0, 0x09, 0x1C, 0x4B, 0x76, 0x2A, 0xA8, 0x25,
	0x19, 0x2E, 0xB1, 0xB5, 0x06, 0x01, 0x12, 0x0A, 0x03, 0x01, 0x00, 0x3F,
	0xCD, 0x3F, 0xCD, 0x31, 0x30, 0x21, 0x23, 0x03, 0x13, 0x33, 0x13, 0x07,
	0x33, 0x37, 0x27, 0x23, 0x07, 0x01, 0x4A, 0x66, 0xBC, 0xBC, 0x66, 0xBB,
	0xEF, 0x02, 0x7B, 0x7B, 0x02, 0x7C, 0x01, 0x77, 0x01, 0x77, 0xFE, 0x89,
	0xF9, 0xF9, 0xF9, 0xF9, 0x00, 0x02, 0x00, 0x1E, 0x00, 0x00, 0x02, 0x3A,
	0x02, 0xFF, 0x00, 0x17, 0x00, 0x23, 0x00, 0x30, 0xB0, 0x09, 0x1C, 0x4B,
	0x76, 0x2A, 0xA8, 0x25, 0x19, 0x2E, 0xB1, 0x40, 0x12, 0x21, 0x21, 0x04,
	0x17, 0x08, 0x09, 0x09, 0x06, 0x1B, 0x02, 0x12, 0x06, 0x12, 0x1B, 0x04,
	0x13, 0x10, 0x01, 0x00, 0x3F, 0xCD, 0x3F, 0x3F, 0x3F, 0x11, 0x12, 0x39,
	0x2F, 0xCD, 0x33, 0x32, 0x33, 0x2F, 0x31, 0x30, 0x01, 0x11, 0x23, 0x11,
	0x23, 0x11, 0x23, 0x11, 0x23, 0x35, 0x33, 0x35, 0x34, 0x3E, 0x02, 0x3B,
	0x01, 0x15, 0x23, 0x22, 0x06, 0x1D, 0x01, 0x37, 0x34, 0x36, 0x33, 0x32,
	0x16, 0x15, 0x14, 0x06, 0x23, 0x22, 0x26, 0x02, 0x32, 0x88, 0xD1, 0x87,
	0x34, 0x34, 0x1A, 0x2E, 0x3E, 0x24, 0x33, 0x33, 0x0E, 0x15, 0xC9, 0x2C,
	0x20, 0x20, 0x2C, 0x2C, 0x20, 0x20, 0x2C, 0x02, 0x43, 0xFD, 0xBD, 0x01,
	0xC7, 0xFE, 0x39, 0x01, 0xC7, 0x7C, 0x0A, 0x21, 0x3B, 0x2C, 0x19, 0x7E,
	0x15, 0x0E, 0x0A, 0x6F, 0x20, 0x2D, 0x2D, 0x20, 0x20, 0x2D, 0x2D, 0x00,
	0x00, 0x01, 0x00, 0x1E, 0x00, 0x00, 0x02, 0x37, 0x02, 0xEE, 0x00, 0x17,
	0x00, 0x29, 0xB0, 0x09, 0x1C, 0x4B, 0x76, 0x2A, 0xA8, 0x25, 0x19, 0x2E,
	0xB1, 0x40, 0x0E, 0x07, 0x04, 0x0B, 0x0C, 0x0C, 0x09, 0x13, 0x16, 0x12,
	0x09, 0x12, 0x00, 0x13, 0x01, 0x00, 0x3F, 0xCD, 0x3F, 0x3F, 0x11, 0x12,
	0x39, 0x2F, 0xCD, 0x33, 0x32, 0x31, 0x30, 0x13, 0x22, 0x06, 0x1D, 0x01,
	0x33, 0x15, 0x23, 0x11, 0x23, 0x11, 0x23, 0x35, 0x33, 0x35, 0x34, 0x3E,
	0x02, 0x33, 0x21, 0x11, 0x23, 0x11, 0xFC, 0x0E, 0x15, 0x56, 0x56, 0x87,
	0x34, 0x34, 0x1A, 0x2E, 0x3E, 0x24, 0x01, 0x3B, 0x8A, 0x02, 0x70, 0x15,
	0x0E, 0x0A, 0x7C, 0xFE, 0x39, 0x01, 0xC7, 0x7C, 0x0A, 0x21, 0x3B, 0x2C,
	0x19, 0xFD, 0x12, 0x02, 0x70, 0x00, 0x00, 0x00, 0x00, 0x04, 0x00, 0x28,
	0xFF, 0xEF, 0x02, 0x8D, 0x02, 0x54, 0x00, 0x13, 0x00, 0x27, 0x00, 0x36,
	0x00, 0x41, 0x00, 0x33, 0xB0, 0x09, 0x1C, 0x4B, 0x76, 0x2A, 0xA8, 0x25,
	0x19, 0x2E, 0xB1, 0x40, 0x12, 0x30, 0x30, 0x23, 0x2E, 0x2E, 0x3E, 0x3E,
	0x23, 0x0F, 0x3D, 0x31, 0x31, 0x0F, 0x23, 0x05, 0x13, 0x19, 0x0F, 0x00,
	0x2F, 0xCD, 0x3F, 0xCD, 0x11, 0x39, 0x2F, 0xCD, 0x11, 0x12, 0x39, 0x2F,
	0xCD, 0x11, 0x12, 0x39, 0x2F, 0x31, 0x30, 0x01, 0x14, 0x0E, 0x02, 0x23,
	0x22, 0x2E, 0x02, 0x35, 0x34, 0x3E, 0x02, 0x33, 0x32, 0x1E, 0x02, 0x07,
	0x34, 0x2E, 0x02, 0x23, 0x22, 0x0E, 0x02, 0x15, 0x14, 0x1E, 0x02, 0x33,
	0x32, 0x3E, 0x02, 0x27, 0x14, 0x0E, 0x02, 0x2B, 0x01, 0x15, 0x23, 0x11,
	0x33, 0x32, 0x1E, 0x02, 0x07, 0x34, 0x2E, 0x02, 0x2B, 0x01, 0x15, 0x33,
	0x32, 0x36, 0x02, 0x8D, 0x30, 0x53, 0x70, 0x40, 0x3F, 0x70, 0x53, 0x30,
	0x30, 0x53, 0x70, 0x3F, 0x40, 0x70, 0x53, 0x30, 0x24, 0x2A, 0x4A, 0x62,
	0x39, 0x38, 0x62, 0x4A, 0x2A, 0x2A, 0x4A, 0x62, 0x38, 0x39, 0x62, 0x4A,
	0x2A, 0x58, 0x18, 0x2A, 0x38, 0x20, 0x59, 0x4A, 0xA3, 0x20, 0x38, 0x2A,
	0x18, 0x4A, 0x0D, 0x16, 0x1D, 0x10, 0x59, 0x59, 0x20, 0x30, 0x01, 0x22,
	0x40, 0x70, 0x53, 0x30, 0x30, 0x53, 0x70, 0x40, 0x3F, 0x70, 0x53, 0x30,
	0x30, 0x53, 0x70, 0x3F, 0x38, 0x62, 0x4A, 0x2A, 0x2A, 0x4A, 0x62, 0x38,
	0x38, 0x63, 0x49, 0x2B, 0x2B, 0x49, 0x63, 0x6B, 0x20, 0x38, 0x2A, 0x19,
	0x66, 0x01, 0x9B, 0x18, 0x2A, 0x38, 0x20, 0x10, 0x1E, 0x15, 0x0D, 0x9F,
	0x2E, 0x00, 0x00, 0x00, 0x00, 0x01, 0x00, 0x19, 0x00, 0x00, 0x02, 0x98,
	0x02, 0xC6, 0x00, 0x27, 0x00, 0x38, 0xB0, 0x09, 0x1C, 0x4B, 0x76, 0x2A,
	0xA8, 0x25, 0x19, 0x2E, 0xB1, 0x40, 0x15, 0x27, 0x0D, 0x1E, 0x27, 0x0D,
	0x02, 0x17, 0x1E, 0x1A, 0x02, 0x12, 0x10, 0x12, 0x1A, 0x1A, 0x09, 0x23,
	0x1C, 0x20, 0x17, 0x18, 0x00, 0x2F, 0xCD, 0x33, 0x33, 0x32, 0x32, 0x33,
	0x2F, 0x3F, 0x3F, 0x11, 0x33, 0x11, 0x12, 0x39, 0x39, 0x2F, 0x2F, 0x2F,
	0x31, 0x30, 0x25, 0x15, 0x23, 0x22, 0x2E, 0x02, 0x35, 0x11, 0x23, 0x11,
	0x14, 0x16, 0x3B, 0x01, 0x15, 0x23, 0x22, 0x2E, 0x02, 0x35, 0x11, 0x23,
	0x35, 0x33, 0x35, 0x33, 0x15, 0x33, 0x35, 0x33, 0x15, 0x33, 0x15, 0x23,
	0x11, 0x14, 0x16, 0x33, 0x02, 0x98, 0x45, 0x23, 0x3E, 0x2E, 0x1A, 0xD5,
	0x14, 0x0F, 0x43, 0x43, 0x24, 0x3E, 0x2E, 0x1B, 0x34, 0x34, 0x88, 0xD5,
	0x87, 0x56, 0x56, 0x14, 0x0E, 0x88, 0x88, 0x1B, 0x2E, 0x3E, 0x24, 0x01,
	0x1C, 0xFE, 0xE4, 0x0F, 0x14, 0x88, 0x1B, 0x2E, 0x3E, 0x24, 0x01, 0x1C,
	0x7B, 0x84, 0x84, 0x84, 0x84, 0x7B, 0xFE, 0xE4, 0x0F, 0x14, 0x00, 0x00,
	0x00, 0x01, 0x00, 0x1E, 0x00, 0x00, 0x02, 0x98, 0x02, 0xEE, 0x00, 0x27,
	0x00, 0x39, 0xB0, 0x09, 0x1C, 0x4B, 0x76, 0x2A, 0xA8, 0x25, 0x19, 0x2E,
	0xB1, 0x40, 0x16, 0x0A, 0x0A, 0x0D, 0x18, 0x14, 0x06, 0x27, 0x03, 0x18,
	0x19, 0x19, 0x16, 0x20, 0x0D, 0x12, 0x16, 0x12, 0x01, 0x01, 0x23, 0x20,
	0x01, 0x00, 0x3F, 0xCD, 0x39, 0x2F, 0x3F, 0x3F, 0x11, 0x12, 0x39, 0x2F,
	0xCD, 0x33, 0x33, 0x32, 0x32, 0x11, 0x12, 0x39, 0x2F, 0x31, 0x30, 0x01,
	0x35, 0x33, 0x15, 0x33, 0x15, 0x23, 0x11, 0x14, 0x16, 0x3B, 0x01, 0x15,
	0x23, 0x22, 0x2E, 0x02, 0x35, 0x11, 0x23, 0x11, 0x23, 0x11, 0x23, 0x35,
	0x33, 0x35, 0x34, 0x3E, 0x02, 0x3B, 0x01, 0x15, 0x23, 0x22, 0x06, 0x1D,
	0x01, 0x01, 0xAA, 0x88, 0x55, 0x55, 0x14, 0x0E, 0x44, 0x44, 0x23, 0x3E,
	0x2E, 0x1B, 0xD1, 0x87, 0x34, 0x34, 0x1A, 0x2E, 0x3E, 0x24, 0x33, 0x33,
	0x0E, 0x15, 0x02, 0x43, 0x83, 0x83, 0x7C, 0xFE, 0xE4, 0x0F, 0x14, 0x88,
	0x1B, 0x2E, 0x3E, 0x24, 0x01, 0x1C, 0xFE, 0x39, 0x01, 0xC7, 0x7C, 0x0A,
	0x21, 0x3B, 0x2C, 0x19, 0x7E, 0x15, 0x0E, 0x0A, 0x00, 0x02, 0x00, 0x1E,
	0x00, 0x00, 0x03, 0x93, 0x02, 0xFF, 0x00, 0x29, 0x00, 0x35, 0x00, 0x3C,
	0xB0, 0x09, 0x1C, 0x4B, 0x76, 0x2A, 0xA8, 0x25, 0x19, 0x2E, 0xB1, 0x40,
	0x19, 0x33, 0x33, 0x16, 0x12, 0x29, 0x0D, 0x1A, 0x1B, 0x1B, 0x18, 0x2D,
	0x10, 0x12, 0x14, 0x12, 0x18, 0x12, 0x2D, 0x04, 0x09, 0x06, 0x01, 0x25,
	0x22, 0x01, 0x00, 0x3F, 0xCD, 0x3F, 0xCD, 0x3F, 0x3F, 0x3F, 0x3F, 0x11,
	0x12, 0x39, 0x2F, 0xCD, 0x33, 0x33, 0x32, 0x32, 0x33, 0x2F, 0x31, 0x30,
	0x01, 0x35, 0x34, 0x3E, 0x02, 0x3B, 0x01, 0x15, 0x23, 0x22, 0x06, 0x1D,
	0x01, 0x21, 0x11, 0x23, 0x11, 0x23, 0x11, 0x23, 0x11, 0x23, 0x11, 0x23,
	0x11, 0x23, 0x35, 0x33, 0x35, 0x34, 0x3E, 0x02, 0x3B, 0x01, 0x15, 0x23,
	0x22, 0x06, 0x1D, 0x01, 0x25, 0x34, 0x36, 0x33, 0x32, 0x16, 0x15, 0x14,
	0x06, 0x23, 0x22, 0x26, 0x01, 0xAB, 0x1A, 0x2E, 0x3E, 0x24, 0x33, 0x33,
	0x0E, 0x15, 0x01, 0x59, 0x88, 0xD1, 0x87, 0xD2, 0x87, 0x34, 0x34, 0x1A,
	0x2E, 0x3E, 0x24, 0x33, 0x33, 0x0E, 0x15, 0x02, 0x22, 0x2C, 0x20, 0x20,
	0x2C, 0x2C, 0x20, 0x20, 0x2C, 0x02, 0x43, 0x0A, 0x21, 0x3B, 0x2C, 0x19,
	0x7E, 0x15, 0x0E, 0x0A, 0xFD, 0xBD, 0x01, 0xC7, 0xFE, 0x39, 0x01, 0xC7,
	0xFE, 0x39, 0x01, 0xC7, 0x7C, 0x0A, 0x21, 0x3B, 0x2C, 0x19, 0x7E, 0x15,
	0x0E, 0x0A, 0x6F, 0x20, 0x2D, 0x2D, 0x20, 0x20, 0x2D, 0x2D, 0x00, 0x00,
	0x00, 0x01, 0x00, 0x1E, 0x00, 0x00, 0x03, 0x93, 0x02, 0xEE, 0x00, 0x29,
	0x00, 0x35, 0xB0, 0x09, 0x1C, 0x4B, 0x76, 0x2A, 0xA8, 0x25, 0x19, 0x2E,
	0xB1, 0x40, 0x15, 0x16, 0x12, 0x29, 0x0F, 0x1A, 0x1B, 0x1B, 0x18, 0x22,
	0x09, 0x12, 0x14, 0x12, 0x18, 0x12, 0x0B, 0x06, 0x01, 0x25, 0x22, 0x01,
	0x00, 0x3F, 0xCD, 0x3F, 0xCD, 0x3F, 0x3F, 0x3F, 0x11, 0x12, 0x39, 0x2F,
	0xCD, 0x33, 0x33, 0x32, 0x32, 0x31, 0x30, 0x01, 0x35, 0x34, 0x3E, 0x02,
	0x33, 0x21, 0x11, 0x23, 0x11, 0x23, 0x22, 0x06, 0x1D, 0x01, 0x33, 0x15,
	0x23, 0x11, 0x23, 0x11, 0x23, 0x11, 0x23, 0x11, 0x23, 0x35, 0x33, 0x35,
	0x34, 0x3E, 0x02, 0x3B, 0x01, 0x15, 0x23, 0x22, 0x06, 0x1D, 0x01, 0x01,
	0xAE, 0x1A, 0x2E, 0x3E, 0x24, 0x01, 0x3B, 0x8A, 0xB1, 0x0E, 0x15, 0x56,
	0x56, 0x87, 0xD5, 0x87, 0x34, 0x34, 0x1A, 0x2E, 0x3E, 0x24, 0x33, 0x33,
	0x0E, 0x15, 0x02, 0x43, 0x0A, 0x21, 0x3B, 0x2C, 0x19, 0xFD, 0x12, 0x02,
	0x70, 0x15, 0x0E, 0x0A, 0x7C, 0xFE, 0x39, 0x01, 0xC7, 0xFE, 0x39, 0x01,
	0xC7, 0x7C, 0x0A, 0x21, 0x3B, 0x2C, 0x19, 0x7E, 0x15, 0x0E, 0x0A, 0x00,
	0x00, 0x00, 0x00, 0x1C, 0x01, 0x56, 0x00, 0x01, 0x00, 0x00, 0x00, 0x00,
	0x00, 0x00, 0x00, 0x33, 0x00, 0x68, 0x00, 0x01, 0x00, 0x00, 0x00, 0x00,
	0x00, 0x01, 0x00, 0x12, 0x00, 0xC2, 0x00, 0x01, 0x00, 0x00, 0x00, 0x00,
	0x00, 0x02, 0x00, 0x07, 0x00, 0xE5, 0x00, 0x01, 0x00, 0x00, 0x00, 0x00,
	0x00, 0x03, 0x00, 0x2C, 0x01, 0x47, 0x00, 0x01, 0x00, 0x00, 0x00, 0x00,
	0x00, 0x04, 0x00, 0x14, 0x01, 0x9E, 0x00, 0x01, 0x00, 0x00, 0x00, 0x00,
	0x00, 0x05, 0x00, 0x0C, 0x01, 0xCD, 0x00, 0x01, 0x00, 0x00, 0x00, 0x00,
	0x00, 0x06, 0x00, 0x12, 0x02, 0x00, 0x00, 0x01, 0x00, 0x00, 0x00, 0x00,
	0x00, 0x07, 0x00, 0x29, 0x02, 0x67, 0x00, 0x01, 0x00, 0x00, 0x00, 0x00,
	0x00, 0x08, 0x00, 0x0B, 0x02, 0xA9, 0x00, 0x01, 0x00, 0x00, 0x00, 0x00,
	0x00, 0x09, 0x00, 0x0D, 0x02, 0xD1, 0x00, 0x01, 0x00, 0x00, 0x00, 0x00,
	0x00, 0x0A, 0x00, 0x31, 0x03, 0x43, 0x00, 0x01, 0x00, 0x00, 0x00, 0x00,
	0x00, 0x0B, 0x00, 0x14, 0x03, 0x9F, 0x00, 0x01, 0x00, 0x00, 0x00, 0x00,
	0x00, 0x0C, 0x00, 0x14, 0x03, 0xDE, 0x00, 0x01, 0x00, 0x00, 0x00, 0x00,
	0x00, 0x0E, 0x00, 0x14, 0x04, 0x1D, 0x00, 0x03, 0x00, 0x01, 0x04, 0x09,
	0x00, 0x00, 0x00, 0x66, 0x00, 0x00, 0x00, 0x03, 0x00, 0x01, 0x04, 0x09,
	0x00, 0x01, 0x00, 0x24, 0x00, 0x9C, 0x00, 0x03, 0x00, 0x01, 0x04, 0x09,
	0x00, 0x02, 0x00, 0x0E, 0x00, 0xD5, 0x00, 0x03, 0x00, 0x01, 0x04, 0x09,
	0x00, 0x03, 0x00, 0x58, 0x00, 0xED, 0x00, 0x03, 0x00, 0x01, 0x04, 0x09,
	0x00, 0x04, 0x00, 0x28, 0x01, 0x74, 0x00, 0x03, 0x00, 0x01, 0x04, 0x09,
	0x00, 0x05, 0x00, 0x18, 0x01, 0xB3, 0x00, 0x03, 0x00, 0x01, 0x04, 0x09,
	0x00, 0x06, 0x00, 0x24, 0x01, 0xDA, 0x00, 0x03, 0x00, 0x01, 0x04, 0x09,
	0x00, 0x07, 0x00, 0x52, 0x02, 0x13, 0x00, 0x03, 0x00, 0x01, 0x04, 0x09,
	0x00, 0x08, 0x00, 0x16, 0x02, 0x91, 0x00, 0x03, 0x00, 0x01, 0x04, 0x09,
	0x00, 0x09, 0x00, 0x1A, 0x02, 0xB5, 0x00, 0x03, 0x00, 0x01, 0x04, 0x09,
	0x00, 0x0A, 0x00, 0x62, 0x02, 0xDF, 0x00, 0x03, 0x00, 0x01, 0x04, 0x09,
	0x00, 0x0B, 0x00, 0x28, 0x03, 0x75, 0x00, 0x03, 0x00, 0x01, 0x04, 0x09,
	0x00, 0x0C, 0x00, 0x28, 0x03, 0xB4, 0x00, 0x03, 0x00, 0x01, 0x04, 0x09,
	0x00, 0x0E, 0x00, 0x28, 0x03, 0xF3, 0x00, 0x20, 0x00, 0x43, 0x00, 0x6F,
	0x00, 0x70, 0x00, 0x79, 0x00, 0x72, 0x00, 0x69, 0x00, 0x67, 0x00, 0x68,
	0x00, 0x74, 0x00, 0x20, 0x00, 0x28, 0x00, 0x63, 0x00, 0x29, 0x00, 0x32,
	0x00, 0x30, 0x00, 0x31, 0x00, 0x32, 0x00, 0x20, 0x00, 0x54, 0x00, 0x61,
	0x00, 0x6C, 0x00, 0x62, 0x00, 0x6F, 0x00, 0x74, 0x00, 0x20, 0x00, 0x54,
	0x00, 0x79, 0x00, 0x70, 0x00, 0x65, 0x00, 0x2E, 0x00, 0x20, 0x00, 0x41,
	0x00, 0x6C, 0x00, 0x6C, 0x00, 0x20, 0x00, 0x52, 0x00, 0x69, 0x00, 0x67,
	0x00, 0x68, 0x00, 0x74, 0x00, 0x73, 0x00, 0x20, 0x00, 0x52, 0x00, 0x65,
	0x00, 0x73, 0x00, 0x65, 0x00, 0x72, 0x00, 0x76, 0x00, 0x65, 0x00, 0x64,
	0x00, 0x00, 0x20, 0x43, 0x6F, 0x70, 0x79, 0x72, 0x69, 0x67, 0x68, 0x74,
	0x20, 0x28, 0x63, 0x29, 0x32, 0x30, 0x31, 0x32, 0x20, 0x54, 0x61, 0x6C,
	0x62, 0x6F, 0x74, 0x20, 0x54, 0x79, 0x70, 0x65, 0x2E, 0x20, 0x41, 0x6C,
	0x6C, 0x20, 0x52, 0x69, 0x67, 0x68, 0x74, 0x73, 0x20, 0x52, 0x65, 0x73,
	0x65, 0x72, 0x76, 0x65, 0x64, 0x00, 0x00, 0x4B, 0x00, 0x61, 0x00, 0x6D,
	0x00, 0x65, 0x00, 0x72, 0x00, 0x69, 0x00, 0x6B, 0x00, 0x31, 0x00, 0x30,
	0x00, 0x35, 0x00, 0x57, 0x00, 0x30, 0x00, 0x30, 0x00, 0x2D, 0x00, 0x42,
	0x00, 0x6F, 0x00, 0x6C, 0x00, 0x64, 0x00, 0x00, 0x4B, 0x61, 0x6D, 0x65,
	0x72, 0x69, 0x6B, 0x31, 0x30, 0x35, 0x57, 0x30, 0x30, 0x2D, 0x42, 0x6F,
	0x6C, 0x64, 0x00, 0x00, 0x52, 0x00, 0x65, 0x00, 0x67, 0x00, 0x75, 0x00,
	0x6C, 0x00, 0x61, 0x00, 0x72, 0x00, 0x00, 0x52, 0x65, 0x67, 0x75, 0x6C,
	0x61, 0x72, 0x00, 0x00, 0x77, 0x00, 0x65, 0x00, 0x62, 0x00, 0x66, 0x00,
	0x6F, 0x00, 0x6E, 0x00, 0x74, 0x00, 0x73, 0x00, 0x2E, 0x00, 0x66, 0x00,
	0x6F, 0x00, 0x6E, 0x00, 0x74, 0x00, 0x73, 0x00, 0x2E, 0x00, 0x63, 0x00,
	0x6F, 0x00, 0x6D, 0x00, 0x3A, 0x00, 0x4B, 0x00, 0x61, 0x00, 0x6D, 0x00,
	0x65, 0x00, 0x72, 0x00, 0x69, 0x00, 0x6B, 0x00, 0x20, 0x00, 0x31, 0x00,
	0x30, 0x00, 0x35, 0x00, 0x20, 0x00, 0x57, 0x00, 0x30, 0x00, 0x30, 0x00,
	0x20, 0x00, 0x42, 0x00, 0x6F, 0x00, 0x6C, 0x00, 0x64, 0x00, 0x3A, 0x00,
	0x32, 0x00, 0x30, 0x00, 0x31, 0x00, 0x33, 0x00, 0x00, 0x77, 0x65, 0x62,
	0x66, 0x6F, 0x6E, 0x74, 0x73, 0x2E, 0x66, 0x6F, 0x6E, 0x74, 0x73, 0x2E,
	0x63, 0x6F, 0x6D, 0x3A, 0x4B, 0x61, 0x6D, 0x65, 0x72, 0x69, 0x6B, 0x20,
	0x31, 0x30, 0x35, 0x20, 0x57, 0x30, 0x30, 0x20, 0x42, 0x6F, 0x6C, 0x64,
	0x3A, 0x32, 0x30, 0x31, 0x33, 0x00, 0x00, 0x4B, 0x00, 0x61, 0x00, 0x6D,
	0x00, 0x65, 0x00, 0x72, 0x00, 0x69, 0x00, 0x6B, 0x00, 0x20, 0x00, 0x31,
	0x00, 0x30, 0x00, 0x35, 0x00, 0x20, 0x00, 0x57, 0x00, 0x30, 0x00, 0x30,
	0x00, 0x20, 0x00, 0x42, 0x00, 0x6F, 0x00, 0x6C, 0x00, 0x64, 0x00, 0x00,
	0x4B, 0x61, 0x6D, 0x65, 0x72, 0x69, 0x6B, 0x20, 0x31, 0x30, 0x35, 0x20,
	0x57, 0x30, 0x30, 0x20, 0x42, 0x6F, 0x6C, 0x64, 0x00, 0x00, 0x56, 0x00,
	0x65, 0x00, 0x72, 0x00, 0x73, 0x00, 0x69, 0x00, 0x6F, 0x00, 0x6E, 0x00,
	0x20, 0x00, 0x31, 0x00, 0x2E, 0x00, 0x30, 0x00, 0x30, 0x00, 0x00, 0x56,
	0x65, 0x72, 0x73, 0x69, 0x6F, 0x6E, 0x20, 0x31, 0x2E, 0x30, 0x30, 0x00,
	0x00, 0x4B, 0x00, 0x61, 0x00, 0x6D, 0x00, 0x65, 0x00, 0x72, 0x00, 0x69,
	0x00, 0x6B, 0x00, 0x31, 0x00, 0x30, 0x00, 0x35, 0x00, 0x57, 0x00, 0x30,
	0x00, 0x30, 0x00, 0x2D, 0x00, 0x42, 0x00, 0x6F, 0x00, 0x6C, 0x00, 0x64,
	0x00, 0x00, 0x4B, 0x61, 0x6D, 0x65, 0x72, 0x69, 0x6B, 0x31, 0x30, 0x35,
	0x57, 0x30, 0x30, 0x2D, 0x42, 0x6F, 0x6C, 0x64, 0x00, 0x00, 0x4B, 0x00,
	0x61, 0x00, 0x6D, 0x00, 0x65, 0x00, 0x72, 0x00, 0x69, 0x00, 0x6B, 0x00,
	0x20, 0x00, 0x31, 0x00, 0x30, 0x00, 0x35, 0x00, 0x20, 0x00, 0x69, 0x00,
	0x73, 0x00, 0x20, 0x00, 0x61, 0x00, 0x20, 0x00, 0x74, 0x00, 0x72, 0x00,
	0x61, 0x00, 0x64, 0x00, 0x65, 0x00, 0x6D, 0x00, 0x61, 0x00, 0x72, 0x00,
	0x6B, 0x00, 0x20, 0x00, 0x6F, 0x00, 0x66, 0x00, 0x20, 0x00, 0x54, 0x00,
	0x61, 0x00, 0x6C, 0x00, 0x62, 0x00, 0x6F, 0x00, 0x74, 0x00, 0x20, 0x00,
	0x54, 0x00, 0x79, 0x00, 0x70, 0x00, 0x65, 0x00, 0x00, 0x4B, 0x61, 0x6D,
	0x65, 0x72, 0x69, 0x6B, 0x20, 0x31, 0x30, 0x35, 0x20, 0x69, 0x73, 0x20,
	0x61, 0x20, 0x74, 0x72, 0x61, 0x64, 0x65, 0x6D, 0x61, 0x72, 0x6B, 0x20,
	0x6F, 0x66, 0x20, 0x54, 0x61, 0x6C, 0x62, 0x6F, 0x74, 0x20, 0x54, 0x79,
	0x70, 0x65, 0x00, 0x00, 0x54, 0x00, 0x61, 0x00, 0x6C, 0x00, 0x62, 0x00,
	0x6F, 0x00, 0x74, 0x00, 0x20, 0x00, 0x54, 0x00, 0x79, 0x00, 0x70, 0x00,
	0x65, 0x00, 0x00, 0x54, 0x61, 0x6C, 0x62, 0x6F, 0x74, 0x20, 0x54, 0x79,
	0x70, 0x65, 0x00, 0x00, 0x41, 0x00, 0x64, 0x00, 0x72, 0x00, 0x69, 0x00,
	0x61, 0x00, 0x6E, 0x00, 0x20, 0x00, 0x54, 0x00, 0x61, 0x00, 0x6C, 0x00,
	0x62, 0x00, 0x6F, 0x00, 0x74, 0x00, 0x00, 0x41, 0x64, 0x72, 0x69, 0x61,
	0x6E, 0x20, 0x54, 0x61, 0x6C, 0x62, 0x6F, 0x74, 0x00, 0x00, 0x50, 0x00,
	0x61, 0x00, 0x72, 0x00, 0x74, 0x00, 0x20, 0x00, 0x6F, 0x00, 0x66, 0x00,
	0x20, 0x00, 0x74, 0x00, 0x68, 0x00, 0x65, 0x00, 0x20, 0x00, 0x4B, 0x00,
	0x61, 0x00, 0x6D, 0x00, 0x65, 0x00, 0x72, 0x00, 0x69, 0x00, 0x6B, 0x00,
	0x20, 0x00, 0x31, 0x00, 0x30, 0x00, 0x35, 0x00, 0x20, 0x00, 0x43, 0x00,
	0x6F, 0x00, 0x6C, 0x00, 0x6C, 0x00, 0x65, 0x00, 0x63, 0x00, 0x74, 0x00,
	0x69, 0x00, 0x6F, 0x00, 0x6E, 0x00, 0x20, 0x00, 0x62, 0x00, 0x79, 0x00,
	0x20, 0x00, 0x54, 0x00, 0x61, 0x00, 0x6C, 0x00, 0x62, 0x00, 0x6F, 0x00,
	0x74, 0x00, 0x20, 0x00, 0x54, 0x00, 0x79, 0x00, 0x70, 0x00, 0x65, 0x00,
	0x00, 0x50, 0x61, 0x72, 0x74, 0x20, 0x6F, 0x66, 0x20, 0x74, 0x68, 0x65,
	0x20, 0x4B, 0x61, 0x6D, 0x65, 0x72, 0x69, 0x6B, 0x20, 0x31, 0x30, 0x35,
	0x20, 0x43, 0x6F, 0x6C, 0x6C, 0x65, 0x63, 0x74, 0x69, 0x6F, 0x6E, 0x20,
	0x62, 0x79, 0x20, 0x54, 0x61, 0x6C, 0x62, 0x6F, 0x74, 0x20, 0x54, 0x79,
	0x70, 0x65, 0x00, 0x00, 0x77, 0x00, 0x77, 0x00, 0x77, 0x00, 0x2E, 0x00,
	0x74, 0x00, 0x61, 0x00, 0x6C, 0x00, 0x62, 0x00, 0x6F, 0x00, 0x74, 0x00,
	0x74, 0x00, 0x79, 0x00, 0x70, 0x00, 0x65, 0x00, 0x2E, 0x00, 0x63, 0x00,
	0x6F, 0x00, 0x2E, 0x00, 0x75, 0x00, 0x6B, 0x00, 0x00, 0x77, 0x77, 0x77,
	0x2E, 0x74, 0x61, 0x6C, 0x62, 0x6F, 0x74, 0x74, 0x79, 0x70, 0x65, 0x2E,
	0x63, 0x6F, 0x2E, 0x75, 0x6B, 0x00, 0x00, 0x77, 0x00, 0x77, 0x00, 0x77,
	0x00, 0x2E, 0x00, 0x74, 0x00, 0x61, 0x00, 0x6C, 0x00, 0x62, 0x00, 0x6F,
	0x00, 0x74, 0x00, 0x74, 0x00, 0x79, 0x00, 0x70, 0x00, 0x65, 0x00, 0x2E,
	0x00, 0x63, 0x00, 0x6F, 0x00, 0x2E, 0x00, 0x75, 0x00, 0x6B, 0x00, 0x00,
	0x77, 0x77, 0x77, 0x2E, 0x74, 0x61, 0x6C, 0x62, 0x6F, 0x74, 0x74, 0x79,
	0x70, 0x65, 0x2E, 0x63, 0x6F, 0x2E, 0x75, 0x6B, 0x00, 0x00, 0x77, 0x00,
	0x77, 0x00, 0x77, 0x00, 0x2E, 0x00, 0x74, 0x00, 0x61, 0x00, 0x6C, 0x00,
	0x62, 0x00, 0x6F, 0x00, 0x74, 0x00, 0x74, 0x00, 0x79, 0x00, 0x70, 0x00,
	0x65, 0x00, 0x2E, 0x00, 0x63, 0x00, 0x6F, 0x00, 0x2E, 0x00, 0x75, 0x00,
	0x6B, 0x00, 0x00, 0x77, 0x77, 0x77, 0x2E, 0x74, 0x61, 0x6C, 0x62, 0x6F,
	0x74, 0x74, 0x79, 0x70, 0x65, 0x2E, 0x63, 0x6F, 0x2E, 0x75, 0x6B, 0x00,
	0x00, 0x02, 0x00, 0x00, 0x00, 0x00, 0x00, 0x00, 0xFF, 0x83, 0x00, 0x32,
	0x00, 0x00, 0x00, 0x00, 0x00, 0x00, 0x00, 0x00, 0x00, 0x00, 0x00, 0x00,
	0x00, 0x00, 0x00, 0x00, 0x00, 0x00, 0x00, 0x00, 0x01, 0x05, 0x00, 0x00,
	0x00, 0x01, 0x00, 0x02, 0x00, 0x03, 0x00, 0x04, 0x00, 0x05, 0x00, 0x06,
	0x00, 0x07, 0x00, 0x08, 0x00, 0x09, 0x00, 0x0A, 0x00, 0x0B, 0x00, 0x0C,
	0x00, 0x0D, 0x00, 0x0E, 0x00, 0x0F, 0x00, 0x10, 0x00, 0x11, 0x00, 0x12,
	0x00, 0x13, 0x00, 0x14, 0x00, 0x15, 0x00, 0x16, 0x00, 0x17, 0x00, 0x18,
	0x00, 0x19, 0x00, 0x1A, 0x00, 0x1B, 0x00, 0x1C, 0x00, 0x1D, 0x00, 0x1E,
	0x00, 0x1F, 0x00, 0x20, 0x00, 0x21, 0x00, 0x22, 0x00, 0x23, 0x00, 0x24,
	0x00, 0x25, 0x00, 0x26, 0x00, 0x27, 0x00, 0x28, 0x00, 0x29, 0x00, 0x2A,
	0x00, 0x2B, 0x00, 0x2C, 0x00, 0x2D, 0x00, 0x2E, 0x00, 0x2F, 0x00, 0x30,
	0x00, 0x31, 0x00, 0x32, 0x00, 0x33, 0x00, 0x34, 0x00, 0x35, 0x00, 0x36,
	0x00, 0x37, 0x00, 0x38, 0x00, 0x39, 0x00, 0x3A, 0x00, 0x3B, 0x00, 0x3C,
	0x00, 0x3D, 0x00, 0x3E, 0x00, 0x3F, 0x00, 0x40, 0x00, 0x41, 0x00, 0x42,
	0x00, 0x43, 0x00, 0x44, 0x00, 0x45, 0x00, 0x46, 0x00, 0x47, 0x00, 0x48,
	0x00, 0x49, 0x00, 0x4A, 0x00, 0x4B, 0x00, 0x4C, 0x00, 0x4D, 0x00, 0x4E,
	0x00, 0x4F, 0x00, 0x50, 0x00, 0x51, 0x00, 0x52, 0x00, 0x53, 0x00, 0x54,
	0x00, 0x55, 0x00, 0x56, 0x00, 0x57, 0x00, 0x58, 0x00, 0x59, 0x00, 0x5A,
	0x00, 0x5B, 0x00, 0x5C, 0x00, 0x5D, 0x00, 0x5E, 0x00, 0x5F, 0x00, 0x60,
	0x00, 0x61, 0x01, 0x02, 0x00, 0xA3, 0x00, 0x84, 0x00, 0x85, 0x00, 0xBD,
	0x00, 0x96, 0x00, 0xE8, 0x00, 0x86, 0x00, 0x8E, 0x00, 0x8B, 0x00, 0x9D,
	0x00, 0xA9, 0x00, 0xA4, 0x01, 0x03, 0x00, 0x8A, 0x00, 0xDA, 0x00, 0x83,
	0x00, 0x93, 0x01, 0x04, 0x01, 0x05, 0x00, 0x8D, 0x00, 0x97, 0x00, 0x88,
	0x00, 0xC3, 0x00, 0xDE, 0x01, 0x06, 0x00, 0x9E, 0x00, 0xAA, 0x00, 0xF5,
	0x00, 0xF4, 0x00, 0xF6, 0x00, 0xA2, 0x00, 0xAD, 0x00, 0xC9, 0x00, 0xC7,
	0x00, 0xAE, 0x00, 0x62, 0x00, 0x63, 0x00, 0x90, 0x00, 0x64, 0x00, 0xCB,
	0x00, 0x65, 0x00, 0xC8, 0x00, 0xCA, 0x00, 0xCF, 0x00, 0xCC, 0x00, 0xCD,
	0x00, 0xCE, 0x00, 0xE9, 0x00, 0x66, 0x00, 0xD3, 0x00, 0xD0, 0x00, 0xD1,
	0x00, 0xAF, 0x00, 0x67, 0x00, 0xF0, 0x00, 0x91, 0x00, 0xD6, 0x00, 0xD4,
	0x00, 0xD5, 0x00, 0x68, 0x00, 0xEB, 0x00, 0xED, 0x00, 0x89, 0x00, 0x6A,
	0x00, 0x69, 0x00, 0x6B, 0x00, 0x6D, 0x00, 0x6C, 0x00, 0x6E, 0x00, 0xA0,
	0x00, 0x6F, 0x00, 0x71, 0x00, 0x70, 0x00, 0x72, 0x00, 0x73, 0x00, 0x75,
	0x00, 0x74, 0x00, 0x76, 0x00, 0x77, 0x00, 0xEA, 0x00, 0x78, 0x00, 0x7A,
	0x00, 0x79, 0x00, 0x7B, 0x00, 0x7D, 0x00, 0x7C, 0x00, 0xB8, 0x00, 0xA1,
	0x00, 0x7F, 0x00, 0x7E, 0x00, 0x80, 0x00, 0x81, 0x00, 0xEC, 0x00, 0xEE,
	0x00, 0xBA, 0x00, 0xD7, 0x00, 0xE2, 0x00, 0xE3, 0x00, 0xB0, 0x00, 0xB1,
	0x00, 0xE4, 0x00, 0xE5, 0x00, 0xBB, 0x00, 0xE6, 0x00, 0xE7, 0x00, 0xA6,
	0x00, 0xD8, 0x00, 0xE1, 0x01, 0x07, 0x00, 0xDB, 0x00, 0xDC, 0x00, 0xDD,
	0x00, 0xE0, 0x00, 0xD9, 0x00, 0xDF, 0x01, 0x08, 0x01, 0x09, 0x01, 0x0A,
	0x00, 0x9B, 0x00, 0xB2, 0x00, 0xB3, 0x00, 0xB6, 0x00, 0xB7, 0x00, 0xC4,
	0x00, 0xB4, 0x00, 0xB5, 0x00, 0xC5, 0x00, 0x82, 0x00, 0xC2, 0x00, 0x87,
	0x00, 0xAB, 0x00, 0xC6, 0x00, 0xBE, 0x00, 0xBF, 0x00, 0xBC, 0x01, 0x0B,
	0x00, 0x8C, 0x00, 0x9F, 0x00, 0x98, 0x00, 0xA8, 0x00, 0x9A, 0x00, 0x99,
	0x00, 0xEF, 0x01, 0x0C, 0x01, 0x0D, 0x00, 0xA5, 0x00, 0x92, 0x00, 0x9C,
	0x00, 0xA7, 0x00, 0x8F, 0x00, 0x94, 0x00, 0x95, 0x00, 0xB9, 0x01, 0x0E,
	0x01, 0x0F, 0x01, 0x10, 0x01, 0x11, 0x01, 0x12, 0x01, 0x13, 0x01, 0x14,
	0x01, 0x15, 0x01, 0x16, 0x07, 0x75, 0x6E, 0x69, 0x30, 0x30, 0x41, 0x30,
	0x07, 0x75, 0x6E, 0x69, 0x30, 0x30, 0x41, 0x44, 0x07, 0x75, 0x6E, 0x69,
	0x30, 0x30, 0x42, 0x32, 0x07, 0x75, 0x6E, 0x69, 0x30, 0x30, 0x42, 0x33,
	0x07, 0x75, 0x6E, 0x69, 0x30, 0x30, 0x42, 0x39, 0x07, 0x75, 0x6E, 0x69,
	0x30, 0x32, 0x43, 0x39, 0x07, 0x75, 0x6E, 0x69, 0x30, 0x33, 0x39, 0x34,
	0x07, 0x75, 0x6E, 0x69, 0x30, 0x33, 0x41, 0x39, 0x07, 0x75, 0x6E, 0x69,
	0x30, 0x33, 0x42, 0x43, 0x04, 0x45, 0x75, 0x72, 0x6F, 0x07, 0x75, 0x6E,
	0x69, 0x32, 0x32, 0x31, 0x35, 0x07, 0x75, 0x6E, 0x69, 0x32, 0x32, 0x31,
	0x39, 0x07, 0x75, 0x6E, 0x69, 0x46, 0x38, 0x46, 0x46, 0x07, 0x75, 0x6E,
	0x69, 0x46, 0x42, 0x30, 0x31, 0x07, 0x75, 0x6E, 0x69, 0x46, 0x42, 0x30,
	0x32, 0x08, 0x67, 0x6C, 0x79, 0x70, 0x68, 0x32, 0x32, 0x30, 0x08, 0x67,
	0x6C, 0x79, 0x70, 0x68, 0x32, 0x32, 0x31, 0x08, 0x67, 0x6C, 0x79, 0x70,
	0x68, 0x32, 0x32, 0x32, 0x08, 0x67, 0x6C, 0x79, 0x70, 0x68, 0x32, 0x32,
	0x33, 0x08, 0x67, 0x6C, 0x79, 0x70, 0x68, 0x32, 0x32, 0x34, 0x08, 0x67,
	0x6C, 0x79, 0x70, 0x68, 0x32, 0x35, 0x31, 0x00, 0x00, 0x00, 0x00, 0x01,
	0xFF, 0xFF, 0x00, 0x03, 0x00, 0x01, 0x00, 0x00, 0x00, 0x0C, 0x00, 0x00,
	0x00, 0x16, 0x00, 0x00, 0x00, 0x02, 0x00, 0x01, 0x00, 0x03, 0x01, 0x04,
	0x00, 0x01, 0x00, 0x04, 0x00, 0x00, 0x00, 0x02, 0x00, 0x00, 0x00, 0x00,
	0x00, 0x01, 0x00, 0x00, 0x00, 0x0A, 0x00, 0x3C, 0x00, 0x3E, 0x00, 0x03,
	0x44, 0x46, 0x4C, 0x54, 0x00, 0x14, 0x67, 0x72, 0x65, 0x6B, 0x00, 0x1E,
	0x6C, 0x61, 0x74, 0x6E, 0x00, 0x28, 0x00, 0x04, 0x00, 0x00, 0x00, 0x00,
	0xFF, 0xFF, 0x00, 0x00, 0x00, 0x04, 0x00, 0x00, 0x00, 0x00, 0xFF, 0xFF,
	0x00, 0x00, 0x00, 0x04, 0x00, 0x00, 0x00, 0x00, 0xFF, 0xFF, 0x00, 0x00,
	0x00, 0x00, 0x00, 0x00, 0x00, 0x01, 0x00, 0x00, 0x00, 0x0A, 0x00, 0x42,
	0x00, 0x50, 0x00, 0x03, 0x44, 0x46, 0x4C, 0x54, 0x00, 0x14, 0x67, 0x72,
	0x65, 0x6B, 0x00, 0x20, 0x6C, 0x61, 0x74, 0x6E, 0x00, 0x2C, 0x00, 0x04,
	0x00, 0x00, 0x00, 0x00, 0xFF, 0xFF, 0x00, 0x01, 0x00, 0x00, 0x00, 0x04,
	0x00, 0x00, 0x00, 0x00, 0xFF, 0xFF, 0x00, 0x01, 0x00, 0x00, 0x00, 0x04,
	0x00, 0x00, 0x00, 0x00, 0xFF, 0xFF, 0x00, 0x01, 0x00, 0x00, 0x00, 0x01,
	0x6B, 0x65, 0x72, 0x6E, 0x00, 0x08, 0x00, 0x00, 0x00, 0x01, 0x00, 0x00,
	0x00, 0x01, 0x00, 0x04, 0x00, 0x02, 0x00, 0x00, 0x00, 0x01, 0x00, 0x08,
	0x00, 0x01, 0x1C, 0x68, 0x00, 0x04, 0x00, 0x00, 0x00, 0x7B, 0x01, 0x00,
	0x01, 0x0A, 0x01, 0x18, 0x01, 0x1E, 0x01, 0x28, 0x01, 0x36, 0x01, 0x40,
	0x01, 0x4E, 0x01, 0x60, 0x01, 0x6E, 0x01, 0x88, 0x02, 0x7A, 0x02, 0xA4,
	0x03, 0x16, 0x03, 0x6C, 0x04, 0x2A, 0x05, 0x00, 0x05, 0x2A, 0x05, 0x3C,
	0x05, 0x5A, 0x05, 0x88, 0x06, 0x6A, 0x07, 0x50, 0x07, 0x66, 0x07, 0x7C,
	0x07, 0xDE, 0x08, 0x80, 0x08, 0xC6, 0x09, 0x54, 0x09, 0xB6, 0x0A, 0xD8,
	0x0A, 0xF6, 0x0C, 0x0C, 0x0D, 0x0A, 0x0E, 0x04, 0x0F, 0x06, 0x0F, 0xDC,
	0x0F, 0xE2, 0x10, 0x04, 0x10, 0x66, 0x10, 0x6C, 0x10, 0xA6, 0x11, 0x10,
	0x11, 0x16, 0x11, 0x30, 0x11, 0x36, 0x11, 0x3C, 0x11, 0xAA, 0x11, 0xB4,
	0x11, 0xC6, 0x11, 0xDC, 0x12, 0x1E, 0x12, 0x60, 0x12, 0xF6, 0x13, 0x0C,
	0x0F, 0xDC, 0x13, 0x8E, 0x14, 0x18, 0x14, 0xA2, 0x15, 0x20, 0x15, 0xA2,
	0x0F, 0xDC, 0x16, 0x20, 0x16, 0x8E, 0x16, 0xFC, 0x17, 0x6A, 0x17, 0xD8,
	0x18, 0x46, 0x18, 0xB4, 0x18, 0xD6, 0x18, 0xD6, 0x18, 0xD6, 0x18, 0xD6,
	0x19, 0x18, 0x19, 0x42, 0x19, 0x48, 0x19, 0x48, 0x19, 0x48, 0x19, 0x48,
	0x19, 0x48, 0x19, 0x72, 0x19, 0x98, 0x19, 0x98, 0x19, 0x98, 0x19, 0x98,
	0x19, 0xA6, 0x19, 0xDC, 0x0F, 0xDC, 0x0F, 0xDC, 0x0F, 0xDC, 0x0F, 0xDC,
	0x0F, 0xDC, 0x0F, 0xDC, 0x1A, 0x12, 0x1A, 0x2C, 0x1A, 0x2C, 0x1A, 0x2C,
	0x1A, 0x2C, 0x1A, 0x42, 0x1A, 0x42, 0x1A, 0x42, 0x1A, 0x48, 0x1A, 0x5A,
	0x1A, 0x68, 0x1A, 0x68, 0x1A, 0x68, 0x1A, 0x68, 0x1A, 0x86, 0x0F, 0xDC,
	0x0F, 0xDC, 0x0F, 0xDC, 0x0F, 0xDC, 0x1A, 0xA4, 0x1A, 0xDA, 0x1A, 0xF8,
	0x1B, 0x2E, 0x1B, 0x8C, 0x1B, 0x96, 0x1B, 0xAC, 0x1B, 0xBA, 0x1B, 0xF0,
	0x1C, 0x36, 0x0F, 0xDC, 0x00, 0x02, 0x00, 0x14, 0xFF, 0xEC, 0x00, 0x1A,
	0xFF, 0xF6, 0x00, 0x03, 0x00, 0x13, 0x00, 0x14, 0x00, 0x18, 0x00, 0x10,
	0x00, 0x1B, 0x00, 0x0A, 0x00, 0x01, 0x00, 0x1A, 0xFF, 0xEE, 0x00, 0x02,
	0x00, 0x14, 0xFF, 0xE2, 0x00, 0x1C, 0xFF, 0xE2, 0x00, 0x03, 0x00, 0x14,
	0xFF, 0xEC, 0x00, 0x1A, 0xFF, 0xEC, 0x00, 0x1C, 0xFF, 0xEA, 0x00, 0x02,
	0x00, 0x14, 0xFF, 0xDA, 0x00, 0x1C, 0xFF, 0xEE, 0x00, 0x03, 0x00, 0x14,
	0xFF, 0xD8, 0x00, 0x1A, 0xFF, 0xD0, 0x00, 0x1C, 0xFF, 0xE4, 0x00, 0x04,
	0x00, 0x17, 0xFF, 0xD0, 0x00, 0x18, 0xFF, 0xEC, 0x00, 0x19, 0xFF, 0xE2,
	0x00, 0x1B, 0xFF, 0xE8, 0x00, 0x03, 0x00, 0x14, 0xFF, 0xCE, 0x00, 0x1A,
	0xFF, 0xDF, 0x00, 0x1C, 0xFF, 0xE2, 0x00, 0x06, 0x00, 0x16, 0xFF, 0xD8,
	0x00, 0x17, 0xFF, 0xDE, 0x00, 0x18, 0xFF, 0xEE, 0x00, 0x19, 0xFF, 0xE4,
	0x00, 0x1A, 0xFF, 0xDE, 0x00, 0x1B, 0xFF, 0xEC, 0x00, 0x3C, 0x00, 0x24,
	0x00, 0x0C, 0x00, 0x26, 0xFF, 0xE4, 0x00, 0x2A, 0xFF, 0xE4, 0x00, 0x2D,
	0x00, 0x0C, 0x00, 0x32, 0xFF, 0xE4, 0x00, 0x34, 0xFF, 0xE4, 0x00, 0x37,
	0xFF, 0xAE, 0x00, 0x39, 0xFF, 0xB2, 0x00, 0x3A, 0xFF, 0xC2, 0x00, 0x3B,
	0x00, 0x0C, 0x00, 0x3C, 0xFF, 0xA6, 0x00, 0x3D, 0x00, 0x20, 0x00, 0x44,
	0xFF, 0xDC, 0x00, 0x46, 0xFF, 0xDC, 0x00, 0x47, 0xFF, 0xDC, 0x00, 0x48,
	0xFF, 0xDC, 0x00, 0x49, 0xFF, 0xF4, 0x00, 0x4A, 0xFF, 0xDC, 0x00, 0x4D,
	0xFF, 0xDC, 0x00, 0x52, 0xFF, 0xDC, 0x00, 0x54, 0xFF, 0xDC, 0x00, 0x57,
	0xFF, 0xEA, 0x00, 0x58, 0xFF, 0xF6, 0x00, 0x59, 0xFF, 0xBA, 0x00, 0x5A,
	0xFF, 0xCE, 0x00, 0x5C, 0xFF, 0xC4, 0x00, 0x5D, 0x00, 0x0C, 0x00, 0x89,
	0xFF, 0xE4, 0x00, 0x94, 0xFF, 0xE4, 0x00, 0x95, 0xFF, 0xE4, 0x00, 0x96,
	0xFF, 0xE4, 0x00, 0x97, 0xFF, 0xE4, 0x00, 0x98, 0xFF, 0xE4, 0x00, 0x9A,
	0xFF, 0xF6, 0x00, 0x9F, 0xFF, 0xA6, 0x00, 0xA2, 0xFF, 0xDC, 0x00, 0xA3,
	0xFF, 0xDC, 0x00, 0xA4, 0xFF, 0xDC, 0x00, 0xA5, 0xFF, 0xDC, 0x00, 0xA6,
	0xFF, 0xDC, 0x00, 0xA7, 0xFF, 0xDC, 0x00, 0xA9, 0xFF, 0xDC, 0x00, 0xAA,
	0xFF, 0xDC, 0x00, 0xAB, 0xFF, 0xDC, 0x00, 0xAC, 0xFF, 0xDC, 0x00, 0xAD,
	0xFF, 0xDC, 0x00, 0xB4, 0xFF, 0xDC, 0x00, 0xB5, 0xFF, 0xDC, 0x00, 0xB6,
	0xFF, 0xDC, 0x00, 0xB8, 0xFF, 0xDC, 0x00, 0xBA, 0xFF, 0xEC, 0x00, 0xBB,
	0xFF, 0xF6, 0x00, 0xBC, 0xFF, 0xF6, 0x00, 0xBD, 0xFF, 0xF6, 0x00, 0xBE,
	0xFF, 0xF6, 0x00, 0xBF, 0xFF, 0xC4, 0x00, 0xC1, 0xFF, 0xC4, 0x00, 0xC9,
	0xFF, 0xA6, 0x00, 0xCA, 0x00, 0x20, 0x00, 0xCB, 0x00, 0x0C, 0x00, 0x0A,
	0x00, 0x37, 0xFF, 0xDC, 0x00, 0x39, 0xFF, 0xD0, 0x00, 0x3A, 0xFF, 0xE0,
	0x00, 0x3B, 0xFF, 0xE4, 0x00, 0x3C, 0xFF, 0xC8, 0x00, 0x3D, 0xFF, 0xEC,
	0x00, 0x4D, 0xFF, 0xAA, 0x00, 0x9F, 0xFF, 0xC8, 0x00, 0xC9, 0xFF, 0xC8,
	0x00, 0xCA, 0xFF, 0xEC, 0x00, 0x1C, 0x00, 0x24, 0xFF, 0xEC, 0x00, 0x3C,
	0xFF, 0xE2, 0x00, 0x44, 0xFF, 0xF4, 0x00, 0x48, 0xFF, 0xF4, 0x00, 0x4A,
	0xFF, 0xF4, 0x00, 0x4D, 0xFF, 0xCE, 0x00, 0x52, 0xFF, 0xF4, 0x00, 0x54,
	0xFF, 0xF4, 0x00, 0x56, 0xFF, 0xF6, 0x00, 0x5D, 0x00, 0x10, 0x00, 0xA2,
	0xFF, 0xF4, 0x00, 0xA3, 0xFF, 0xF4, 0x00, 0xA4, 0xFF, 0xF4, 0x00, 0xA5,
	0xFF, 0xF4, 0x00, 0xA6, 0xFF, 0xF4, 0x00, 0xA7, 0xFF, 0xF4, 0x00, 0xAA,
	0xFF, 0xF4, 0x00, 0xAB, 0xFF, 0xF4, 0x00, 0xAC, 0xFF, 0xF4, 0x00, 0xAD,
	0xFF, 0xF4, 0x00, 0xB1, 0x00, 0x28, 0x00, 0xB4, 0xFF, 0xF4, 0x00, 0xB5,
	0xFF, 0xF4, 0x00, 0xB6, 0xFF, 0xF4, 0x00, 0xB8, 0xFF, 0xF4, 0x00, 0xBA,
	0xFF, 0xF6, 0x00, 0xC8, 0xFF, 0xF6, 0x00, 0xCB, 0x00, 0x10, 0x00, 0x15,
	0x00, 0x24, 0xFF, 0xE4, 0x00, 0x2D, 0xFF, 0xCC, 0x00, 0x39, 0xFF, 0xE0,
	0x00, 0x3A, 0xFF, 0xE8, 0x00, 0x3B, 0xFF, 0xE4, 0x00, 0x3C, 0xFF, 0xC4,
	0x00, 0x3D, 0xFF, 0xE0, 0x00, 0x4D, 0xFF, 0xC4, 0x00, 0x59, 0xFF, 0xF4,
	0x00, 0x5C, 0xFF, 0xF4, 0x00, 0x82, 0xFF, 0xE4, 0x00, 0x83, 0xFF, 0xE4,
	0x00, 0x84, 0xFF, 0xE4, 0x00, 0x85, 0xFF, 0xE4, 0x00, 0x86, 0xFF, 0xE4,
	0x00, 0x87, 0xFF, 0xE4, 0x00, 0x9F, 0xFF, 0xC4, 0x00, 0xBF, 0xFF, 0xF4,
	0x00, 0xC1, 0xFF, 0xF4, 0x00, 0xC9, 0xFF, 0xC4, 0x00, 0xCA, 0xFF, 0xE0,
	0x00, 0x2F, 0x00, 0x26, 0xFF, 0xEC, 0x00, 0x2A, 0xFF, 0xEC, 0x00, 0x32,
	0xFF, 0xEC, 0x00, 0x34, 0xFF, 0xEC, 0x00, 0x3D, 0x00, 0x0C, 0x00, 0x44,
	0xFF, 0xEC, 0x00, 0x46, 0xFF, 0xEC, 0x00, 0x47, 0xFF, 0xEC, 0x00, 0x48,
	0xFF, 0xEC, 0x00, 0x4A, 0xFF, 0xEC, 0x00, 0x4D, 0xFF, 0xCC, 0x00, 0x52,
	0xFF, 0xEC, 0x00, 0x54, 0xFF, 0xEC, 0x00, 0x59, 0xFF, 0xEE, 0x00, 0x5A,
	0xFF, 0xF4, 0x00, 0x5C, 0xFF, 0xEE, 0x00, 0x5D, 0x00, 0x0A, 0x00, 0x89,
	0xFF, 0xE8, 0x00, 0x94, 0xFF, 0xEC, 0x00, 0x95, 0xFF, 0xEC, 0x00, 0x96,
	0xFF, 0xEC, 0x00, 0x97, 0xFF, 0xEC, 0x00, 0x98, 0xFF, 0xEC, 0x00, 0xA2,
	0xFF, 0xEC, 0x00, 0xA3, 0xFF, 0xEC, 0x00, 0xA4, 0xFF, 0xEC, 0x00, 0xA5,
	0xFF, 0xEC, 0x00, 0xA6, 0xFF, 0xEC, 0x00, 0xA7, 0xFF, 0xEC, 0x00, 0xA9,
	0xFF, 0xEC, 0x00, 0xAA, 0xFF, 0xEC, 0x00, 0xAB, 0xFF, 0xEC, 0x00, 0xAC,
	0xFF, 0xEC, 0x00, 0xAD, 0xFF, 0xEC, 0x00, 0xAE, 0x00, 0x14, 0x00, 0xAF,
	0x00, 0x14, 0x00, 0xB0, 0x00, 0x14, 0x00, 0xB1, 0x00, 0x32, 0x00, 0xB4,
	0xFF, 0xEC, 0x00, 0xB5, 0xFF, 0xEC, 0x00, 0xB6, 0xFF, 0xEC, 0x00, 0xB8,
	0xFF, 0xEC, 0x00, 0xBA, 0xFF, 0xF6, 0x00, 0xBF, 0xFF, 0xEE, 0x00, 0xC1,
	0xFF, 0xEE, 0x00, 0xCA, 0x00, 0x0C, 0x00, 0xCB, 0x00, 0x0A, 0x00, 0x35,
	0x00, 0x24, 0xFF, 0xB8, 0x00, 0x2A, 0xFF, 0xEC, 0x00, 0x2D, 0xFF, 0x96,
	0x00, 0x32, 0xFF, 0xEC, 0x00, 0x34, 0xFF, 0xEC, 0x00, 0x39, 0x00, 0x10,
	0x00, 0x3A, 0x00, 0x0C, 0x00, 0x3D, 0x00, 0x10, 0x00, 0x44, 0xFF, 0xDC,
	0x00, 0x48, 0xFF, 0xDC, 0x00, 0x4D, 0xFF, 0xA8, 0x00, 0x52, 0xFF, 0xDC,
	0x00, 0x58, 0xFF, 0xEA, 0x00, 0x5A, 0xFF, 0xEC, 0x00, 0x5C, 0xFF, 0xE2,
	0x00, 0x82, 0xFF, 0xB8, 0x00, 0x83, 0xFF, 0xB8, 0x00, 0x84, 0xFF, 0xB8,
	0x00, 0x85, 0xFF, 0xB8, 0x00, 0x86, 0xFF, 0xB8, 0x00, 0x87, 0xFF, 0xB8,
	0x00, 0x94, 0xFF, 0xEC, 0x00, 0x95, 0xFF, 0xEC, 0x00, 0x96, 0xFF, 0xEC,
	0x00, 0x97, 0xFF, 0xEC, 0x00, 0x98, 0xFF, 0xEC, 0x00, 0x9A, 0xFF, 0xEC,
	0x00, 0xA2, 0xFF, 0xDC, 0x00, 0xA3, 0xFF, 0xDC, 0x00, 0xA4, 0xFF, 0xDC,
	0x00, 0xA5, 0xFF, 0xDC, 0x00, 0xA6, 0xFF, 0xDC, 0x00, 0xA7, 0xFF, 0xDC,
	0x00, 0xAA, 0xFF, 0xDC, 0x00, 0xAB, 0xFF, 0xDC, 0x00, 0xAC, 0xFF, 0xDC,
	0x00, 0xAD, 0xFF, 0xDC, 0x00, 0xAE, 0x00, 0x28, 0x00, 0xAF, 0x00, 0x28,
	0x00, 0xB0, 0x00, 0x28, 0x00, 0xB1, 0x00, 0x46, 0x00, 0xB4, 0xFF, 0xDC,
	0x00, 0xB5, 0xFF, 0xDC, 0x00, 0xB6, 0xFF, 0xDC, 0x00, 0xB8, 0xFF, 0xDC,
	0x00, 0xBA, 0xFF, 0xDC, 0x00, 0xBB, 0xFF, 0xEA, 0x00, 0xBC, 0xFF, 0xEA,
	0x00, 0xBD, 0xFF, 0xEA, 0x00, 0xBE, 0xFF, 0xEA, 0x00, 0xBF, 0xFF, 0xE2,
	0x00, 0xC1, 0xFF, 0xE2, 0x00, 0xCA, 0x00, 0x10, 0x00, 0x0A, 0x00, 0x37,
	0xFF, 0xE2, 0x00, 0x39, 0xFF, 0xE2, 0x00, 0x3C, 0xFF, 0xC4, 0x00, 0x3D,
	0x00, 0x14, 0x00, 0x4D, 0xFF, 0xA8, 0x00, 0x5C, 0xFF, 0xF0, 0x00, 0x9F,
	0xFF, 0xF0, 0x00, 0xBF, 0xFF, 0xF0, 0x00, 0xC1, 0xFF, 0xF0, 0x00, 0xC9,
	0xFF, 0xF0, 0x00, 0x04, 0x00, 0xAE, 0x00, 0x14, 0x00, 0xAF, 0x00, 0x14,
	0x00, 0xB0, 0x00, 0x14, 0x00, 0xB1, 0x00, 0x14, 0x00, 0x07, 0x00, 0x4D,
	0xFF, 0xAE, 0x00, 0x5D, 0x00, 0x0C, 0x00, 0xAE, 0x00, 0x14, 0x00, 0xAF,
	0x00, 0x14, 0x00, 0xB0, 0x00, 0x14, 0x00, 0xB1, 0x00, 0x14, 0x00, 0xCB,
	0x00, 0x0C, 0x00, 0x0B, 0x00, 0x24, 0xFF, 0xF6, 0x00, 0x2D, 0xFF, 0xE8,
	0x00, 0x82, 0xFF, 0xF6, 0x00, 0x83, 0xFF, 0xF6, 0x00, 0x84, 0xFF, 0xF6,
	0x00, 0x85, 0xFF, 0xF6, 0x00, 0x86, 0xFF, 0xF6, 0x00, 0x87, 0xFF, 0xF6,
	0x00, 0xAE, 0x00, 0x14, 0x00, 0xAF, 0x00, 0x14, 0x00, 0xB1, 0x00, 0x14,
	0x00, 0x38, 0x00, 0x26, 0xFF, 0xC4, 0x00, 0x2A, 0xFF, 0xB8, 0x00, 0x32,
	0xFF, 0xBC, 0x00, 0x34, 0xFF, 0xC4, 0x00, 0x36, 0xFF, 0xE4, 0x00, 0x38,
	0xFF, 0xF4, 0x00, 0x3D, 0x00, 0x0C, 0x00, 0x44, 0xFF, 0xB8, 0x00, 0x48,
	0xFF, 0xD0, 0x00, 0x4D, 0xFF, 0xB2, 0x00, 0x51, 0xFF, 0xF6, 0x00, 0x52,
	0xFF, 0xD0, 0x00, 0x56, 0xFF, 0xEC, 0x00, 0x58, 0xFF, 0xE6, 0x00, 0x5A,
	0xFF, 0xD6, 0x00, 0x5C, 0xFF, 0xD8, 0x00, 0x89, 0xFF, 0xCE, 0x00, 0x94,
	0xFF, 0xBC, 0x00, 0x95, 0xFF, 0xBC, 0x00, 0x96, 0xFF, 0xBC, 0x00, 0x97,
	0xFF, 0xBC, 0x00, 0x98, 0xFF, 0xBC, 0x00, 0x9A, 0xFF, 0xEC, 0x00, 0x9B,
	0xFF, 0xF4, 0x00, 0x9C, 0xFF, 0xF4, 0x00, 0x9D, 0xFF, 0xF4, 0x00, 0x9E,
	0xFF, 0xF4, 0x00, 0xA2, 0xFF, 0xB8, 0x00, 0xA3, 0xFF, 0xB8, 0x00, 0xA4,
	0xFF, 0xB8, 0x00, 0xA5, 0xFF, 0xB8, 0x00, 0xA6, 0xFF, 0xB8, 0x00, 0xA7,
	0xFF, 0xB8, 0x00, 0xAA, 0xFF, 0xD0, 0x00, 0xAB, 0xFF, 0xD0, 0x00, 0xAC,
	0xFF, 0xD0, 0x00, 0xAD, 0xFF, 0xD0, 0x00, 0xAE, 0x00, 0x14, 0x00, 0xAF,
	0x00, 0x14, 0x00, 0xB0, 0x00, 0x14, 0x00, 0xB1, 0x00, 0x32, 0x00, 0xB3,
	0xFF, 0xF6, 0x00, 0xB4, 0xFF, 0xD0, 0x00, 0xB5, 0xFF, 0xD0, 0x00, 0xB6,
	0xFF, 0xD0, 0x00, 0xB8, 0xFF, 0xD0, 0x00, 0xBA, 0xFF, 0xE2, 0x00, 0xBB,
	0xFF, 0xE6, 0x00, 0xBC, 0xFF, 0xE6, 0x00, 0xBD, 0xFF, 0xE6, 0x00, 0xBE,
	0xFF, 0xE6, 0x00, 0xBF, 0xFF, 0xD8, 0x00, 0xC1, 0xFF, 0xD8, 0x00, 0xC7,
	0xFF, 0xE4, 0x00, 0xC8, 0xFF, 0xEC, 0x00, 0xCA, 0x00, 0x0C, 0x00, 0x39,
	0x00, 0x26, 0xFF, 0xE2, 0x00, 0x2A, 0xFF, 0xD8, 0x00, 0x2D, 0x00, 0x0A,
	0x00, 0x32, 0xFF, 0xCE, 0x00, 0x34, 0xFF, 0xCE, 0x00, 0x37, 0xFF, 0x8A,
	0x00, 0x38, 0xFF, 0xD8, 0x00, 0x39, 0xFF, 0xA6, 0x00, 0x3A, 0xFF, 0xBA,
	0x00, 0x3B, 0x00, 0x14, 0x00, 0x3C, 0xFF, 0xA6, 0x00, 0x3D, 0x00, 0x1E,
	0x00, 0x44, 0xFF, 0xCE, 0x00, 0x48, 0xFF, 0xCE, 0x00, 0x4D, 0xFF, 0xD8,
	0x00, 0x52, 0xFF, 0xCE, 0x00, 0x54, 0xFF, 0xCE, 0x00, 0x58, 0xFF, 0xEC,
	0x00, 0x59, 0xFF, 0xB0, 0x00, 0x5A, 0xFF, 0xBA, 0x00, 0x5B, 0x00, 0x14,
	0x00, 0x5C, 0xFF, 0xB0, 0x00, 0x5D, 0x00, 0x14, 0x00, 0x89, 0xFF, 0xC8,
	0x00, 0x94, 0xFF, 0xC4, 0x00, 0x95, 0xFF, 0xC4, 0x00, 0x96, 0xFF, 0xC4,
	0x00, 0x97, 0xFF, 0xC4, 0x00, 0x98, 0xFF, 0xC4, 0x00, 0x9B, 0xFF, 0xD8,
	0x00, 0x9C, 0xFF, 0xD8, 0x00, 0x9D, 0xFF, 0xD8, 0x00, 0x9E, 0xFF, 0xD8,
	0x00, 0x9F, 0xFF, 0x96, 0x00, 0xA2, 0xFF, 0xC0, 0x00, 0xA3, 0xFF, 0xC0,
	0x00, 0xA4, 0xFF, 0xC0, 0x00, 0xA5, 0xFF, 0xC0, 0x00, 0xA6, 0xFF, 0xC0,
	0x00, 0xA7, 0xFF, 0xC0, 0x00, 0xAA, 0xFF, 0xCE, 0x00, 0xAB, 0xFF, 0xCE,
	0x00, 0xAC, 0xFF, 0xCE, 0x00, 0xAD, 0xFF, 0xCE, 0x00, 0xB4, 0xFF, 0xC4,
	0x00, 0xB5, 0xFF, 0xC4, 0x00, 0xB6, 0xFF, 0xC4, 0x00, 0xB8, 0xFF, 0xC4,
	0x00, 0xBA, 0xFF, 0xEC, 0x00, 0xBB, 0xFF, 0xEC, 0x00, 0xBC, 0xFF, 0xE2,
	0x00, 0xBD, 0xFF, 0xE2, 0x00, 0xBE, 0xFF, 0xE2, 0x00, 0xBF, 0xFF, 0xB0,
	0x00, 0xC1, 0xFF, 0xB0, 0x00, 0xC9, 0xFF, 0x96, 0x00, 0xCA, 0x00, 0x0C,
	0x00, 0x05, 0x00, 0x4D, 0xFF, 0xBA, 0x00, 0xAE, 0x00, 0x14, 0x00, 0xAF,
	0x00, 0x14, 0x00, 0xB0, 0x00, 0x14, 0x00, 0xB1, 0x00, 0x1E, 0x00, 0x05,
	0x00, 0x4D, 0xFF, 0xC4, 0x00, 0xAE, 0x00, 0x14, 0x00, 0xAF, 0x00, 0x14,
	0x00, 0xB0, 0x00, 0x14, 0x00, 0xB1, 0x00, 0x1E, 0x00, 0x18, 0x00, 0x24,
	0xFF, 0xE4, 0x00, 0x2D, 0xFF, 0xCA, 0x00, 0x37, 0xFF, 0xBA, 0x00, 0x39,
	0xFF, 0xD8, 0x00, 0x3A, 0xFF, 0xE2, 0x00, 0x3B, 0xFF, 0xD8, 0x00, 0x3C,
	0xFF, 0xC4, 0x00, 0x3D, 0xFF, 0xE2, 0x00, 0x4D, 0xFF, 0xCE, 0x00, 0x56,
	0xFF, 0xF6, 0x00, 0x59, 0xFF, 0xF4, 0x00, 0x5C, 0xFF, 0xF4, 0x00, 0x82,
	0xFF, 0xE4, 0x00, 0x83, 0xFF, 0xE4, 0x00, 0x84, 0xFF, 0xE4, 0x00, 0x85,
	0xFF, 0xE4, 0x00, 0x86, 0xFF, 0xE4, 0x00, 0x87, 0xFF, 0xE4, 0x00, 0x9F,
	0xFF, 0xC4, 0x00, 0xBF, 0xFF, 0xF4, 0x00, 0xC1, 0xFF, 0xF4, 0x00, 0xC8,
	0xFF, 0xF6, 0x00, 0xC9, 0xFF, 0xC4, 0x00, 0xCA, 0xFF, 0xEC, 0x00, 0x28,
	0x00, 0x24, 0xFF, 0xA0, 0x00, 0x2D, 0xFF, 0x92, 0x00, 0x37, 0xFF, 0xE0,
	0x00, 0x39, 0xFF, 0xEC, 0x00, 0x3A, 0xFF, 0xF2, 0x00, 0x3B, 0xFF, 0xEC,
	0x00, 0x3C, 0xFF, 0xE2, 0x00, 0x3D, 0xFF, 0xE2, 0x00, 0x44, 0xFF, 0xE2,
	0x00, 0x46, 0xFF, 0xE2, 0x00, 0x48, 0xFF, 0xE2, 0x00, 0x4D, 0xFF, 0xA8,
	0x00, 0x52, 0xFF, 0xE2, 0x00, 0x56, 0xFF, 0xEC, 0x00, 0x82, 0xFF, 0xA0,
	0x00, 0x83, 0xFF, 0xA0, 0x00, 0x84, 0xFF, 0xA0, 0x00, 0x85, 0xFF, 0xA0,
	0x00, 0x86, 0xFF, 0xA0, 0x00, 0x87, 0xFF, 0xA0, 0x00, 0x9F, 0xFF, 0xE2,
	0x00, 0xA2, 0xFF, 0xE2, 0x00, 0xA3, 0xFF, 0xE2, 0x00, 0xA4, 0xFF, 0xE2,
	0x00, 0xA5, 0xFF, 0xE2, 0x00, 0xA6, 0xFF, 0xE2, 0x00, 0xA7, 0xFF, 0xE2,
	0x00, 0xA9, 0xFF, 0xE2, 0x00, 0xAA, 0xFF, 0xE2, 0x00, 0xAB, 0xFF, 0xE2,
	0x00, 0xAC, 0xFF, 0xE2, 0x00, 0xAD, 0xFF, 0xE2, 0x00, 0xB4, 0xFF, 0xE2,
	0x00, 0xB5, 0xFF, 0xE2, 0x00, 0xB6, 0xFF, 0xE2, 0x00, 0xB8, 0xFF, 0xE2,
	0x00, 0xBA, 0xFF, 0xE2, 0x00, 0xC8, 0xFF, 0xEC, 0x00, 0xC9, 0xFF, 0xE2,
	0x00, 0xCA, 0xFF, 0xE2, 0x00, 0x11, 0x00, 0x24, 0x00, 0x14, 0x00, 0x37,
	0xFF, 0xD0, 0x00, 0x39, 0xFF, 0xD0, 0x00, 0x3A, 0xFF, 0xD8, 0x00, 0x3B,
	0x00, 0x0C, 0x00, 0x3C, 0xFF, 0xC4, 0x00, 0x3D, 0x00, 0x1E, 0x00, 0x4D,
	0xFF, 0xA8, 0x00, 0x82, 0x00, 0x14, 0x00, 0x83, 0x00, 0x14, 0x00, 0x84,
	0x00, 0x14, 0x00, 0x85, 0x00, 0x14, 0x00, 0x86, 0x00, 0x14, 0x00, 0x87,
	0x00, 0x14, 0x00, 0x9F, 0xFF, 0xC4, 0x00, 0xC9, 0xFF, 0xC4, 0x00, 0xCA,
	0x00, 0x1E, 0x00, 0x23, 0x00, 0x24, 0xFF, 0xEE, 0x00, 0x2D, 0xFF, 0xE4,
	0x00, 0x39, 0xFF, 0xEA, 0x00, 0x3A, 0xFF, 0xF4, 0x00, 0x3B, 0xFF, 0xF0,
	0x00, 0x3C, 0xFF, 0xE2, 0x00, 0x3D, 0xFF, 0xEC, 0x00, 0x44, 0xFF, 0xE2,
	0x00, 0x48, 0xFF, 0xE2, 0x00, 0x4D, 0xFF, 0xA8, 0x00, 0x52, 0xFF, 0xE2,
	0x00, 0x82, 0xFF, 0xEE, 0x00, 0x83, 0xFF, 0xF8, 0x00, 0x84, 0xFF, 0xEE,
	0x00, 0x85, 0xFF, 0xEE, 0x00, 0x86, 0xFF, 0xEE, 0x00, 0x87, 0xFF, 0xEE,
	0x00, 0x9F, 0xFF, 0xE2, 0x00, 0xA2, 0xFF, 0xE2, 0x00, 0xA3, 0xFF, 0xE2,
	0x00, 0xA4, 0xFF, 0xE2, 0x00, 0xA5, 0xFF, 0xE2, 0x00, 0xA6, 0xFF, 0xE2,
	0x00, 0xA7, 0xFF, 0xE2, 0x00, 0xAA, 0xFF, 0xE2, 0x00, 0xAB, 0xFF, 0xE2,
	0x00, 0xAC, 0xFF, 0xE2, 0x00, 0xAD, 0xFF, 0xE2, 0x00, 0xB4, 0xFF, 0xE2,
	0x00, 0xB5, 0xFF, 0xE2, 0x00, 0xB6, 0xFF, 0xE2, 0x00, 0xB8, 0xFF, 0xE2,
	0x00, 0xBA, 0xFF, 0xE2, 0x00, 0xC9, 0xFF, 0xE2, 0x00, 0xCA, 0xFF, 0xEC,
	0x00, 0x18, 0x00, 0x37, 0xFF, 0xEC, 0x00, 0x39, 0xFF, 0xEC, 0x00, 0x3A,
	0xFF, 0xF0, 0x00, 0x3B, 0xFF, 0xF0, 0x00, 0x3C, 0xFF, 0xEC, 0x00, 0x44,
	0xFF, 0xF6, 0x00, 0x46, 0xFF, 0xF6, 0x00, 0x4D, 0xFF, 0xA8, 0x00, 0x52,
	0xFF, 0xF6, 0x00, 0x54, 0xFF, 0xF6, 0x00, 0x9F, 0xFF, 0xEC, 0x00, 0xA2,
	0xFF, 0xF6, 0x00, 0xA3, 0xFF, 0xF6, 0x00, 0xA4, 0xFF, 0xF6, 0x00, 0xA5,
	0xFF, 0xF6, 0x00, 0xA6, 0xFF, 0xF6, 0x00, 0xA7, 0xFF, 0xF6, 0x00, 0xA9,
	0xFF, 0xF6, 0x00, 0xB4, 0xFF, 0xF6, 0x00, 0xB5, 0xFF, 0xF6, 0x00, 0xB6,
	0xFF, 0xF6, 0x00, 0xB8, 0xFF, 0xF6, 0x00, 0xBA, 0xFF, 0xF6, 0x00, 0xC9,
	0xFF, 0xEC, 0x00, 0x48, 0x00, 0x24, 0xFF, 0xAE, 0x00, 0x26, 0xFF, 0xD6,
	0x00, 0x2A, 0xFF, 0xBE, 0x00, 0x2D, 0xFF, 0x92, 0x00, 0x32, 0xFF, 0xBA,
	0x00, 0x34, 0xFF, 0xC4, 0x00, 0x36, 0xFF, 0xEC, 0x00, 0x37, 0x00, 0x0A,
	0x00, 0x39, 0x00, 0x08, 0x00, 0x3A, 0x00, 0x0A, 0x00, 0x3B, 0x00, 0x08,
	0x00, 0x3C, 0x00, 0x0A, 0x00, 0x3D, 0x00, 0x0A, 0x00, 0x44, 0xFF, 0x88,
	0x00, 0x46, 0xFF, 0x88, 0x00, 0x48, 0xFF, 0x88, 0x00, 0x4D, 0xFF, 0x96,
	0x00, 0x51, 0xFF, 0xB0, 0x00, 0x52, 0xFF, 0x88, 0x00, 0x55, 0xFF, 0xB8,
	0x00, 0x56, 0xFF, 0x9C, 0x00, 0x58, 0xFF, 0xB8, 0x00, 0x59, 0xFF, 0xA4,
	0x00, 0x5A, 0xFF, 0xA8, 0x00, 0x5C, 0xFF, 0xA4, 0x00, 0x5D, 0xFF, 0xC0,
	0x00, 0x82, 0xFF, 0xAE, 0x00, 0x83, 0xFF, 0xAE, 0x00, 0x84, 0xFF, 0xAE,
	0x00, 0x85, 0xFF, 0xAE, 0x00, 0x86, 0xFF, 0xAE, 0x00, 0x87, 0xFF, 0xAE,
	0x00, 0x89, 0xFF, 0xD6, 0x00, 0x94, 0xFF, 0xBA, 0x00, 0x95, 0xFF, 0xBA,
	0x00, 0x96, 0xFF, 0xBA, 0x00, 0x97, 0xFF, 0xBA, 0x00, 0x98, 0xFF, 0xBA,
	0x00, 0x9A, 0xFF, 0xBA, 0x00, 0x9F, 0x00, 0x0A, 0x00, 0xA2, 0xFF, 0x88,
	0x00, 0xA3, 0xFF, 0x88, 0x00, 0xA4, 0xFF, 0x88, 0x00, 0xA5, 0xFF, 0x88,
	0x00, 0xA6, 0xFF, 0x88, 0x00, 0xA7, 0xFF, 0x88, 0x00, 0xA9, 0xFF, 0x88,
	0x00, 0xAA, 0xFF, 0x88, 0x00, 0xAB, 0xFF, 0x88, 0x00, 0xAC, 0xFF, 0x88,
	0x00, 0xAD, 0xFF, 0x88, 0x00, 0xAE, 0x00, 0x1E, 0x00, 0xAF, 0x00, 0x1E,
	0x00, 0xB0, 0x00, 0x28, 0x00, 0xB1, 0x00, 0x3C, 0x00, 0xB3, 0xFF, 0xB0,
	0x00, 0xB4, 0xFF, 0x88, 0x00, 0xB5, 0xFF, 0x88, 0x00, 0xB6, 0xFF, 0x88,
	0x00, 0xB8, 0xFF, 0x88, 0x00, 0xBA, 0xFF, 0x88, 0x00, 0xBB, 0xFF, 0xB8,
	0x00, 0xBC, 0xFF, 0xB8, 0x00, 0xBD, 0xFF, 0xB8, 0x00, 0xBE, 0xFF, 0xB8,
	0x00, 0xBF, 0xFF, 0xA4, 0x00, 0xC1, 0xFF, 0xA4, 0x00, 0xC7, 0xFF, 0xEC,
	0x00, 0xC8, 0xFF, 0x9C, 0x00, 0xC9, 0x00, 0x0A, 0x00, 0xCA, 0x00, 0x0A,
	0x00, 0xCB, 0xFF, 0xC0, 0x00, 0x07, 0x00, 0x2D, 0xFF, 0xE0, 0x00, 0x39,
	0xFF, 0xF4, 0x00, 0x4D, 0xFF, 0xBA, 0x00, 0xAE, 0x00, 0x14, 0x00, 0xAF,
	0x00, 0x14, 0x00, 0xB0, 0x00, 0x14, 0x00, 0xB1, 0x00, 0x1E, 0x00, 0x45,
	0x00, 0x24, 0xFF, 0xB2, 0x00, 0x26, 0xFF, 0xDC, 0x00, 0x2A, 0xFF, 0xD0,
	0x00, 0x2D, 0xFF, 0x96, 0x00, 0x32, 0xFF, 0xD8, 0x00, 0x34, 0xFF, 0xD0,
	0x00, 0x36, 0xFF, 0xEC, 0x00, 0x37, 0x00, 0x08, 0x00, 0x38, 0xFF, 0xF4,
	0x00, 0x39, 0x00, 0x0A, 0x00, 0x3A, 0x00, 0x0E, 0x00, 0x3B, 0x00, 0x0C,
	0x00, 0x3C, 0x00, 0x0C, 0x00, 0x3D, 0x00, 0x0C, 0x00, 0x44, 0xFF, 0xB8,
	0x00, 0x46, 0xFF, 0xBA, 0x00, 0x48, 0xFF, 0xBA, 0x00, 0x4D, 0xFF, 0x9A,
	0x00, 0x51, 0xFF, 0xE2, 0x00, 0x52, 0xFF, 0xB8, 0x00, 0x56, 0xFF, 0xCE,
	0x00, 0x58, 0xFF, 0xF4, 0x00, 0x82, 0xFF, 0xB2, 0x00, 0x83, 0xFF, 0xB2,
	0x00, 0x84, 0xFF, 0xB2, 0x00, 0x85, 0xFF, 0xB2, 0x00, 0x86, 0xFF, 0xB2,
	0x00, 0x87, 0xFF, 0xB2, 0x00, 0x89, 0xFF, 0xDC, 0x00, 0x94, 0xFF, 0xD8,
	0x00, 0x95, 0xFF, 0xD8, 0x00, 0x96, 0xFF, 0xD8, 0x00, 0x97, 0xFF, 0xD8,
	0x00, 0x98, 0xFF, 0xD8, 0x00, 0x9A, 0xFF, 0xD8, 0x00, 0x9B, 0xFF, 0xF4,
	0x00, 0x9C, 0xFF, 0xF4, 0x00, 0x9D, 0xFF, 0xF4, 0x00, 0x9E, 0xFF, 0xF4,
	0x00, 0x9F, 0x00, 0x0C, 0x00, 0xA2, 0xFF, 0xB8, 0x00, 0xA3, 0xFF, 0xB8,
	0x00, 0xA4, 0xFF, 0xB8, 0x00, 0xA5, 0xFF, 0xB8, 0x00, 0xA6, 0xFF, 0xB8,
	0x00, 0xA7, 0xFF, 0xB8, 0x00, 0xA9, 0xFF, 0xBA, 0x00, 0xAA, 0xFF, 0xBA,
	0x00, 0xAB, 0xFF, 0xBA, 0x00, 0xAC, 0xFF, 0xBA, 0x00, 0xAD, 0xFF, 0xBA,
	0x00, 0xAE, 0x00, 0x1E, 0x00, 0xAF, 0x00, 0x1E, 0x00, 0xB0, 0x00, 0x1E,
	0x00, 0xB1, 0x00, 0x32, 0x00, 0xB3, 0xFF, 0xE2, 0x00, 0xB4, 0xFF, 0xB8,
	0x00, 0xB5, 0xFF, 0xB8, 0x00, 0xB6, 0xFF, 0xB8, 0x00, 0xB8, 0xFF, 0xB8,
	0x00, 0xBA, 0xFF, 0xB8, 0x00, 0xBB, 0xFF, 0xF4, 0x00, 0xBC, 0xFF, 0xF4,
	0x00, 0xBD, 0xFF, 0xF4, 0x00, 0xBE, 0xFF, 0xF4, 0x00, 0xC7, 0xFF, 0xEC,
	0x00, 0xC8, 0xFF, 0xCE, 0x00, 0xC9, 0x00, 0x0C, 0x00, 0xCA, 0x00, 0x0C,
	0x00, 0x3F, 0x00, 0x24, 0xFF, 0xC2, 0x00, 0x26, 0xFF, 0xE8, 0x00, 0x2A,
	0xFF, 0xDC, 0x00, 0x2D, 0xFF, 0xA4, 0x00, 0x32, 0xFF, 0xE2, 0x00, 0x34,
	0xFF, 0xD8, 0x00, 0x36, 0xFF, 0xF0, 0x00, 0x37, 0x00, 0x0A, 0x00, 0x39,
	0x00, 0x0E, 0x00, 0x3A, 0x00, 0x0A, 0x00, 0x3B, 0x00, 0x0C, 0x00, 0x3C,
	0x00, 0x0A, 0x00, 0x3D, 0x00, 0x0C, 0x00, 0x44, 0xFF, 0xC4, 0x00, 0x46,
	0xFF, 0xC8, 0x00, 0x48, 0xFF, 0xC4, 0x00, 0x4D, 0xFF, 0xB2, 0x00, 0x52,
	0xFF, 0xC4, 0x00, 0x55, 0xFF, 0xF4, 0x00, 0x56, 0xFF, 0xE2, 0x00, 0x58,
	0xFF, 0xF4, 0x00, 0x82, 0xFF, 0xC2, 0x00, 0x83, 0xFF, 0xC2, 0x00, 0x84,
	0xFF, 0xC2, 0x00, 0x85, 0xFF, 0xC2, 0x00, 0x86, 0xFF, 0xC2, 0x00, 0x87,
	0xFF, 0xC2, 0x00, 0x89, 0xFF, 0xE8, 0x00, 0x94, 0xFF, 0xE2, 0x00, 0x95,
	0xFF, 0xE2, 0x00, 0x96, 0xFF, 0xE2, 0x00, 0x97, 0xFF, 0xE2, 0x00, 0x98,
	0xFF, 0xE2, 0x00, 0x9A, 0xFF, 0xE2, 0x00, 0x9F, 0x00, 0x0A, 0x00, 0xA2,
	0xFF, 0xC4, 0x00, 0xA3, 0xFF, 0xC4, 0x00, 0xA4, 0xFF, 0xC4, 0x00, 0xA5,
	0xFF, 0xC4, 0x00, 0xA6, 0xFF, 0xC4, 0x00, 0xA7, 0xFF, 0xC4, 0x00, 0xA9,
	0xFF, 0xC8, 0x00, 0xAA, 0xFF, 0xC4, 0x00, 0xAB, 0xFF, 0xC4, 0x00, 0xAC,
	0xFF, 0xC4, 0x00, 0xAD, 0xFF, 0xC4, 0x00, 0xAE, 0x00, 0x1E, 0x00, 0xAF,
	0x00, 0x1E, 0x00, 0xB0, 0x00, 0x1E, 0x00, 0xB1, 0x00, 0x32, 0x00, 0xB4,
	0xFF, 0xC4, 0x00, 0xB5, 0xFF, 0xC4, 0x00, 0xB6, 0xFF, 0xC4, 0x00, 0xB8,
	0xFF, 0xC4, 0x00, 0xBA, 0xFF, 0xC4, 0x00, 0xBB, 0xFF, 0xF4, 0x00, 0xBC,
	0xFF, 0xF4, 0x00, 0xBD, 0xFF, 0xF4, 0x00, 0xBE, 0xFF, 0xF4, 0x00, 0xC7,
	0xFF, 0xF0, 0x00, 0xC8, 0xFF, 0xE2, 0x00, 0xC9, 0x00, 0x0A, 0x00, 0xCA,
	0x00, 0x0C, 0x00, 0x3E, 0x00, 0x24, 0x00, 0x0C, 0x00, 0x26, 0xFF, 0xEC,
	0x00, 0x2A, 0xFF, 0xE4, 0x00, 0x32, 0xFF, 0xD8, 0x00, 0x34, 0xFF, 0xDA,
	0x00, 0x36, 0xFF, 0xF0, 0x00, 0x37, 0x00, 0x08, 0x00, 0x39, 0x00, 0x0C,
	0x00, 0x3A, 0x00, 0x0C, 0x00, 0x3B, 0x00, 0x0C, 0x00, 0x3C, 0x00, 0x0C,
	0x00, 0x3D, 0x00, 0x0C, 0x00, 0x44, 0xFF, 0xD4, 0x00, 0x46, 0xFF, 0xE0,
	0x00, 0x48, 0xFF, 0xDA, 0x00, 0x4D, 0xFF, 0xC4, 0x00, 0x52, 0xFF, 0xE0,
	0x00, 0x58, 0xFF, 0xEE, 0x00, 0x5C, 0xFF, 0xF0, 0x00, 0x82, 0x00, 0x0C,
	0x00, 0x83, 0x00, 0x0C, 0x00, 0x84, 0x00, 0x0C, 0x00, 0x85, 0x00, 0x0C,
	0x00, 0x86, 0x00, 0x0C, 0x00, 0x87, 0x00, 0x0C, 0x00, 0x89, 0xFF, 0xEC,
	0x00, 0x94, 0xFF, 0xD8, 0x00, 0x95, 0xFF, 0xD8, 0x00, 0x96, 0xFF, 0xD8,
	0x00, 0x97, 0xFF, 0xD8, 0x00, 0x98, 0xFF, 0xD8, 0x00, 0x9A, 0xFF, 0xF6,
	0x00, 0x9F, 0x00, 0x0C, 0x00, 0xA2, 0xFF, 0xD4, 0x00, 0xA3, 0xFF, 0xD4,
	0x00, 0xA4, 0xFF, 0xD4, 0x00, 0xA5, 0xFF, 0xD4, 0x00, 0xA6, 0xFF, 0xD4,
	0x00, 0xA7, 0xFF, 0xD4, 0x00, 0xA9, 0xFF, 0xE0, 0x00, 0xAA, 0xFF, 0xDA,
	0x00, 0xAB, 0xFF, 0xDA, 0x00, 0xAC, 0xFF, 0xDA, 0x00, 0xAD, 0xFF, 0xDA,
	0x00, 0xAE, 0x00, 0x1E, 0x00, 0xAF, 0x00, 0x1E, 0x00, 0xB0, 0x00, 0x1E,
	0x00, 0xB1, 0x00, 0x32, 0x00, 0xB4, 0xFF, 0xE0, 0x00, 0xB5, 0xFF, 0xE0,
	0x00, 0xB6, 0xFF, 0xE0, 0x00, 0xB8, 0xFF, 0xE0, 0x00, 0xBA, 0xFF, 0xF6,
	0x00, 0xBB, 0xFF, 0xEE, 0x00, 0xBC, 0xFF, 0xEE, 0x00, 0xBD, 0xFF, 0xEE,
	0x00, 0xBE, 0xFF, 0xEE, 0x00, 0xBF, 0xFF, 0xF0, 0x00, 0xC1, 0xFF, 0xF0,
	0x00, 0xC7, 0xFF, 0xF0, 0x00, 0xC9, 0x00, 0x0C, 0x00, 0xCA, 0x00, 0x0C,
	0x00, 0x40, 0x00, 0x24, 0xFF, 0xA6, 0x00, 0x26, 0xFF, 0xC4, 0x00, 0x2A,
	0xFF, 0xB0, 0x00, 0x2D, 0xFF, 0x88, 0x00, 0x32, 0xFF, 0xC4, 0x00, 0x34,
	0xFF, 0xC4, 0x00, 0x36, 0xFF, 0xEC, 0x00, 0x37, 0x00, 0x0A, 0x00, 0x39,
	0x00, 0x0C, 0x00, 0x3A, 0x00, 0x0A, 0x00, 0x3B, 0x00, 0x0C, 0x00, 0x3C,
	0x00, 0x0A, 0x00, 0x3D, 0x00, 0x0C, 0x00, 0x44, 0xFF, 0x84, 0x00, 0x46,
	0xFF, 0x9C, 0x00, 0x48, 0xFF, 0x84, 0x00, 0x4C, 0xFF, 0xF4, 0x00, 0x4D,
	0xFF, 0xA6, 0x00, 0x51, 0xFF, 0xCE, 0x00, 0x52, 0xFF, 0x84, 0x00, 0x56,
	0xFF, 0xBA, 0x00, 0x58, 0xFF, 0xB8, 0x00, 0x59, 0xFF, 0xF4, 0x00, 0x82,
	0xFF, 0xA6, 0x00, 0x83, 0xFF, 0xA6, 0x00, 0x84, 0xFF, 0xA6, 0x00, 0x85,
	0xFF, 0xA6, 0x00, 0x86, 0xFF, 0xA6, 0x00, 0x87, 0xFF, 0xA6, 0x00, 0x89,
	0xFF, 0xCE, 0x00, 0x94, 0xFF, 0xC4, 0x00, 0x95, 0xFF, 0xC4, 0x00, 0x96,
	0xFF, 0xC4, 0x00, 0x97, 0xFF, 0xC4, 0x00, 0x98, 0xFF, 0xC4, 0x00, 0x9A,
	0xFF, 0xC4, 0x00, 0xA2, 0xFF, 0x84, 0x00, 0xA3, 0xFF, 0x84, 0x00, 0xA4,
	0xFF, 0x84, 0x00, 0xA5, 0xFF, 0x84, 0x00, 0xA6, 0xFF, 0x84, 0x00, 0xA7,
	0xFF, 0x84, 0x00, 0xA9, 0xFF, 0x9C, 0x00, 0xAA, 0xFF, 0x84, 0x00, 0xAB,
	0xFF, 0x84, 0x00, 0xAC, 0xFF, 0x84, 0x00, 0xAD, 0xFF, 0x84, 0x00, 0xAE,
	0x00, 0x1E, 0x00, 0xAF, 0x00, 0x1E, 0x00, 0xB0, 0x00, 0x1E, 0x00, 0xB1,
	0x00, 0x32, 0x00, 0xB3, 0xFF, 0xCE, 0x00, 0xB4, 0xFF, 0x84, 0x00, 0xB5,
	0xFF, 0x84, 0x00, 0xB6, 0xFF, 0x84, 0x00, 0xB8, 0xFF, 0x84, 0x00, 0xBA,
	0xFF, 0x84, 0x00, 0xBB, 0xFF, 0xB8, 0x00, 0xBC, 0xFF, 0xB8, 0x00, 0xBD,
	0xFF, 0xB8, 0x00, 0xBE, 0xFF, 0xB8, 0x00, 0xC7, 0xFF, 0xEC, 0x00, 0xC8,
	0xFF, 0xBA, 0x00, 0xCA, 0x00, 0x0C, 0x00, 0x35, 0x00, 0x24, 0x00, 0x20,
	0x00, 0x26, 0xFF, 0xEC, 0x00, 0x2A, 0xFF, 0xEC, 0x00, 0x2D, 0x00, 0x0A,
	0x00, 0x32, 0xFF, 0xE2, 0x00, 0x34, 0xFF, 0xD8, 0x00, 0x37, 0x00, 0x0A,
	0x00, 0x39, 0x00, 0x0C, 0x00, 0x3A, 0x00, 0x0C, 0x00, 0x3B, 0x00, 0x0C,
	0x00, 0x3C, 0x00, 0x0C, 0x00, 0x44, 0xFF, 0xD8, 0x00, 0x48, 0xFF, 0xE2,
	0x00, 0x4D, 0xFF, 0xC0, 0x00, 0x52, 0xFF, 0xD8, 0x00, 0x58, 0xFF, 0xF4,
	0x00, 0x5A, 0xFF, 0xF4, 0x00, 0x5C, 0xFF, 0xF6, 0x00, 0x82, 0x00, 0x20,
	0x00, 0x83, 0x00, 0x20, 0x00, 0x84, 0x00, 0x20, 0x00, 0x85, 0x00, 0x20,
	0x00, 0x86, 0x00, 0x20, 0x00, 0x87, 0x00, 0x20, 0x00, 0x89, 0xFF, 0xF0,
	0x00, 0x9A, 0xFF, 0xF6, 0x00, 0x9F, 0x00, 0x0C, 0x00, 0xA2, 0xFF, 0xD0,
	0x00, 0xA3, 0xFF, 0xD0, 0x00, 0xA4, 0xFF, 0xD0, 0x00, 0xA5, 0xFF, 0xD0,
	0x00, 0xA6, 0xFF, 0xD0, 0x00, 0xA7, 0xFF, 0xD0, 0x00, 0xAA, 0xFF, 0xE2,
	0x00, 0xAB, 0xFF, 0xE2, 0x00, 0xAC, 0xFF, 0xE2, 0x00, 0xAD, 0xFF, 0xE2,
	0x00, 0xAE, 0x00, 0x1E, 0x00, 0xAF, 0x00, 0x1E, 0x00, 0xB0, 0x00, 0x1E,
	0x00, 0xB1, 0x00, 0x32, 0x00, 0xB4, 0xFF, 0xD8, 0x00, 0xB5, 0xFF, 0xD8,
	0x00, 0xB6, 0xFF, 0xD8, 0x00, 0xB8, 0xFF, 0xD8, 0x00, 0xBA, 0xFF, 0xEC,
	0x00, 0xBB, 0xFF, 0xF4, 0x00, 0xBC, 0xFF, 0xF4, 0x00, 0xBD, 0xFF, 0xF4,
	0x00, 0xBE, 0xFF, 0xF4, 0x00, 0xBF, 0xFF, 0xF6, 0x00, 0xC1, 0xFF, 0xF6,
	0x00, 0xC9, 0x00, 0x0C, 0x00, 0x01, 0x00, 0x4D, 0xFF, 0xE2, 0x00, 0x08,
	0x00, 0x44, 0xFF, 0xEC, 0x00, 0x4D, 0xFF, 0xD4, 0x00, 0xA2, 0xFF, 0xEC,
	0x00, 0xA3, 0xFF, 0xEC, 0x00, 0xA4, 0xFF, 0xEC, 0x00, 0xA5, 0xFF, 0xEC,
	0x00, 0xA6, 0xFF, 0xEC, 0x00, 0xA7, 0xFF, 0xEC, 0x00, 0x18, 0x00, 0x44,
	0xFF, 0xF6, 0x00, 0x47, 0xFF, 0xF6, 0x00, 0x48, 0xFF, 0xF6, 0x00, 0x4D,
	0xFF, 0xD4, 0x00, 0x52, 0xFF, 0xF6, 0x00, 0x54, 0xFF, 0xF6, 0x00, 0x5D,
	0x00, 0x0C, 0x00, 0xA2, 0xFF, 0xF6, 0x00, 0xA3, 0xFF, 0xF6, 0x00, 0xA4,
	0xFF, 0xF6, 0x00, 0xA5, 0xFF, 0xF6, 0x00, 0xA6, 0xFF, 0xF6, 0x00, 0xA7,
	0xFF, 0xF6, 0x00, 0xAA, 0xFF, 0xF6, 0x00, 0xAB, 0xFF, 0xF6, 0x00, 0xAC,
	0xFF, 0xF6, 0x00, 0xAD, 0xFF, 0xF6, 0x00, 0xB2, 0xFF, 0xF6, 0x00, 0xB4,
	0xFF, 0xF6, 0x00, 0xB5, 0xFF, 0xF6, 0x00, 0xB6, 0xFF, 0xF6, 0x00, 0xB8,
	0xFF, 0xF6, 0x00, 0xBA, 0xFF, 0xF6, 0x00, 0xCB, 0x00, 0x0C, 0x00, 0x01,
	0x00, 0x4D, 0xFF, 0xE0, 0x00, 0x0E, 0x00, 0x44, 0xFF, 0xF6, 0x00, 0x4D,
	0xFF, 0xDE, 0x00, 0x59, 0xFF, 0xE4, 0x00, 0x5A, 0xFF, 0xEC, 0x00, 0x5B,
	0xFF, 0xEC, 0x00, 0x5C, 0xFF, 0xE4, 0x00, 0xA2, 0xFF, 0xF6, 0x00, 0xA3,
	0xFF, 0xF6, 0x00, 0xA4, 0xFF, 0xF6, 0x00, 0xA5, 0xFF, 0xF6, 0x00, 0xA6,
	0xFF, 0xF6, 0x00, 0xA7, 0xFF, 0xF6, 0x00, 0xBF, 0xFF, 0xE4, 0x00, 0xC1,
	0xFF, 0xE4, 0x00, 0x1A, 0x00, 0x44, 0xFF, 0xC4, 0x00, 0x46, 0xFF, 0xC4,
	0x00, 0x47, 0xFF, 0xC4, 0x00, 0x48, 0xFF, 0xC4, 0x00, 0x4A, 0xFF, 0xC4,
	0x00, 0x4D, 0xFF, 0xB8, 0x00, 0x52, 0xFF, 0xC4, 0x00, 0x54, 0xFF, 0xC4,
	0x00, 0x56, 0xFF, 0xF0, 0x00, 0xA2, 0xFF, 0xC4, 0x00, 0xA3, 0xFF, 0xC4,
	0x00, 0xA4, 0xFF, 0xC4, 0x00, 0xA5, 0xFF, 0xC4, 0x00, 0xA6, 0xFF, 0xC4,
	0x00, 0xA7, 0xFF, 0xC4, 0x00, 0xA9, 0xFF, 0xC4, 0x00, 0xAA, 0xFF, 0xC4,
	0x00, 0xAB, 0xFF, 0xC4, 0x00, 0xAC, 0xFF, 0xC4, 0x00, 0xAD, 0xFF, 0xC4,
	0x00, 0xB4, 0xFF, 0xC4, 0x00, 0xB5, 0xFF, 0xC4, 0x00, 0xB6, 0xFF, 0xC4,
	0x00, 0xB8, 0xFF, 0xC4, 0x00, 0xBA, 0xFF, 0xC4, 0x00, 0xC8, 0xFF, 0xF0,
	0x00, 0x01, 0x00, 0x4D, 0xFF, 0xEE, 0x00, 0x06, 0x00, 0x4D, 0xFF, 0xDC,
	0x00, 0x59, 0xFF, 0xE0, 0x00, 0x5A, 0xFF, 0xE6, 0x00, 0x5C, 0xFF, 0xE0,
	0x00, 0xBF, 0xFF, 0xE0, 0x00, 0xC1, 0xFF, 0xE0, 0x00, 0x01, 0x00, 0x4D,
	0xFF, 0xDC, 0x00, 0x01, 0x00, 0x4D, 0xFF, 0xF4, 0x00, 0x1B, 0x00, 0x44,
	0xFF, 0xCE, 0x00, 0x46, 0xFF, 0xE0, 0x00, 0x47, 0xFF, 0xE4, 0x00, 0x48,
	0xFF, 0xDA, 0x00, 0x49, 0x00, 0x12, 0x00, 0x4D, 0xFF, 0xDC, 0x00, 0x52,
	0xFF, 0xD4, 0x00, 0x54, 0xFF, 0xE0, 0x00, 0x5B, 0x00, 0x14, 0x00, 0x5D,
	0x00, 0x14, 0x00, 0xA2, 0xFF, 0xCE, 0x00, 0xA3, 0xFF, 0xCE, 0x00, 0xA4,
	0xFF, 0xCE, 0x00, 0xA5, 0xFF, 0xCE, 0x00, 0xA6, 0xFF, 0xCE, 0x00, 0xA7,
	0xFF, 0xCE, 0x00, 0xA9, 0xFF, 0xE0, 0x00, 0xAA, 0xFF, 0xDA, 0x00, 0xAB,
	0xFF, 0xDA, 0x00, 0xAC, 0xFF, 0xDA, 0x00, 0xAD, 0xFF, 0xDA, 0x00, 0xB4,
	0xFF, 0xD4, 0x00, 0xB5, 0xFF, 0xD4, 0x00, 0xB6, 0xFF, 0xD4, 0x00, 0xB8,
	0xFF, 0xD4, 0x00, 0xBA, 0xFF, 0xE2, 0x00, 0xCB, 0x00, 0x14, 0x00, 0x02,
	0x00, 0x49, 0x00, 0x16, 0x00, 0x4D, 0xFF, 0xDC, 0x00, 0x04, 0x00, 0x4D,
	0xFF, 0xDC, 0x00, 0x5C, 0xFF, 0xF2, 0x00, 0xBF, 0xFF, 0xF2, 0x00, 0xC1,
	0xFF, 0xF2, 0x00, 0x05, 0x00, 0x4D, 0xFF, 0xE2, 0x00, 0x59, 0xFF, 0xEC,
	0x00, 0x5C, 0xFF, 0xEC, 0x00, 0xBF, 0xFF, 0xF0, 0x00, 0xC1, 0xFF, 0xF0,
	0x00, 0x10, 0x00, 0x44, 0xFF, 0xF6, 0x00, 0x4D, 0xFF, 0xC4, 0x00, 0x59,
	0xFF, 0xDC, 0x00, 0x5A, 0xFF, 0xE8, 0x00, 0x5B, 0xFF, 0xDC, 0x00, 0x5C,
	0xFF, 0xDC, 0x00, 0x5D, 0xFF, 0xE8, 0x00, 0xA2, 0xFF, 0xF6, 0x00, 0xA3,
	0xFF, 0xF6, 0x00, 0xA4, 0xFF, 0xF6, 0x00, 0xA5, 0xFF, 0xF6, 0x00, 0xA6,
	0xFF, 0xF6, 0x00, 0xA7, 0xFF, 0xF6, 0x00, 0xBF, 0xFF, 0xDC, 0x00, 0xC1,
	0xFF, 0xDC, 0x00, 0xCB, 0xFF, 0xE8, 0x00, 0x10, 0x00, 0x44, 0xFF, 0xF6,
	0x00, 0x4D, 0xFF, 0xC4, 0x00, 0x59, 0xFF, 0xE4, 0x00, 0x5A, 0xFF, 0xEA,
	0x00, 0x5B, 0xFF, 0xEA, 0x00, 0x5C, 0xFF, 0xE4, 0x00, 0x5D, 0xFF, 0xE8,
	0x00, 0xA2, 0xFF, 0xF6, 0x00, 0xA3, 0xFF, 0xF6, 0x00, 0xA4, 0xFF, 0xF6,
	0x00, 0xA5, 0xFF, 0xF6, 0x00, 0xA6, 0xFF, 0xF6, 0x00, 0xA7, 0xFF, 0xF6,
	0x00, 0xBF, 0xFF, 0xE4, 0x00, 0xC1, 0xFF, 0xE4, 0x00, 0xCB, 0xFF, 0xE8,
	0x00, 0x25, 0x00, 0x44, 0xFF, 0xD8, 0x00, 0x46, 0xFF, 0xD8, 0x00, 0x47,
	0xFF, 0xE0, 0x00, 0x48, 0xFF, 0xD8, 0x00, 0x49, 0x00, 0x12, 0x00, 0x4A,
	0xFF, 0xD8, 0x00, 0x4D, 0xFF, 0xD0, 0x00, 0x52, 0xFF, 0xD8, 0x00, 0x54,
	0xFF, 0xD8, 0x00, 0x56, 0xFF, 0xE8, 0x00, 0x57, 0x00, 0x14, 0x00, 0x59,
	0x00, 0x18, 0x00, 0x5A, 0x00, 0x1C, 0x00, 0x5B, 0x00, 0x18, 0x00, 0x5C,
	0x00, 0x18, 0x00, 0x5D, 0x00, 0x14, 0x00, 0xA2, 0xFF, 0xD8, 0x00, 0xA3,
	0xFF, 0xD8, 0x00, 0xA4, 0xFF, 0xD8, 0x00, 0xA5, 0xFF, 0xD8, 0x00, 0xA6,
	0xFF, 0xD8, 0x00, 0xA7, 0xFF, 0xD8, 0x00, 0xA9, 0xFF, 0xD8, 0x00, 0xAA,
	0xFF, 0xDA, 0x00, 0xAB, 0xFF, 0xDA, 0x00, 0xAC, 0xFF, 0xDA, 0x00, 0xAD,
	0xFF, 0xDA, 0x00, 0xB2, 0xFF, 0xEC, 0x00, 0xB4, 0xFF, 0xD8, 0x00, 0xB5,
	0xFF, 0xD8, 0x00, 0xB6, 0xFF, 0xD8, 0x00, 0xB8, 0xFF, 0xD8, 0x00, 0xBA,
	0xFF, 0xD8, 0x00, 0xBF, 0x00, 0x18, 0x00, 0xC1, 0x00, 0x18, 0x00, 0xC8,
	0xFF, 0xE8, 0x00, 0xCB, 0x00, 0x14, 0x00, 0x05, 0x00, 0x4D, 0xFF, 0xDC,
	0x00, 0x59, 0xFF, 0xF4, 0x00, 0x5C, 0xFF, 0xF4, 0x00, 0xBF, 0xFF, 0xF4,
	0x00, 0xC1, 0xFF, 0xF4, 0x00, 0x20, 0x00, 0x44, 0xFF, 0xF6, 0x00, 0x46,
	0xFF, 0xEA, 0x00, 0x47, 0xFF, 0xE0, 0x00, 0x48, 0xFF, 0xF0, 0x00, 0x49,
	0x00, 0x18, 0x00, 0x4A, 0xFF, 0xE4, 0x00, 0x4D, 0xFF, 0xE0, 0x00, 0x52,
	0xFF, 0xEC, 0x00, 0x54, 0xFF, 0xE0, 0x00, 0x59, 0x00, 0x0A, 0x00, 0x5A,
	0x00, 0x10, 0x00, 0x5C, 0x00, 0x0A, 0x00, 0x5D, 0x00, 0x1E, 0x00, 0xA2,
	0xFF, 0xF6, 0x00, 0xA3, 0xFF, 0xF6, 0x00, 0xA4, 0xFF, 0xF6, 0x00, 0xA5,
	0xFF, 0xF6, 0x00, 0xA6, 0xFF, 0xF6, 0x00, 0xA7, 0xFF, 0xF6, 0x00, 0xA9,
	0xFF, 0xEA, 0x00, 0xAA, 0xFF, 0xF0, 0x00, 0xAB, 0xFF, 0xF0, 0x00, 0xAC,
	0xFF, 0xF0, 0x00, 0xAD, 0xFF, 0xF0, 0x00, 0xB4, 0xFF, 0xEC, 0x00, 0xB5,
	0xFF, 0xEC, 0x00, 0xB6, 0xFF, 0xEC, 0x00, 0xB8, 0xFF, 0xEC, 0x00, 0xBA,
	0xFF, 0xF6, 0x00, 0xBF, 0x00, 0x0A, 0x00, 0xC1, 0x00, 0x0A, 0x00, 0xCB,
	0x00, 0x1E, 0x00, 0x22, 0x00, 0x44, 0xFF, 0xD8, 0x00, 0x46, 0xFF, 0xE2,
	0x00, 0x47, 0xFF, 0xE0, 0x00, 0x48, 0xFF, 0xE4, 0x00, 0x49, 0x00, 0x1E,
	0x00, 0x4A, 0xFF, 0xE0, 0x00, 0x4D, 0xFF, 0xC4, 0x00, 0x52, 0xFF, 0xDC,
	0x00, 0x54, 0xFF, 0xE0, 0x00, 0x59, 0x00, 0x0A, 0x00, 0x5A, 0x00, 0x0C,
	0x00, 0x5B, 0x00, 0x08, 0x00, 0x5C, 0x00, 0x0A, 0x00, 0x5D, 0x00, 0x0A,
	0x00, 0xA2, 0xFF, 0xD8, 0x00, 0xA3, 0xFF, 0xD8, 0x00, 0xA4, 0xFF, 0xD8,
	0x00, 0xA5, 0xFF, 0xD8, 0x00, 0xA6, 0xFF, 0xD8, 0x00, 0xA7, 0xFF, 0xD8,
	0x00, 0xA9, 0xFF, 0xE2, 0x00, 0xAA, 0xFF, 0xE4, 0x00, 0xAB, 0xFF, 0xE4,
	0x00, 0xAC, 0xFF, 0xE4, 0x00, 0xAD, 0xFF, 0xE4, 0x00, 0xB2, 0xFF, 0xE2,
	0x00, 0xB4, 0xFF, 0xDC, 0x00, 0xB5, 0xFF, 0xDC, 0x00, 0xB6, 0xFF, 0xDC,
	0x00, 0xB8, 0xFF, 0xDC, 0x00, 0xBA, 0xFF, 0xDC, 0x00, 0xBF, 0x00, 0x0A,
	0x00, 0xC1, 0x00, 0x0A, 0x00, 0xCB, 0x00, 0x0A, 0x00, 0x22, 0x00, 0x44,
	0xFF, 0xE2, 0x00, 0x46, 0xFF, 0xEC, 0x00, 0x47, 0xFF, 0xE8, 0x00, 0x48,
	0xFF, 0xEC, 0x00, 0x49, 0x00, 0x1E, 0x00, 0x4A, 0xFF, 0xE8, 0x00, 0x4D,
	0xFF, 0xCA, 0x00, 0x52, 0xFF, 0xE8, 0x00, 0x54, 0xFF, 0xE8, 0x00, 0x59,
	0x00, 0x0C, 0x00, 0x5A, 0x00, 0x12, 0x00, 0x5B, 0x00, 0x0A, 0x00, 0x5C,
	0x00, 0x0A, 0x00, 0x5D, 0x00, 0x0A, 0x00, 0xA2, 0xFF, 0xE2, 0x00, 0xA3,
	0xFF, 0xE2, 0x00, 0xA4, 0xFF, 0xE2, 0x00, 0xA5, 0xFF, 0xE2, 0x00, 0xA6,
	0xFF, 0xE2, 0x00, 0xA7, 0xFF, 0xE2, 0x00, 0xA9, 0xFF, 0xEC, 0x00, 0xAA,
	0xFF, 0xEC, 0x00, 0xAB, 0xFF, 0xEC, 0x00, 0xAC, 0xFF, 0xEC, 0x00, 0xAD,
	0xFF, 0xEC, 0x00, 0xB2, 0xFF, 0xEC, 0x00, 0xB4, 0xFF, 0xE8, 0x00, 0xB5,
	0xFF, 0xE8, 0x00, 0xB6, 0xFF, 0xE8, 0x00, 0xB8, 0xFF, 0xE8, 0x00, 0xBA,
	0xFF, 0xE8, 0x00, 0xBF, 0x00, 0x0A, 0x00, 0xC1, 0x00, 0x0A, 0x00, 0xCB,
	0x00, 0x0A, 0x00, 0x1F, 0x00, 0x44, 0xFF, 0xD8, 0x00, 0x48, 0xFF, 0xEC,
	0x00, 0x49, 0x00, 0x1E, 0x00, 0x4A, 0xFF, 0xE0, 0x00, 0x4D, 0xFF, 0xD8,
	0x00, 0x52, 0xFF, 0xDC, 0x00, 0x54, 0xFF, 0xEA, 0x00, 0x59, 0x00, 0x08,
	0x00, 0x5A, 0x00, 0x0A, 0x00, 0x5B, 0x00, 0x0A, 0x00, 0x5C, 0x00, 0x0A,
	0x00, 0x5D, 0x00, 0x0A, 0x00, 0xA2, 0xFF, 0xD8, 0x00, 0xA3, 0xFF, 0xD8,
	0x00, 0xA4, 0xFF, 0xD8, 0x00, 0xA5, 0xFF, 0xD8, 0x00, 0xA6, 0xFF, 0xD8,
	0x00, 0xA7, 0xFF, 0xD8, 0x00, 0xAA, 0xFF, 0xEC, 0x00, 0xAB, 0xFF, 0xEC,
	0x00, 0xAC, 0xFF, 0xEC, 0x00, 0xAD, 0xFF, 0xEC, 0x00, 0xB2, 0xFF, 0xEC,
	0x00, 0xB4, 0xFF, 0xDC, 0x00, 0xB5, 0xFF, 0xDC, 0x00, 0xB6, 0xFF, 0xDC,
	0x00, 0xB8, 0xFF, 0xDC, 0x00, 0xBA, 0xFF, 0xEC, 0x00, 0xBF, 0x00, 0x0A,
	0x00, 0xC1, 0x00, 0x0A, 0x00, 0xCB, 0x00, 0x0A, 0x00, 0x20, 0x00, 0x44,
	0xFF, 0xCE, 0x00, 0x46, 0xFF, 0xE2, 0x00, 0x47, 0xFF, 0xE2, 0x00, 0x48,
	0xFF, 0xE4, 0x00, 0x49, 0x00, 0x1E, 0x00, 0x4A, 0xFF, 0xE0, 0x00, 0x4D,
	0xFF, 0xCE, 0x00, 0x52, 0xFF, 0xDC, 0x00, 0x54, 0xFF, 0xE2, 0x00, 0x59,
	0x00, 0x0A, 0x00, 0x5A, 0x00, 0x0A, 0x00, 0x5B, 0x00, 0x0A, 0x00, 0x5C,
	0x00, 0x0A, 0x00, 0x5D, 0x00, 0x0A, 0x00, 0xA2, 0xFF, 0xCE, 0x00, 0xA3,
	0xFF, 0xCE, 0x00, 0xA4, 0xFF, 0xCE, 0x00, 0xA5, 0xFF, 0xCE, 0x00, 0xA6,
	0xFF, 0xCE, 0x00, 0xA7, 0xFF, 0xCE, 0x00, 0xA9, 0xFF, 0xE2, 0x00, 0xAA,
	0xFF, 0xE4, 0x00, 0xAB, 0xFF, 0xE4, 0x00, 0xAC, 0xFF, 0xE4, 0x00, 0xAD,
	0xFF, 0xE4, 0x00, 0xB2, 0xFF, 0xE2, 0x00, 0xB4, 0xFF, 0xDC, 0x00, 0xB5,
	0xFF, 0xDC, 0x00, 0xB6, 0xFF, 0xDC, 0x00, 0xB8, 0xFF, 0xDC, 0x00, 0xBA,
	0xFF, 0xDC, 0x00, 0xCB, 0x00, 0x0A, 0x00, 0x1F, 0x00, 0x44, 0xFF, 0xDC,
	0x00, 0x46, 0xFF, 0xF2, 0x00, 0x47, 0xFF, 0xEA, 0x00, 0x48, 0xFF, 0xF4,
	0x00, 0x49, 0x00, 0x1E, 0x00, 0x4A, 0xFF, 0xE6, 0x00, 0x4D, 0xFF, 0xE2,
	0x00, 0x52, 0xFF, 0xE8, 0x00, 0x54, 0xFF, 0xE8, 0x00, 0x59, 0x00, 0x0A,
	0x00, 0x5A, 0x00, 0x0A, 0x00, 0x5B, 0x00, 0x0A, 0x00, 0x5C, 0x00, 0x0A,
	0x00, 0xA2, 0xFF, 0xDC, 0x00, 0xA3, 0xFF, 0xDC, 0x00, 0xA4, 0xFF, 0xDC,
	0x00, 0xA5, 0xFF, 0xDC, 0x00, 0xA6, 0xFF, 0xDC, 0x00, 0xA7, 0xFF, 0xDC,
	0x00, 0xA9, 0xFF, 0xF2, 0x00, 0xAA, 0xFF, 0xF4, 0x00, 0xAB, 0xFF, 0xF4,
	0x00, 0xAC, 0xFF, 0xF4, 0x00, 0xAD, 0xFF, 0xF4, 0x00, 0xB4, 0xFF, 0xE2,
	0x00, 0xB5, 0xFF, 0xE2, 0x00, 0xB6, 0xFF, 0xE2, 0x00, 0xB8, 0xFF, 0xE2,
	0x00, 0xBA, 0xFF, 0xF6, 0x00, 0xBF, 0x00, 0x0A, 0x00, 0xC1, 0x00, 0x0A,
	0x00, 0x1B, 0x00, 0x26, 0xFF, 0xE4, 0x00, 0x2A, 0xFF, 0xE4, 0x00, 0x2D,
	0x00, 0x0C, 0x00, 0x32, 0xFF, 0xE4, 0x00, 0x34, 0xFF, 0xE4, 0x00, 0x37,
	0xFF, 0xAE, 0x00, 0x39, 0xFF, 0xB2, 0x00, 0x3A, 0xFF, 0xC2, 0x00, 0x3B,
	0x00, 0x0C, 0x00, 0x3C, 0xFF, 0xA6, 0x00, 0x3D, 0x00, 0x20, 0x00, 0x44,
	0xFF, 0xDC, 0x00, 0x46, 0xFF, 0xDC, 0x00, 0x47, 0xFF, 0xDC, 0x00, 0x48,
	0xFF, 0xDC, 0x00, 0x49, 0xFF, 0xF4, 0x00, 0x4A, 0xFF, 0xDC, 0x00, 0x4D,
	0xFF, 0xDC, 0x00, 0x52, 0xFF, 0xDC, 0x00, 0x54, 0xFF, 0xDC, 0x00, 0x57,
	0xFF, 0xE9, 0x00, 0x58, 0xFF, 0xF6, 0x00, 0x59, 0xFF, 0xBA, 0x00, 0x5A,
	0xFF, 0xCE, 0x00, 0x5C, 0xFF, 0xBA, 0x00, 0x5D, 0x00, 0x0C, 0x00, 0x82,
	0x00, 0x0C, 0x00, 0x1B, 0x00, 0x26, 0xFF, 0xE4, 0x00, 0x2A, 0xFF, 0xE4,
	0x00, 0x2D, 0x00, 0x0C, 0x00, 0x32, 0xFF, 0xE4, 0x00, 0x34, 0xFF, 0xE4,
	0x00, 0x37, 0xFF, 0xAE, 0x00, 0x39, 0xFF, 0xB2, 0x00, 0x3A, 0xFF, 0xC2,
	0x00, 0x3B, 0x00, 0x0C, 0x00, 0x3C, 0xFF, 0xA6, 0x00, 0x3D, 0x00, 0x20,
	0x00, 0x44, 0xFF, 0xDC, 0x00, 0x46, 0xFF, 0xDC, 0x00, 0x47, 0xFF, 0xDC,
	0x00, 0x48, 0xFF, 0xDC, 0x00, 0x49, 0xFF, 0xF4, 0x00, 0x4A, 0xFF, 0xDC,
	0x00, 0x4D, 0xFF, 0xDC, 0x00, 0x52, 0xFF, 0xDC, 0x00, 0x54, 0xFF, 0xDC,
	0x00, 0x57, 0xFF, 0xEA, 0x00, 0x58, 0xFF, 0xF6, 0x00, 0x59, 0xFF, 0xBA,
	0x00, 0x5A, 0xFF, 0xCE, 0x00, 0x5C, 0xFF, 0xBA, 0x00, 0x5D, 0x00, 0x0C,
	0x00, 0x83, 0x00, 0x0C, 0x00, 0x1B, 0x00, 0x26, 0xFF, 0xE4, 0x00, 0x2A,
	0xFF, 0xE4, 0x00, 0x2D, 0x00, 0x0C, 0x00, 0x32, 0xFF, 0xE4, 0x00, 0x34,
	0xFF, 0xE4, 0x00, 0x37, 0xFF, 0xAE, 0x00, 0x39, 0xFF, 0xB2, 0x00, 0x3A,
	0xFF, 0xC2, 0x00, 0x3B, 0x00, 0x0C, 0x00, 0x3C, 0xFF, 0xA6, 0x00, 0x3D,
	0x00, 0x20, 0x00, 0x44, 0xFF, 0xDC, 0x00, 0x46, 0xFF, 0xDC, 0x00, 0x47,
	0xFF, 0xDC, 0x00, 0x48, 0xFF, 0xDC, 0x00, 0x49, 0xFF, 0xF4, 0x00, 0x4A,
	0xFF, 0xDC, 0x00, 0x4D, 0xFF, 0xDC, 0x00, 0x52, 0xFF, 0xDC, 0x00, 0x54,
	0xFF, 0xDC, 0x00, 0x57, 0xFF, 0xEA, 0x00, 0x58, 0xFF, 0xF6, 0x00, 0x59,
	0xFF, 0xBA, 0x00, 0x5A, 0xFF, 0xCE, 0x00, 0x5C, 0xFF, 0xBA, 0x00, 0x5D,
	0x00, 0x0C, 0x00, 0x84, 0x00, 0x0C, 0x00, 0x1B, 0x00, 0x26, 0xFF, 0xE4,
	0x00, 0x2A, 0xFF, 0xE4, 0x00, 0x2D, 0x00, 0x0C, 0x00, 0x32, 0xFF, 0xE4,
	0x00, 0x34, 0xFF, 0xE4, 0x00, 0x37, 0xFF, 0xAE, 0x00, 0x39, 0xFF, 0xB2,
	0x00, 0x3A, 0xFF, 0xC2, 0x00, 0x3B, 0x00, 0x0C, 0x00, 0x3C, 0xFF, 0xA6,
	0x00, 0x3D, 0x00, 0x20, 0x00, 0x44, 0xFF, 0xDC, 0x00, 0x46, 0xFF, 0xDC,
	0x00, 0x47, 0xFF, 0xDC, 0x00, 0x48, 0xFF, 0xDC, 0x00, 0x49, 0xFF, 0xF4,
	0x00, 0x4A, 0xFF, 0xDC, 0x00, 0x4D, 0xFF, 0xDC, 0x00, 0x52, 0xFF, 0xDC,
	0x00, 0x54, 0xFF, 0xDC, 0x00, 0x57, 0xFF, 0xEA, 0x00, 0x58, 0xFF, 0xF6,
	0x00, 0x59, 0xFF, 0xBA, 0x00, 0x5A, 0xFF, 0xCE, 0x00, 0x5C, 0xFF, 0xBA,
	0x00, 0x5D, 0x00, 0x0C, 0x00, 0x85, 0x00, 0x0C, 0x00, 0x1B, 0x00, 0x26,
	0xFF, 0xE4, 0x00, 0x2A, 0xFF, 0xE4, 0x00, 0x2D, 0x00, 0x0C, 0x00, 0x32,
	0xFF, 0xE4, 0x00, 0x34, 0xFF, 0xE4, 0x00, 0x37, 0xFF, 0xAE, 0x00, 0x39,
	0xFF, 0xB2, 0x00, 0x3A, 0xFF, 0xC2, 0x00, 0x3B, 0x00, 0x0C, 0x00, 0x3C,
	0xFF, 0xA6, 0x00, 0x3D, 0x00, 0x20, 0x00, 0x44, 0xFF, 0xDC, 0x00, 0x46,
	0xFF, 0xDC, 0x00, 0x47, 0xFF, 0xDC, 0x00, 0x48, 0xFF, 0xDC, 0x00, 0x49,
	0xFF, 0xF4, 0x00, 0x4A, 0xFF, 0xDC, 0x00, 0x4D, 0xFF, 0xDC, 0x00, 0x52,
	0xFF, 0xDC, 0x00, 0x54, 0xFF, 0xDC, 0x00, 0x57, 0xFF, 0xEA, 0x00, 0x58,
	0xFF, 0xF6, 0x00, 0x59, 0xFF, 0xBA, 0x00, 0x5A, 0xFF, 0xCE, 0x00, 0x5C,
	0xFF, 0xBA, 0x00, 0x5D, 0x00, 0x0C, 0x00, 0x86, 0x00, 0x0C, 0x00, 0x1B,
	0x00, 0x26, 0xFF, 0xE4, 0x00, 0x2A, 0xFF, 0xE4, 0x00, 0x2D, 0x00, 0x0C,
	0x00, 0x32, 0xFF, 0xE4, 0x00, 0x34, 0xFF, 0xE4, 0x00, 0x37, 0xFF, 0xAE,
	0x00, 0x39, 0xFF, 0xB2, 0x00, 0x3A, 0xFF, 0xC2, 0x00, 0x3B, 0x00, 0x0C,
	0x00, 0x3C, 0xFF, 0xA6, 0x00, 0x3D, 0x00, 0x20, 0x00, 0x44, 0xFF, 0xDC,
	0x00, 0x46, 0xFF, 0xDC, 0x00, 0x47, 0xFF, 0xDC, 0x00, 0x48, 0xFF, 0xDC,
	0x00, 0x49, 0xFF, 0xF4, 0x00, 0x4A, 0xFF, 0xDC, 0x00, 0x4D, 0xFF, 0xDC,
	0x00, 0x52, 0xFF, 0xDC, 0x00, 0x54, 0xFF, 0xDC, 0x00, 0x57, 0xFF, 0xEA,
	0x00, 0x58, 0xFF, 0xF6, 0x00, 0x59, 0xFF, 0xBA, 0x00, 0x5A, 0xFF, 0xCE,
	0x00, 0x5C, 0xFF, 0xBA, 0x00, 0x5D, 0x00, 0x0C, 0x00, 0x87, 0x00, 0x0C,
	0x00, 0x08, 0x00, 0x44, 0xFF, 0xF4, 0x00, 0x48, 0xFF, 0xF4, 0x00, 0x4A,
	0xFF, 0xF4, 0x00, 0x4D, 0xFF, 0xCE, 0x00, 0x52, 0xFF, 0xF4, 0x00, 0x54,
	0xFF, 0xF4, 0x00, 0x56, 0xFF, 0xF6, 0x00, 0x5D, 0x00, 0x10, 0x00, 0x10,
	0x00, 0x26, 0xFF, 0xEC, 0x00, 0x2A, 0xFF, 0xEC, 0x00, 0x32, 0xFF, 0xEC,
	0x00, 0x34, 0xFF, 0xEC, 0x00, 0x3D, 0x00, 0x0C, 0x00, 0x44, 0xFF, 0xEC,
	0x00, 0x46, 0xFF, 0xEC, 0x00, 0x47, 0xFF, 0xEC, 0x00, 0x48, 0xFF, 0xEC,
	0x00, 0x4A, 0xFF, 0xEC, 0x00, 0x52, 0xFF, 0xEC, 0x00, 0x54, 0xFF, 0xEC,
	0x00, 0x59, 0xFF, 0xEE, 0x00, 0x5A, 0xFF, 0xF4, 0x00, 0x5C, 0xFF, 0xEE,
	0x00, 0x5D, 0x00, 0x0A, 0x00, 0x0A, 0x00, 0x24, 0xFF, 0xE4, 0x00, 0x2D,
	0xFF, 0xCC, 0x00, 0x39, 0xFF, 0xE0, 0x00, 0x3A, 0xFF, 0xE8, 0x00, 0x3B,
	0xFF, 0xE4, 0x00, 0x3C, 0xFF, 0xC4, 0x00, 0x3D, 0xFF, 0xE0, 0x00, 0x4D,
	0xFF, 0xC4, 0x00, 0x59, 0xFF, 0xF4, 0x00, 0x5C, 0xFF, 0xF4, 0x00, 0x01,
	0x00, 0x4D, 0xFF, 0xC4, 0x00, 0x0A, 0x00, 0x24, 0xFF, 0xE4, 0x00, 0x2D,
	0xFF, 0xCA, 0x00, 0x37, 0xFF, 0xBA, 0x00, 0x39, 0xFF, 0xD8, 0x00, 0x3A,
	0xFF, 0xE2, 0x00, 0x3B, 0xFF, 0xD8, 0x00, 0x3C, 0xFF, 0xC4, 0x00, 0x4D,
	0xFF, 0xC4, 0x00, 0x59, 0xFF, 0xF4, 0x00, 0x5C, 0xFF, 0xF4, 0x00, 0x09,
	0x00, 0x24, 0xFF, 0xE4, 0x00, 0x2D, 0xFF, 0xCA, 0x00, 0x3B, 0xFF, 0xF6,
	0x00, 0x3C, 0xFF, 0xF6, 0x00, 0x3D, 0xFF, 0xF6, 0x00, 0x4D, 0xFF, 0xCE,
	0x00, 0x56, 0xFF, 0xF6, 0x00, 0x59, 0xFF, 0xF4, 0x00, 0x5C, 0xFF, 0xF4,
	0x00, 0x03, 0x00, 0x2D, 0xFF, 0xE0, 0x00, 0x39, 0xFF, 0xF4, 0x00, 0x4D,
	0xFF, 0xBA, 0x00, 0x0D, 0x00, 0x24, 0xFF, 0xA6, 0x00, 0x26, 0xFF, 0xCE,
	0x00, 0x2A, 0xFF, 0xC4, 0x00, 0x2D, 0xFF, 0x88, 0x00, 0x32, 0xFF, 0xC4,
	0x00, 0x34, 0xFF, 0xC4, 0x00, 0x36, 0xFF, 0xEC, 0x00, 0x37, 0x00, 0x0A,
	0x00, 0x39, 0x00, 0x0C, 0x00, 0x3A, 0x00, 0x0A, 0x00, 0x3B, 0x00, 0x0C,
	0x00, 0x3D, 0x00, 0x0C, 0x00, 0x9F, 0x00, 0x0A, 0x00, 0x0D, 0x00, 0x24,
	0xFF, 0xA6, 0x00, 0x2D, 0xFF, 0x92, 0x00, 0x37, 0xFF, 0xD6, 0x00, 0x39,
	0xFF, 0xEC, 0x00, 0x3A, 0xFF, 0xF2, 0x00, 0x3B, 0xFF, 0xE2, 0x00, 0x3C,
	0xFF, 0xD8, 0x00, 0x3D, 0xFF, 0xE2, 0x00, 0x44, 0xFF, 0xE2, 0x00, 0x46,
	0xFF, 0xE2, 0x00, 0x48, 0xFF, 0xE2, 0x00, 0x52, 0xFF, 0xE2, 0x00, 0x56,
	0xFF, 0xEC, 0x00, 0x06, 0x00, 0x44, 0xFF, 0xF6, 0x00, 0x47, 0xFF, 0xF6,
	0x00, 0x48, 0xFF, 0xF6, 0x00, 0x4D, 0xFF, 0xD4, 0x00, 0x54, 0xFF, 0xF6,
	0x00, 0x5D, 0x00, 0x0C, 0x00, 0x05, 0x00, 0x44, 0xFF, 0xF6, 0x00, 0x59,
	0xFF, 0xE4, 0x00, 0x5A, 0xFF, 0xEC, 0x00, 0x5B, 0xFF, 0xEC, 0x00, 0x5C,
	0xFF, 0xE4, 0x00, 0x01, 0x00, 0x4D, 0xFF, 0xE8, 0x00, 0x04, 0x00, 0x59,
	0xFF, 0xE2, 0x00, 0x5A, 0xFF, 0xEC, 0x00, 0x5B, 0xFF, 0xEC, 0x00, 0x5C,
	0xFF, 0xE2, 0x00, 0x03, 0x00, 0x4D, 0xFF, 0xE2, 0x00, 0x59, 0xFF, 0xEC,
	0x00, 0x5C, 0xFF, 0xEC, 0x00, 0x07, 0x00, 0x44, 0xFF, 0xF6, 0x00, 0x4D,
	0xFF, 0xC4, 0x00, 0x59, 0xFF, 0xDC, 0x00, 0x5A, 0xFF, 0xE8, 0x00, 0x5B,
	0xFF, 0xDC, 0x00, 0x5C, 0xFF, 0xDC, 0x00, 0x5D, 0xFF, 0xE2, 0x00, 0x07,
	0x00, 0x44, 0xFF, 0xF6, 0x00, 0x4D, 0xFF, 0xC4, 0x00, 0x59, 0xFF, 0xEC,
	0x00, 0x5A, 0xFF, 0xF0, 0x00, 0x5B, 0xFF, 0xEC, 0x00, 0x5C, 0xFF, 0xEC,
	0x00, 0x5D, 0xFF, 0xF6, 0x00, 0x0D, 0x00, 0x44, 0xFF, 0xCE, 0x00, 0x46,
	0xFF, 0xE6, 0x00, 0x47, 0xFF, 0xE2, 0x00, 0x48, 0xFF, 0xE4, 0x00, 0x4A,
	0xFF, 0xE0, 0x00, 0x4D, 0xFF, 0xCE, 0x00, 0x52, 0xFF, 0xDC, 0x00, 0x54,
	0xFF, 0xE2, 0x00, 0x59, 0x00, 0x0A, 0x00, 0x5A, 0x00, 0x0A, 0x00, 0x5B,
	0x00, 0x0A, 0x00, 0x5D, 0x00, 0x0A, 0x00, 0xBF, 0x00, 0x0A, 0x00, 0x07,
	0x00, 0x44, 0xFF, 0xF6, 0x00, 0x4D, 0xFF, 0xC4, 0x00, 0x59, 0xFF, 0xE4,
	0x00, 0x5A, 0xFF, 0xEA, 0x00, 0x5B, 0xFF, 0xEA, 0x00, 0x5C, 0xFF, 0xE4,
	0x00, 0x5D, 0xFF, 0xE8, 0x00, 0x0D, 0x00, 0x44, 0xFF, 0xCE, 0x00, 0x46,
	0xFF, 0xE6, 0x00, 0x47, 0xFF, 0xE2, 0x00, 0x48, 0xFF, 0xE4, 0x00, 0x4A,
	0xFF, 0xE0, 0x00, 0x4D, 0xFF, 0xCE, 0x00, 0x52, 0xFF, 0xDC, 0x00, 0x54,
	0xFF, 0xE2, 0x00, 0x59, 0x00, 0x0A, 0x00, 0x5A, 0x00, 0x0A, 0x00, 0x5B,
	0x00, 0x0A, 0x00, 0x5D, 0x00, 0x0A, 0x00, 0xC1, 0x00, 0x0A, 0x00, 0x17,
	0x00, 0x26, 0xFF, 0xCE, 0x00, 0x2A, 0xFF, 0xCE, 0x00, 0x2D, 0x00, 0x0A,
	0x00, 0x32, 0xFF, 0xCE, 0x00, 0x34, 0xFF, 0xCE, 0x00, 0x37, 0xFF, 0x8A,
	0x00, 0x38, 0xFF, 0xD8, 0x00, 0x39, 0xFF, 0xA6, 0x00, 0x3A, 0xFF, 0xBA,
	0x00, 0x3B, 0x00, 0x14, 0x00, 0x3C, 0xFF, 0xA6, 0x00, 0x3D, 0x00, 0x1E,
	0x00, 0x44, 0xFF, 0xCE, 0x00, 0x48, 0xFF, 0xCE, 0x00, 0x4D, 0xFF, 0xD8,
	0x00, 0x52, 0xFF, 0xCE, 0x00, 0x54, 0xFF, 0xCE, 0x00, 0x58, 0xFF, 0xEC,
	0x00, 0x59, 0xFF, 0xB0, 0x00, 0x5A, 0xFF, 0xBA, 0x00, 0x5B, 0x00, 0x14,
	0x00, 0x5C, 0xFF, 0xB0, 0x00, 0x5D, 0x00, 0x14, 0x00, 0x02, 0x00, 0x49,
	0x00, 0x16, 0x00, 0x4D, 0xFF, 0xE2, 0x00, 0x05, 0x00, 0x37, 0xFF, 0xEC,
	0x00, 0x39, 0xFF, 0xEC, 0x00, 0x3A, 0xFF, 0xF0, 0x00, 0x3B, 0xFF, 0xF0,
	0x00, 0x3C, 0xFF, 0xEC, 0x00, 0x03, 0x00, 0x4D, 0xFF, 0xDC, 0x00, 0x59,
	0xFF, 0xF4, 0x00, 0x5C, 0xFF, 0xF4, 0x00, 0x0D, 0x00, 0x24, 0xFF, 0xA6,
	0x00, 0x26, 0xFF, 0xCE, 0x00, 0x2A, 0xFF, 0xC4, 0x00, 0x2D, 0xFF, 0x88,
	0x00, 0x32, 0xFF, 0xC4, 0x00, 0x34, 0xFF, 0xC4, 0x00, 0x36, 0xFF, 0xEC,
	0x00, 0x37, 0x00, 0x0A, 0x00, 0x39, 0x00, 0x0C, 0x00, 0x3A, 0x00, 0x0A,
	0x00, 0x3B, 0x00, 0x0C, 0x00, 0x3D, 0x00, 0x0C, 0x00, 0xC9, 0x00, 0x0A,
	0x00, 0x11, 0x00, 0x24, 0x00, 0x20, 0x00, 0x26, 0xFF, 0xEC, 0x00, 0x2A,
	0xFF, 0xE2, 0x00, 0x2D, 0x00, 0x0A, 0x00, 0x32, 0xFF, 0xD8, 0x00, 0x34,
	0xFF, 0xD8, 0x00, 0x37, 0x00, 0x0A, 0x00, 0x39, 0x00, 0x0C, 0x00, 0x3A,
	0x00, 0x0C, 0x00, 0x3B, 0x00, 0x0C, 0x00, 0x3C, 0x00, 0x0C, 0x00, 0x44,
	0xFF, 0xD8, 0x00, 0x48, 0xFF, 0xD8, 0x00, 0x52, 0xFF, 0xD8, 0x00, 0x58,
	0xFF, 0xF4, 0x00, 0x5A, 0xFF, 0xF4, 0x00, 0x5C, 0xFF, 0xF0, 0x00, 0x0C,
	0x00, 0x46, 0xFF, 0xF2, 0x00, 0x47, 0xFF, 0xEA, 0x00, 0x48, 0xFF, 0xF4,
	0x00, 0x49, 0x00, 0x1E, 0x00, 0x4A, 0xFF, 0xE6, 0x00, 0x4D, 0xFF, 0xE2,
	0x00, 0x52, 0xFF, 0xE8, 0x00, 0x54, 0xFF, 0xE8, 0x00, 0x59, 0x00, 0x0A,
	0x00, 0x5A, 0x00, 0x0A, 0x00, 0x5B, 0x00, 0x0A, 0x00, 0x5C, 0x00, 0x0A,
	0x00, 0x02, 0x00, 0x11, 0x00, 0x13, 0x00, 0x1C, 0x00, 0x00, 0x00, 0x24,
	0x00, 0x3D, 0x00, 0x0A, 0x00, 0x44, 0x00, 0x53, 0x00, 0x24, 0x00, 0x55,
	0x00, 0x5D, 0x00, 0x34, 0x00, 0x77, 0x00, 0x77, 0x00, 0x3D, 0x00, 0x82,
	0x00, 0x87, 0x00, 0x3E, 0x00, 0x89, 0x00, 0x8D, 0x00, 0x44, 0x00, 0x92,
	0x00, 0x98, 0x00, 0x49, 0x00, 0x9A, 0x00, 0xA0, 0x00, 0x50, 0x00, 0xA2,
	0x00, 0xA7, 0x00, 0x57, 0x00, 0xA9, 0x00, 0xB0, 0x00, 0x5D, 0x00, 0xB2,
	0x00, 0xB6, 0x00, 0x65, 0x00, 0xB8, 0x00, 0xB8, 0x00, 0x6A, 0x00, 0xBA,
	0x00, 0xC1, 0x00, 0x6B, 0x00, 0xC3, 0x00, 0xC4, 0x00, 0x73, 0x00, 0xC7,
	0x00, 0xCB, 0x00, 0x75, 0x00, 0xD8, 0x00, 0xD8, 0x00, 0x7A, 0x00, 0x00,
	0x00, 0x00, 0x00, 0x01, 0x00, 0x00, 0x00, 0x00, 0xD2, 0x04, 0x14, 0x05,
	0x00, 0x00, 0x00, 0x00, 0xCD, 0x0E, 0x40, 0x70, 0x00, 0x00, 0x00, 0x00,
	0xCE, 0x7C, 0x77, 0x01
};
static const int kamerik_bold_size = 50644;
